Date,Open,High,Low,Close,Volume,Dividends,Stock Splits
2000-01-03,23.358855527990006,23.419527880010758,22.084736135554188,22.69145965576172,20275200,0.0,0.0
2000-01-04,21.478010684768588,21.910301154059482,20.962295738947873,20.992631912231445,19410000,0.0,0.0
2000-01-05,20.408663783353916,21.17465227912454,19.506162486356846,20.62860107421875,25034000,0.0,0.0
2000-01-06,20.385917513978246,20.749951755299286,18.565746307373047,18.565746307373047,19321600,0.0,0.0
2000-01-07,19.627507962678607,20.871291311163652,19.627507962678607,20.74994659423828,18058800,0.0,0.0
2000-01-10,21.66003500045366,21.872388284771834,21.14431988139524,21.713123321533203,15488400,0.0,0.0
2000-01-11,21.098811833998734,21.34150125840131,20.370743560791016,20.62860107421875,11361200,0.0,0.0
2000-01-12,20.871297737093634,21.265668188521275,20.53759966280871,20.704448699951172,10398000,0.0,0.0
2000-01-13,21.584189516774725,21.720702310626425,21.12156282649951,21.59935760498047,9789200,0.0,0.0
2000-01-14,22.008897042792775,22.43360353293626,21.96339277599169,22.32742691040039,10158400,0.0,0.0
2000-01-18,21.84204677365861,21.99372765403124,21.569021188987875,21.705533981323242,11217600,0.0,0.0
2000-01-19,21.273245294888813,21.902721002366807,21.273245294888813,21.84204864501953,8918400,0.0,0.0
2000-01-20,21.955811032333692,21.978563168118495,21.40217572823685,21.81171417236328,7726800,0.0,0.0
2000-01-21,21.82688076173937,22.653541638400103,21.54627110635912,22.448772430419922,13140400,0.0,0.0
2000-01-24,22.53978075451321,22.68387760321299,21.493182590272692,21.84204864501953,14712000,0.0,0.0
2000-01-25,21.849636943613895,22.319847804601075,21.72070815914967,22.206087112426758,9765200,0.0,0.0
2000-01-26,22.084742374107485,22.50186491207998,22.02407000494785,22.206087112426758,9683600,0.0,0.0
2000-01-27,21.720708457027833,22.145415046969717,21.113984757110853,21.660036087036133,12648000,0.0,0.0
2000-01-28,22.63078840733567,22.934150182232933,21.242908287180704,21.857215881347656,17278000,0.0,0.0
2000-01-31,22.06198614867958,22.630789504180083,21.493182793179074,22.448772430419922,13581600,0.0,0.0
2000-02-01,22.266760647781496,23.176846232840685,21.538692179734145,22.388105392456055,33697600,0.0,0.0
2000-02-02,22.433607036067592,22.661128405601747,22.11507711871978,22.570119857788086,17514800,0.0,0.0
2000-02-03,22.57012225672142,23.54088020324707,22.448777513405712,23.54088020324707,19432800,0.0,0.0
2000-02-04,23.252684887498617,23.72289573649565,23.055499692757923,23.298189163208008,12446400,0.0,0.0
2000-02-07,23.502959856037037,23.59396841307881,23.237518231331876,23.37403106689453,9087200,0.0,0.0
2000-02-08,23.904903282239598,24.997005462646484,23.844230938883662,24.997005462646484,17232400,0.0,0.0
2000-02-09,24.928757792448568,25.330712207720786,24.435794830322266,24.435794830322266,15762800,0.0,0.0
2000-02-10,24.511639780073022,24.67848881322946,24.056596962373646,24.390295028686523,13225600,0.0,0.0
2000-02-11,23.9504172245258,24.155186466154106,23.480206373379314,23.9049129486084,11219200,0.0,0.0
2000-02-14,23.60155000349333,23.904911828731034,23.2223477219462,23.586381912231445,11966800,0.0,0.0
2000-02-15,23.11616557056367,23.44986349874766,22.82797190531386,23.176837921142578,14093600,0.0,0.0
2000-02-16,22.714216987028816,23.41953324071619,22.691464849813098,22.903818130493164,16730000,0.0,0.0
2000-02-17,23.229932222058697,23.662222831479966,22.918986345106557,23.510541915893555,13523200,0.0,0.0
2000-02-18,23.79872910856377,23.844233370721636,22.994820477108142,23.047908782958984,10458400,0.0,0.0
2000-02-22,23.935249023139477,24.086929942170777,23.161676336079836,23.298189163208008,14034800,0.0,0.0
2000-02-23,24.322025642811674,24.997005462646484,23.874567110561628,24.997005462646484,12804800,0.0,0.0
2000-02-24,24.61781225533321,24.80741339716418,24.223441880324792,24.632980346679688,11016800,0.0,0.0
2000-02-25,24.481299951354348,25.072855526387073,24.314450943011785,24.860502243041992,10827600,0.0,0.0
2000-02-28,24.306868456973067,24.8756719310052,23.96558637255379,24.663318634033203,12043600,0.0,0.0
2000-02-29,24.42062733455629,24.42062733455629,23.874576040119006,24.086929321289062,13938400,0.0,0.0
2000-03-01,24.208274505274467,24.450963973999023,24.08692977091219,24.450963973999023,10253200,0.0,0.0
2000-03-02,24.329621629894906,26.195297104007793,24.314453536609435,25.725086212158203,18084000,0.0,0.0
2000-03-03,26.21046268238741,26.862690631081076,26.119454131406897,26.81718635559082,11078800,0.0,0.0
2000-03-06,27.241891536754753,27.55283740340479,27.120546808305956,27.484580993652344,9673600,0.0,0.0
2000-03-07,27.120547124513685,27.22672376314433,26.210461650536715,26.36214256286621,9668000,0.0,0.0
2000-03-08,26.119453231658124,26.14978941427329,24.87566974443631,25.649242401123047,12309200,0.0,0.0
2000-03-09,25.543063503878933,26.05119451776251,25.17902934467876,26.0284423828125,11041600,0.0,0.0
2000-03-10,26.422813127207203,26.74892706649248,25.98293851142706,26.089115142822266,10617200,0.0,0.0
2000-03-13,24.875667926877046,26.346972676210626,24.875667926877046,26.089115142822266,14619200,0.0,0.0
2000-03-14,26.21046673125851,26.43798814385624,24.936346820711222,25.05769157409668,12011600,0.0,0.0
2000-03-15,24.511625990575673,24.693643015258164,23.298179159359055,23.783557891845703,26281600,0.0,0.0
2000-03-16,23.90490375178875,24.87566126455175,22.084733415358137,24.511627197265625,26679600,0.0,0.0
2000-03-17,23.904910471083,24.511634087100337,23.7228933862778,24.25377655029297,12868000,0.0,0.0
2000-03-20,24.268937819074875,25.285199590248638,24.170345259184884,24.511627197265625,14041200,0.0,0.0
2000-03-21,24.193099435621402,25.86917309558138,23.90490577463281,25.664403915405273,14905600,0.0,0.0
2000-03-22,25.444468888517928,26.741340477172642,25.072850713991137,26.574491500854492,15502800,0.0,0.0
2000-03-23,26.591787379508542,26.88099399668694,26.150366753288882,26.744001388549805,13121200,0.19175,0.0
2000-03-24,26.667891892810797,27.75622195578795,26.607006294882005,27.215862274169922,16860400,0.0,0.0
2000-03-27,27.444187660839248,28.418357383686565,27.444187660839248,28.00737953186035,13759600,0.0,0.0
2000-03-28,27.999767173108435,28.129149081763735,27.35285762983194,27.50507164001465,12016800,0.0,0.0
2000-03-29,27.680115897174275,27.885604797153295,26.54612159729004,26.54612159729004,15245600,0.0,0.0
2000-03-30,25.084860824511953,26.211244138233972,24.597776148307837,25.45017433166504,23102800,0.0,0.0
2000-03-31,25.69372915147661,27.078876872320432,25.336026168621338,27.033212661743164,17523200,0.0,0.0
2000-04-03,25.632835531872068,26.051423998099196,24.719551605558337,25.05442237854004,21856000,0.0,0.0
2000-04-04,25.023985656626493,25.267528096107043,22.253690407535238,24.93265724182129,48162400,0.0,0.0
2000-04-05,22.999536120112815,25.556731400178304,22.862543515823592,24.23246955871582,31020000,0.0,0.0
2000-04-06,25.57194725485409,25.876375198364258,24.993534162184773,25.876375198364258,17236000,0.0,0.0
2000-04-07,26.553731097041865,27.642061147737476,26.3025780084198,27.413740158081055,19869600,0.0,0.0
2000-04-10,27.15498113414468,27.45940917376514,25.815497759814676,26.667896270751953,18623200,0.0,0.0
2000-04-11,24.53689999340876,27.0332099182965,23.98892952209194,26.667896270751953,19634100,0.0,4.0
2000-04-12,25.81549198466136,26.180805550482038,23.80626737264762,24.293352127075195,17563000,0.0,0.0
2000-04-13,24.171582621596468,25.69372258517307,23.136527446364376,23.684497833251953,17036400,0.0,0.0
2000-04-14,22.64944795461801,23.136532856867863,20.701108345618614,22.162363052368164,26852600,0.0,0.0
2000-04-17,21.67527474088622,25.57195334598936,21.431732328067273,24.719554901123047,20598700,0.0,0.0
2000-04-18,23.86715471773542,25.328409088209018,23.532283924501886,25.02398109436035,14779000,0.0,0.0
2000-04-19,25.328409830729164,25.389295431283802,23.623613015199318,23.745384216308594,10493700,0.0,0.0
2000-04-20,24.689112283251614,24.749997886909448,23.380071804608185,23.988927841186523,8721200,0.0,0.0
2000-04-24,22.771217465400696,23.44095915555954,21.979704558849335,23.38007354736328,9937500,0.0,0.0
2000-04-25,23.86715747833252,24.658670353889466,23.562729449272155,24.3542423248291,8400600,0.0,0.0
2000-04-26,24.84132550710655,25.72416673223656,24.628225901040686,25.26752471923828,10310600,0.0,0.0
2000-04-27,25.54150956764556,28.00737640313935,25.511066767207364,27.76383399963379,23768800,0.0,0.0
2000-04-28,28.068263816195586,28.250920630617685,27.307193756103516,27.307193756103516,14127600,0.0,0.0
2000-05-01,28.129156122720154,29.2250972703586,27.611628358557553,28.890226364135742,10216300,0.0,0.0
2000-05-02,28.738007068634033,29.2250919342041,27.276752471923828,27.276752471923828,10491600,0.0,0.0
2000-05-03,27.398520942748064,27.42896374379556,26.089480497705654,27.063650131225586,9330200,0.0,0.0
2000-05-04,26.911438822746277,27.794280141592026,26.576567977666855,27.276752471923828,6041000,0.0,0.0
2000-05-05,27.03320678911711,28.250918806644908,27.002763988678915,27.76383399963379,7239000,0.0,0.0
2000-05-08,26.728775214265895,27.002760381610308,26.180804879577074,26.302576065063477,5308200,0.0,0.0
2000-05-09,26.698333554367455,26.759219149702385,25.328407659331496,26.24169158935547,6591600,0.0,0.0
2000-05-10,24.963097499711864,25.054425905198617,23.62361421923952,23.988927841186523,14662800,0.0,0.0
2000-05-11,25.57195045965181,25.632836055984313,24.719552110996748,25.389293670654297,9003100,0.0,0.0
2000-05-12,26.241688648219487,27.002758504606362,26.02858908843116,26.454788208007812,6947300,0.0,0.0
2000-05-15,26.454787658726005,27.276743086557538,25.815488992634812,26.850543975830078,5503000,0.0,0.0
2000-05-16,27.428961977494502,27.824718365627053,26.941877192100595,27.52029037475586,8348000,0.0,0.0
2000-05-17,26.393910683285107,27.276751986416905,26.211253861947494,26.7896671295166,6001000,0.0,0.0
2000-05-18,27.033202549196638,27.09408814052366,25.81549072265625,25.81549072265625,4131000,0.0,0.0
2000-05-19,24.96309366441311,25.26752163593034,23.50183940113039,24.293352127075195,16215400,0.0,0.0
2000-05-22,23.410514095286633,23.86715611274996,21.857931235911316,23.501842498779297,17072000,0.0,0.0
2000-05-23,23.258298789130315,23.745383580525715,21.91881561279297,21.91881561279297,11044600,0.0,0.0
2000-05-24,21.949261754751205,23.623615980148315,21.157748848199844,23.38007354736328,15652000,0.0,0.0
2000-05-25,23.92804152914818,24.47601194584623,22.405901482764712,22.892986297607422,11655700,0.0,0.0
2000-05-26,23.258302330970764,23.89760121703148,22.740774661302567,23.38007354736328,5842400,0.0,0.0
2000-05-30,24.841321297062255,25.328406028377202,24.597778931404783,25.084863662719727,8093300,0.0,0.0
2000-05-31,25.084866798841034,25.906822385696263,24.749996004196312,25.32840919494629,9143700,0.0,0.0
2000-06-01,26.059035646558996,27.88560356571033,26.059035646558996,27.48984718322754,17272100,0.0,0.0
2000-06-02,28.250917099064512,28.85977307102711,27.885603515886952,28.37268829345703,15663000,0.0,0.0
2000-06-05,27.7029483987574,28.250918806644908,27.39852039437545,27.76383399963379,7460400,0.0,0.0
2000-06-06,27.672506550992473,27.946491764368638,27.033207719781426,27.094093322753906,5548500,0.0,0.0
2000-06-07,27.398511664620763,28.40312375899019,27.033198175759154,28.25090980529785,6322600,0.0,0.0
2000-06-08,28.494460859673513,28.494460859673513,27.642062457888407,27.885604858398438,6338900,0.0,0.0
2000-06-09,28.3422454948589,28.49445948784955,27.824717918690695,28.37268829345703,7132500,0.0,0.0
2000-06-12,28.494461928741842,28.920661145624734,28.43357632633,28.85977554321289,6595400,0.0,0.0
2000-06-13,28.49445692021796,28.7988848787673,27.916043798974222,28.616228103637695,6305000,0.0,0.0
2000-06-14,28.859775105859065,29.164203113304836,28.403133094690407,28.6771183013916,7426700,0.0,0.0
2000-06-15,28.34224424940167,28.372687046662037,27.702945506933965,28.1291446685791,5226400,0.0,0.0
2000-06-16,28.31180014508836,29.13375563317157,27.885601003119287,28.616228103637695,6016600,0.0,0.0
2000-06-19,28.64666976158065,30.199252288510102,28.342241815123895,30.13836669921875,9755100,0.0,0.0
2000-06-20,30.047044269374158,30.44280067819064,28.98154624563749,29.712173461914062,9657800,0.0,0.0
2000-06-21,29.07287464767206,30.07748707005235,28.890217843602915,29.712173461914062,6386800,0.0,0.0
2000-06-22,28.646673940979277,28.85977353458911,26.363464009445327,27.52029037475586,24223600,0.0,0.0
2000-06-23,27.581186724380707,27.61162953533477,24.963104982331323,25.937274932861328,20453000,0.0,0.0
2000-06-26,26.546126035717425,26.789668476412082,25.20664261189682,25.693727493286133,15562400,0.0,0.0
2000-06-27,25.41973872357104,25.93726633830243,24.871768307973102,25.26752471923828,14458100,0.0,0.0
2000-06-28,25.145755635301764,25.45018366962745,23.50184424994305,24.53689956665039,23330900,0.0,0.0
2000-06-29,23.623613703436185,24.04981291973529,22.5276728615242,23.501842498779297,26620400,0.0,0.0
2000-06-30,24.415125336977514,24.96309573107427,24.080254540585056,24.597782135009766,14130000,0.0,0.0
2000-07-03,25.054422890825524,25.511064863319305,24.84132330366176,25.389293670654297,7377700,0.0,0.0
2000-07-05,25.815487408878827,25.815487408878827,24.11069107055664,24.11069107055664,10443100,0.0,0.0
2000-07-06,24.78043880370947,25.450180392998917,24.567339207117374,25.32840919494629,8445200,0.0,0.0
2000-07-07,26.11991928683387,26.485232843293087,25.541506155773448,26.302576065063477,9552700,0.0,0.0
2000-07-10,26.45479762045693,26.698340061151583,25.693727493286133,25.693727493286133,6555700,0.0,0.0
2000-07-11,25.41973881494431,25.998152033487955,24.415126382736933,25.57195281982422,10737500,0.0,0.0
2000-07-12,26.15036603836786,26.272137242271786,24.476011984688895,25.57195281982422,9630800,0.0,0.0
2000-07-13,26.72877927495344,27.15497848890486,26.393908463991608,26.911436080932617,17225800,0.0,0.0
2000-07-14,27.215866379304366,27.276751986416905,26.3025822726163,26.7896671295166,8118000,0.0,0.0
2000-07-17,27.45940589904785,28.037819105347086,26.789664291754004,27.45940589904785,6685200,0.0,0.0
2000-07-18,27.215857499310758,27.368071467427708,26.637444420466345,26.850543975830078,8816100,0.0,0.0
2000-07-19,26.211245936225442,26.363459907980527,25.632832843556123,25.876375198364258,7824100,0.0,0.0
2000-07-20,25.87637999735841,26.85054959725896,25.845937197361515,26.54612159729004,9056800,0.0,0.0
2000-07-21,26.63744863916616,26.63744863916616,25.815493081157605,25.998149871826172,9042800,0.0,0.0
2000-07-24,26.39391103509354,26.789667486600134,26.05904019151104,26.667896270751953,5385100,0.0,0.0
2000-07-25,26.180808857015894,27.3985208968771,25.937266449043655,26.911436080932617,9080100,0.0,0.0
2000-07-26,26.789653303908874,27.24629512158914,26.11991197131115,27.185409545898438,6937400,0.0,0.0
2000-07-27,21.188188526728382,21.979701316519957,19.54427734793049,20.000919342041016,116022800,0.0,0.0
2000-07-28,21.553502201183715,21.91881579781395,20.701103809046508,21.340402603149414,43318000,0.0,0.0
2000-07-31,21.827488595789127,21.91881699995561,21.218632568012584,21.431732177734375,17045800,0.0,0.0
2000-08-01,21.736161265070038,21.797046870854548,20.76199157251788,21.06641960144043,13550000,0.0,0.0
2000-08-02,19.970474833533878,20.761987555594672,19.726932457515172,20.45755958557129,21085200,0.0,0.0
2000-08-03,18.81365158499741,20.15313486936616,18.509223565822694,19.970478057861328,31744300,0.0,0.0
2000-08-04,20.214020668705807,20.214020668705807,18.996308580229556,19.239850997924805,15998100,0.0,0.0
2000-08-07,19.209409200949747,19.239852004754738,18.296125086799996,18.570110321044922,29125700,0.0,0.0
2000-08-08,18.99631118774414,19.483396089993988,18.63099751105675,18.99631118774414,18209200,0.0,0.0
2000-08-09,19.75738179385662,20.061809864640235,19.270296880602835,19.483396530151367,21687200,0.0,0.0
2000-08-10,19.757378444439027,20.244463275118573,19.452950425264312,19.970478057861328,12627200,0.0,0.0
2000-08-11,19.97047548408968,20.214017868041992,19.51383351417909,20.214017868041992,7315900,0.0,0.0
2000-08-14,20.09224774086312,20.3053473381147,19.940033742826277,20.000919342041016,9541600,0.0,0.0
2000-08-15,19.9095946695203,19.970480280130452,19.422509784639068,19.544281005859375,12665900,0.0,0.0
2000-08-16,19.513831140127014,19.726930700159603,18.87453246002925,19.148517608642578,15032200,0.0,0.0
2000-08-17,19.23985413060044,20.42712361017863,18.996311673251064,20.092252731323242,14311500,0.0,0.0
2000-08-18,20.122692067448686,20.335791680870987,19.879149652108914,19.970478057861328,9142900,0.0,0.0
2000-08-21,20.24446066603603,20.488003049988343,20.092246676065834,20.214017868041992,8473600,0.0,0.0
2000-08-22,20.67066274370466,21.066419173260122,20.488005930063675,20.88376235961914,13074000,0.0,0.0
2000-08-23,20.45755886501736,20.701101232458043,20.092245313856335,20.548887252807617,9244200,0.0,0.0
2000-08-24,20.548896018616453,20.761995681031735,20.09225388486942,20.335796356201172,10705700,0.0,0.0
2000-08-25,20.427124011981952,20.518452435284406,20.00092470323717,20.27490997314453,7012000,0.0,0.0
2000-08-28,20.18357767128363,20.36623448278846,19.879149652108914,19.970478057861328,7927900,0.0,0.0
2000-08-29,19.879143069815377,20.061799820839717,19.72692911062843,19.75737190246582,7111200,0.0,0.0
2000-08-30,20.092253148908444,20.57933807373047,20.092253148908444,20.57933807373047,9849500,0.0,0.0
2000-08-31,21.09685666334696,21.91881211776307,21.06641386873895,21.797040939331055,15403000,0.0,0.0
2000-09-01,22.710329492041406,23.380071112450132,22.497229885547718,22.892986297607422,17607200,0.0,0.0
2000-09-05,22.98431715711492,23.136531178022967,21.52306255639768,21.736162185668945,15551500,0.0,0.0
2000-09-06,21.218632480940144,21.49261769231527,21.096861275884535,21.127304077148438,12879500,0.0,0.0
2000-09-07,21.340401541715288,21.705715120175462,21.27951594530526,21.55350112915039,11921800,0.0,0.0
2000-09-08,21.096858322620392,21.15774391662507,20.45755958557129,20.45755958557129,10036900,0.0,0.0
2000-09-11,20.548885429606717,21.12729850095861,20.396671463461484,20.701099395751953,9735100,0.0,0.0
2000-09-12,20.97509002685547,21.340403641256437,20.822876020855066,20.97509002685547,12290300,0.0,0.0
2000-09-13,20.60978278072401,21.249081803464342,20.518454348903962,21.188196182250977,9918900,0.0,0.0
2000-09-14,21.644832964496533,21.94926099493952,21.18819091883205,21.523061752319336,9659100,0.0,0.0
2000-09-15,21.523059005737306,22.010143792288645,21.066417018345426,21.309959411621094,10631800,0.0,0.0
2000-09-18,21.55350400963608,21.766603625550562,20.457563127790177,20.88376235961914,8566400,0.0,0.0
2000-09-19,21.09686002731323,22.010144011179605,20.914203230539957,21.91881561279297,10359600,0.0,0.0
2000-09-20,21.462174935402277,21.55350333938271,20.457562491617487,21.279518127441406,10788100,0.0,0.0
2000-09-21,20.214015159487353,20.518443098636258,18.996303402891726,19.422502517700195,11206100,0.0,0.0
2000-09-22,19.7269366064737,21.309962383536405,19.7269366064737,20.94464874267578,11367000,0.0,0.0
2000-09-25,21.15775219694583,21.279523432611704,20.183582311618828,20.335796356201172,7770600,0.0,0.0
2000-09-26,20.457560251994305,20.670659837952577,19.696490302143324,20.214017868041992,10174900,0.0,0.0
2000-09-27,20.579326547727995,20.731540501483376,19.605157243693533,19.84869956970215,12140200,0.0,0.0
2000-09-28,19.3616234932237,20.214022011793297,19.087638255112044,19.94003677368164,11576100,0.0,0.0
2000-09-29,19.270289167351677,19.909587860107422,19.239846372458548,19.909587860107422,11584300,0.0,0.0
2000-10-02,19.69648766293421,20.03135839599801,19.23984575421085,19.422502517700195,9595100,0.0,0.0
2000-10-03,20.183576433746904,20.488004434255906,19.544277632677996,19.7269344329834,8509900,0.0,0.0
2000-10-04,19.27029619825647,20.183580378268626,19.20941058625566,20.0313663482666,8636100,0.0,0.0
2000-10-05,19.78782143773912,19.94003544879865,19.02675138244146,19.239850997924805,8366500,0.0,0.0
2000-10-06,18.996308739505597,19.118079949374224,17.839482245753654,18.357009887695312,13849700,0.0,0.0
2000-10-09,17.839478009455913,18.174348757073687,17.261064899934304,18.02213478088379,11075900,0.0,0.0
2000-10-10,17.04796600341797,17.29150837489537,16.682652446201867,17.04796600341797,17308500,0.0,0.0
2000-10-11,15.221398139634513,16.408667194526004,15.221398139634513,16.012910842895508,19869700,0.0,0.0
2000-10-12,16.31734119909331,16.499998003560773,13.9428027410163,14.3385591506958,25210600,0.0,0.0
2000-10-13,14.673430979026937,16.16512831921847,14.673430979026937,16.134685516357422,21007300,0.0,0.0
2000-10-16,16.347780061175293,16.560879615045362,15.830252573205126,16.043352127075195,9361400,0.0,0.0
2000-10-17,15.830259614466648,15.952030842270238,14.582104529479855,14.947418212890625,13905300,0.0,0.0
2000-10-18,13.94280245701472,15.099628861745199,13.455717655022939,14.612544059753418,23823700,0.0,0.0
2000-10-19,18.35701069440998,19.118080789534773,17.59594059928519,18.570110321044922,38493800,0.0,0.0
2000-10-20,18.022144275038627,19.209413914779347,17.83948740738621,19.087642669677734,22699100,0.0,0.0
2000-10-23,18.509228515625,19.057199096679685,18.29612884521484,19.026756286621094,12111100,0.0,0.0
2000-10-24,19.39206810891628,20.274909514188767,19.239854073524473,19.483396530151367,14746500,0.0,0.0
2000-10-25,18.87453760641823,19.30073684269219,18.417895567553273,18.66143798828125,12170800,0.0,0.0
2000-10-26,18.539666430876746,18.996308461193905,17.413282756094414,18.7832088470459,15442300,0.0,0.0
2000-10-27,19.209405505467974,20.00091825212751,18.84409193008665,19.17896270751953,11134900,0.0,0.0
2000-10-30,19.3007339597687,19.757375930425688,18.96586318128691,19.3311767578125,8773800,0.0,0.0
2000-10-31,19.879145499558476,20.822872161865234,19.78781711288363,20.822872161865234,12714500,0.0,0.0
2000-11-01,20.214020081002996,21.37084653142184,20.153134478349372,21.279518127441406,10178300,0.0,0.0
2000-11-02,21.066418518153725,21.401289332748654,20.761990504885606,21.279518127441406,10204000,0.0,0.0
2000-11-03,21.370844280736712,21.614386665702373,21.005530703288223,21.401287078857422,7788500,0.0,0.0
2000-11-06,21.37084949668084,21.401292302231667,20.274908496851054,20.609779357910156,7151900,0.0,0.0
2000-11-07,20.122691803547873,20.548891024803048,19.87914939140206,20.396677017211914,7133200,0.0,0.0
2000-11-08,20.42711853654417,20.518446935366278,19.87914814361154,20.000919342041016,5745800,0.0,0.0
2000-11-09,19.483392177483974,20.427118986080853,19.392063776652016,20.183576583862305,10514100,0.0,0.0
2000-11-10,19.45295244104722,19.60516646640753,18.265683043236827,18.630996704101562,10181900,0.0,0.0
2000-11-13,17.77859588470713,18.539665914018222,16.987083054223593,18.296123504638672,19350100,0.0,0.0
2000-11-14,19.057189222864498,19.97047305143628,18.81364686857869,19.8791446685791,10220600,0.0,0.0
2000-11-15,20.092245497249078,20.57933023657633,19.970474312417267,20.12268829345703,11560500,0.0,0.0
2000-11-16,19.666053372621537,19.970481443405152,19.361625301837922,19.483396530151367,7926500,0.0,0.0
2000-11-17,19.90958872000136,20.335787866912703,19.605160757921826,20.12268829345703,7667800,0.0,0.0
2000-11-20,19.5747190808493,19.787818666488405,19.057191515725755,19.17896270751953,8217500,0.0,0.0
2000-11-21,19.14851538242738,20.122684686461838,18.996301428671995,19.84869956970215,7834400,0.0,0.0
2000-11-22,19.392062353900098,19.66604753629429,18.783206393024113,19.3311767578125,6824200,0.0,0.0
2000-11-24,20.27490696899958,20.6097778048239,20.21402136248607,20.488006591796875,4528000,0.0,0.0
2000-11-27,20.670662100905172,21.5230605380559,20.60977649825155,21.279518127441406,12738400,0.0,0.0
2000-11-28,20.761987555594672,21.066415525618055,20.45755958557129,20.45755958557129,10713700,0.0,0.0
2000-11-29,20.60977593424749,21.06641794165327,20.244462328322868,20.64021873474121,11745600,0.0,0.0
2000-11-30,20.366230228490995,20.822872161865234,19.726931521767064,20.822872161865234,15164900,0.0,0.0
2000-12-01,21.157748045846073,21.94926092238132,20.97509122818409,21.2186336517334,16957500,0.0,0.0
2000-12-04,21.431733761395513,21.797047405055665,21.30996254684213,21.705718994140625,10426700,0.0,0.0
2000-12-05,22.832099538649956,25.267523489439284,22.832099538649956,25.02398109436035,36215800,0.0,0.0
2000-12-06,24.902209896820885,26.180807470985282,24.536896304202486,25.02398109436035,25213800,0.0,0.0
2000-12-07,23.897599973548918,24.810884048971168,23.897599973548918,24.62822723388672,16822400,0.0,0.0
2000-12-08,25.08486963118085,25.2066408429827,24.23247114856791,24.50645637512207,12476300,0.0,0.0
2000-12-11,24.32379693796139,24.8413245323861,24.232468538945266,24.597782135009766,11230800,0.0,0.0
2000-12-12,24.506454026147033,24.567339626211997,24.080254825692304,24.32379722595215,8835000,0.0,0.0
2000-12-13,24.11070556640625,24.11070556640625,23.258306884765624,23.440963745117188,8758200,0.0,0.0
2000-12-14,23.53228036500995,24.202021850171942,23.288738006769226,23.56272315979004,9420300,0.0,0.0
2000-12-15,23.0451979240847,23.288740306373576,22.466784766148624,22.7103271484375,14163900,0.0,0.0
2000-12-18,22.89299040574294,23.136532856867863,21.736163762899544,22.162363052368164,12564300,0.0,0.0
2000-12-19,22.192805858758778,23.867160210242638,22.101477439586933,22.162363052368164,14884400,0.0,0.0
2000-12-20,21.401292618284835,21.583949454287264,19.60516706426093,20.0313663482666,21714800,0.0,0.0
2000-12-21,20.214021518569968,20.88376319539006,18.874538164929792,19.452951431274414,24576800,0.0,0.0
2000-12-22,20.366234087637054,21.70571734601677,20.366234087637054,21.279518127441406,10014000,0.0,0.0
2000-12-26,21.583943806951574,21.583943806951574,20.792431058036563,21.249073028564453,5938200,0.0,0.0
2000-12-27,21.188189766623758,21.888374198566783,21.06641856106845,21.431732177734375,6152600,0.0,0.0
2000-12-28,21.309960928768216,21.67527454468996,20.82287610753923,21.279518127441406,5578900,0.0,0.0
2000-12-29,21.492624288317803,21.918823636811354,21.188196182250977,21.188196182250977,6353000,0.0,0.0
2001-01-02,21.70571275880213,21.85792673326778,19.81825947542803,19.909587860107422,13289000,0.0,0.0
2001-01-03,18.935424537925453,22.16236183860085,18.87453892847875,21.766605377197266,22359800,0.0,0.0
2001-01-04,21.553504555363634,22.22324622233821,21.218633721876348,21.523061752319336,12330700,0.0,0.0
2001-01-05,21.888377191044906,22.040591218799044,20.244465691300228,20.609779357910156,15314300,0.0,0.0
2001-01-08,20.427112565524336,21.127296751823977,20.122684658437535,21.005525588989258,6974700,0.0,0.0
2001-01-09,18.143905397060376,19.239845991513686,17.59593509983372,19.148517608642578,32720800,0.0,0.0
2001-01-10,18.35701010464492,19.422508203587828,18.23523889333716,19.270294189453125,17144700,0.0,0.0
2001-01-11,19.08763372046607,20.73154475859233,19.05719092346373,20.45755958557129,14829900,0.0,0.0
2001-01-12,20.396677720222588,20.457563325357583,20.000921286845138,20.153135299682617,7816900,0.0,0.0
2001-01-16,19.452947889055523,19.5747190808493,18.874534728035094,19.17896270751953,8420400,0.0,0.0
2001-01-17,19.726932460375558,19.84870364840257,19.209404911260766,19.574718475341797,8610400,0.0,0.0
2001-01-18,19.909592454026384,20.548891294293288,19.7878212463565,19.970478057861328,10493100,0.0,0.0
2001-01-19,20.214022237271926,20.396679064717155,19.02675285887794,19.05719566345215,15581400,0.0,0.0
2001-01-22,18.72232366718029,19.331179721397536,18.570109653625977,18.965866088867188,6997300,0.0,0.0
2001-01-23,18.72232366718029,19.02675169428891,18.509224048204253,18.965866088867188,12084300,0.0,0.0
2001-01-24,19.300737208725,19.39206561823001,18.235239097833244,18.5396671295166,13701600,0.0,0.0
2001-01-25,18.204792682195112,18.478777856341864,17.96125030517578,17.96125030517578,11627400,0.0,0.0
2001-01-26,17.565498080029585,18.326568187483204,17.535055275731438,18.143911361694336,13873600,0.0,0.0
2001-01-29,17.91497611245499,18.387448904045467,17.593500258919416,18.01726531982422,12008500,0.0,0.0
2001-01-30,16.92619662072739,17.413281415568463,16.463465694012157,17.184350967407227,39193700,0.0,0.0
2001-01-31,17.145382610962375,17.315861520678116,16.633944023734394,16.731359481811523,19318100,0.0,0.0
2001-02-01,16.80929378585186,16.9992583977939,16.497559845353408,16.74110221862793,9891700,0.0,0.0
2001-02-02,16.46346756983025,16.682656124098894,15.83025763600625,15.878965377807617,13902600,0.0,0.0
2001-02-05,15.732839386129688,16.19557033885609,15.591584341746056,16.07379913330078,12470100,0.0,0.0
2001-02-06,16.078664497918975,16.536525287107096,16.073794468665753,16.132244110107422,10478600,0.0,0.0
2001-02-07,15.708485798763634,15.835127037259966,14.875571183745416,15.17269229888916,23795100,0.0,0.0
2001-02-08,15.089885818351771,15.148336399013324,14.612542970937522,14.622284889221191,11970000,0.0,0.0
2001-02-09,13.993948524684464,14.028044317991862,13.39970529937099,13.633505821228027,27527100,0.0,0.0
2001-02-12,13.774761351387347,14.539484498235328,13.735794596421869,14.44206714630127,16522100,0.0,0.0
2001-02-13,14.359257867293776,14.558962535745577,13.394830308081598,13.687081336975098,11246000,0.0,0.0
2001-02-14,13.34612213990058,13.760144368659486,12.902875085888235,13.750402450561523,14230500,0.0,0.0
2001-02-15,13.979332017731174,14.490770608777764,13.842947959899902,13.842947959899902,19409400,0.0,0.0
2001-02-16,13.248705044375592,13.336379515492569,12.785974178674087,12.907745361328125,14978400,0.0,0.0
2001-02-20,13.224346552895083,13.229217510324174,12.308627924149286,12.42065715789795,13573600,0.0,0.0
2001-02-21,12.191733166193256,12.493725229057915,11.714389344856603,11.811806678771973,18918900,0.0,0.0
2001-02-22,11.495200230173426,11.54390889074577,10.667155787564836,11.32472038269043,26155000,0.0,0.0
2001-02-23,10.52103227055803,10.715866012245286,10.009592653458348,10.394390106201172,41977900,0.0,0.0
2001-02-26,10.959410300621618,11.129890202217211,10.715867849496695,11.081181526184082,22129400,0.0,0.0
2001-02-27,11.397784389524194,11.397784389524194,10.56974076839874,10.667157173156738,17773500,0.0,0.0
2001-02-28,11.154242243058185,11.300368247148898,10.301843804171023,10.715866088867188,26829500,0.0,0.0
2001-03-01,10.76457254756582,11.665679469539135,10.715863889532596,11.465974807739258,24909200,0.0,0.0
2001-03-02,11.519554179022593,12.323243832621298,11.451362611153744,11.714387893676758,25504800,0.0,0.0
2001-03-05,12.445016069362211,12.678817475694045,11.78745234311044,12.664204597473145,19924500,0.0,0.0
2001-03-06,13.165896921826276,13.268184240716758,12.065085626935602,12.42065715789795,15647400,0.0,0.0
2001-03-07,12.932095610430634,12.932095610430634,12.177114860684265,12.42065715789795,13642600,0.0,0.0
2001-03-08,12.542433511696885,12.654462791938434,12.016381968562094,12.23069953918457,12477700,0.0,0.0
2001-03-09,11.982286839235996,11.987157798953966,10.764574780960805,11.105533599853516,27054000,0.0,0.0
2001-03-12,10.535642959455716,10.788927257852212,10.22877996915875,10.447968482971191,22475400,0.0,0.0
2001-03-13,10.837637406957281,11.300368364488543,10.676899451116842,10.740220069885254,18978900,0.0,0.0
2001-03-14,10.228780789463876,11.051954360747317,10.136234417427856,10.618448257446289,18855900,0.0,0.0
2001-03-15,12.274537428685154,12.381695751077988,12.016382148189031,12.152766227722168,24531300,0.0,0.0
2001-03-16,11.855645855045616,12.225830469133166,11.543911834357433,12.035866737365723,11980500,0.0,0.0
2001-03-19,12.181993278605052,13.141550182824,12.162509436956407,13.005167007446289,10907300,0.0,0.0
2001-03-20,13.102581177818527,13.243836218384446,12.357342014547644,12.371953964233398,13947200,0.0,0.0
2001-03-21,12.323245805675707,12.615496888969009,12.07970339110472,12.206345558166504,13853000,0.0,0.0
2001-03-22,12.18420225954258,12.445011447914585,11.490352373921269,12.3023042678833,12830100,0.255,0.0
2001-03-23,12.981389390417341,13.20775224806638,12.489297282631236,13.020756721496582,16299100,0.0,0.0
2001-03-26,13.542378000170713,13.655558984510117,13.089653124221675,13.325857162475586,11273600,0.0,0.0
2001-03-27,13.286486902430957,13.50300769253537,12.843604193401498,13.453798294067383,16463600,0.0,0.0
2001-03-28,12.523745149301249,12.676293447591888,12.056257247924805,12.056257247924805,10324400,0.0,0.0
2001-03-29,11.81021186254016,12.154676750634108,11.391933338023602,11.888946533203125,9886800,0.0,0.0
2001-03-30,11.94800021105425,12.03657602795738,11.382093370636767,11.810214042663574,9340500,0.0,0.0
2001-04-02,11.391933222857284,11.849579078078772,10.899841066892899,11.283673286437988,11362300,0.0,0.0
2001-04-03,11.16064869897399,11.190173961429837,10.45695686340332,10.45695686340332,12295100,0.0,0.0
2001-04-04,11.013021125006635,11.31811864940553,10.481561678143416,10.973653793334961,13194900,0.0,0.0
2001-04-05,11.957838637363274,12.174359441964382,11.642899967828042,12.105466842651367,16333800,0.0,0.0
2001-04-06,11.68718551016509,11.859417905401521,10.973651703581751,11.485427856445312,13638400,0.0,0.0
2001-04-09,11.761005213858283,11.982447113592363,11.637982144804134,11.89387035369873,8026400,0.0,0.0
2001-04-10,12.262935981147166,12.686135515505157,12.262935981147166,12.548349380493164,13589900,0.0,0.0
2001-04-11,13.163464591205834,13.45379902550104,12.892814292804461,13.099493026733398,15623500,0.0,0.0
2001-04-12,13.079811803747592,13.655559766585109,12.750109962830527,13.640796661376953,10483800,0.0,0.0
2001-04-16,13.04044056830005,13.350458176377629,12.966626941480742,13.163463592529297,7260500,0.0,0.0
2001-04-17,12.228489139870181,12.942022137303795,12.13007034228358,12.769790649414062,11587100,0.0,0.0
2001-04-18,13.724447560983883,15.476296009675407,13.483322558804737,15.254854202270508,39555000,0.0,0.0
2001-04-19,14.270674647914612,15.648532514345655,14.098442179962873,15.550114631652832,28372300,0.0,0.0
2001-04-20,15.249936397223149,15.697740201579766,15.156438621127084,15.476299285888672,22694300,0.0,0.0
2001-04-23,15.008809024159431,15.176120412958667,14.437982264229516,14.70371150970459,11785100,0.0,0.0
2001-04-24,14.723397983822784,15.0629418489991,14.53640336941039,14.738161087036133,9014400,0.0,0.0
2001-04-25,14.68894940382002,14.915311319775535,14.447824386940415,14.885786056518555,9606300,0.0,0.0
2001-04-26,14.994043539946952,15.313904104426477,14.861179407624137,15.10722541809082,11756000,0.0,0.0
2001-04-27,15.62392566828413,15.810921209767626,15.259777592110982,15.717423439025879,15349200,0.0,0.0
2001-04-30,16.06681568103446,17.070682629797158,15.993001079027165,16.824636459350586,21922200,0.0,0.0
2001-05-01,16.824629628100322,17.28227546948914,16.558901298570156,17.203540802001953,15643300,0.0,0.0
2001-05-02,16.706530217756754,16.967338477630584,16.386669543540272,16.66716194152832,18171300,0.0,0.0
2001-05-03,15.845368762146986,16.10125692408871,15.746949949525906,15.943787574768066,13133600,0.0,0.0
2001-05-04,15.781393518425732,16.84923435302215,15.746947221553176,16.553977966308594,13153400,0.0,0.0
2001-05-07,16.460482997810033,16.608110269210943,16.16522657782561,16.18983268737793,8698900,0.0,0.0
2001-05-08,16.376832252919773,16.376832252919773,15.894581991506703,16.362070083618164,9660600,0.0,0.0
2001-05-09,15.609161884145456,15.84536681773263,15.481217818874848,15.638688087463379,11947600,0.0,0.0
2001-05-10,16.41127035720838,16.45063862523181,15.791235153298071,15.84044361114502,7997600,0.0,0.0
2001-05-11,15.74694622953618,15.835522952251903,15.451690800014148,15.505821228027344,7141400,0.0,0.0
2001-05-14,15.31882701453384,15.353274250747633,15.018651464829077,15.2351713180542,7401600,0.0,0.0
2001-05-15,15.259777143575775,15.614083141132141,15.112148940650513,15.37787914276123,12332600,0.0,0.0
2001-05-16,15.008810413251696,15.869971666471056,14.964522045141685,15.722344398498535,15134800,0.0,0.0
2001-05-17,16.047121263986135,16.485082866661745,15.948702483375616,16.21935272216797,9941400,0.0,0.0
2001-05-18,16.25873050047839,16.677008216386625,16.224284188682805,16.583511352539062,12753300,0.0,0.0
2001-05-21,16.52445188262108,17.46926771429017,16.366980700160706,17.22814178466797,19705300,0.0,0.0
2001-05-22,17.17401696377927,17.17401696377927,16.662240671953942,16.92797088623047,12954600,0.0,0.0
2001-05-23,16.45063700484049,16.509687523876806,16.16522272133101,16.253799438476562,9471200,0.0,0.0
2001-05-24,15.860129118620698,16.01267835464852,15.55011148981847,15.99791431427002,11761600,0.0,0.0
2001-05-25,15.830603125056935,15.869971397011865,15.525506526136342,15.555032730102539,6366600,0.0,0.0
2001-05-29,15.377879342258217,15.377879342258217,14.890708237326429,14.934996604919434,8176900,0.0,0.0
2001-05-30,14.639740866185143,14.708633464029756,14.024625703740389,14.029546737670898,12421900,0.0,0.0
2001-05-31,14.22146251712522,14.516717985912885,14.147648884576117,14.388773918151855,10000300,0.0,0.0
2001-06-01,14.629900017017171,14.649584154378921,14.098440509937163,14.137807846069336,10480300,0.0,0.0
2001-06-04,14.329722142676903,14.51671672479585,14.201778086030812,14.408456802368164,6894100,0.0,0.0
2001-06-05,14.56592508714613,15.461532481463403,14.536399826506855,15.220407485961914,10621800,0.0,0.0
2001-06-06,15.240093915064266,15.29422435321863,14.762764855948149,14.767685890197754,6056500,0.0,0.0
2001-06-07,14.664347957652927,15.476300881331365,14.644664756682769,15.313910484313965,8338300,0.0,0.0
2001-06-08,15.190882926186564,15.31390594621577,14.61513515490623,14.679106712341309,5500800,0.0,0.0
2001-06-11,14.334641775779252,14.359246942759482,14.02462418055756,14.127963066101074,9031300,0.0,0.0
2001-06-12,11.490351408417263,11.701951174219296,11.022863510082944,11.446063041687012,54499400,0.0,0.0
2001-06-13,11.800367447515697,11.90862830209271,11.524796154993629,11.608451843261719,18240300,0.0,0.0
2001-06-14,11.086835309949308,11.155727903345706,10.703003135473965,10.875235557556152,24389200,0.0,0.0
2001-06-15,10.604587197345845,11.190177214750571,10.604587197345845,11.052391052246094,12190700,0.0,0.0
2001-06-18,11.022863385874713,11.14096538296083,10.786659391702475,10.899840354919434,7756600,0.0,0.0
2001-06-19,11.367328650300555,11.441142283767899,10.885078577149878,10.998259544372559,8687600,0.0,0.0
2001-06-20,10.619347316178866,11.131123542785645,10.594743086995962,11.131123542785645,9044800,0.0,0.0
2001-06-21,11.072073541509848,11.529719398066863,10.826027462809629,11.219700813293457,5985500,0.0,0.0
2001-06-22,11.41161738056429,11.662584493197702,11.342723840360746,11.465746879577637,7142300,0.0,0.0
2001-06-25,11.347645096534237,11.391933466605956,10.953971738775975,11.02286434173584,8805500,0.0,0.0
2001-06-26,10.776815047643392,10.993335799195874,10.683317301060791,10.801420211791992,10289400,0.0,0.0
2001-06-27,11.145884003056485,11.165568134270293,10.466797432227752,10.555374145507812,12435800,0.0,0.0
2001-06-28,10.619347720866047,10.826026445088662,10.137097677210352,10.609505653381348,14008800,0.0,0.0
2001-06-29,10.973655603516773,11.116362790986663,10.786660981878043,10.919526100158691,9978600,0.0,0.0
2001-07-02,10.968734841663656,11.39685450090185,10.88507913581611,11.02286434173584,8463900,0.0,0.0
2001-07-03,11.101597672584145,11.170491205815287,10.826026355433202,10.924445152282715,7202500,0.0,0.0
2001-07-05,10.142017417092287,10.383142408158792,9.8467620003568,10.014073371887207,17676500,0.0,0.0
2001-07-06,9.768029019200185,9.841842651367188,9.33006638297229,9.349750518798828,16606500,0.0,0.0
2001-07-09,9.044652036138014,9.300540143529458,8.931471082765661,9.103703498840332,12561000,0.0,0.0
2001-07-10,9.418643271297436,9.428485339371928,9.039733036342167,9.093862533569336,11475200,0.0,0.0
2001-07-11,8.783844754063466,9.103704452514648,8.513193517996115,8.857658386230469,22726100,0.0,0.0
2001-07-12,9.290699005712206,9.526903941550685,9.133229674214054,9.413722038269043,19623900,0.0,0.0
2001-07-13,8.956077751258224,9.162756497474684,8.86750101165241,9.00528621673584,16139200,0.0,0.0
2001-07-16,8.95607581401832,8.96099590862879,8.326197643082399,8.449220657348633,23732600,0.0,0.0
2001-07-17,8.375408612003191,8.611612618564774,8.336041277576262,8.591928482055664,12374800,0.0,0.0
2001-07-18,8.488586383707382,8.6509766943738,8.316354008493684,8.36556339263916,13621600,0.0,0.0
2001-07-19,9.585956347215983,9.841844530264813,9.448171124490795,9.600719451904297,25369000,0.0,0.0
2001-07-20,9.285781209953926,9.492459993376173,9.202125489554648,9.448171615600586,9570700,0.0,0.0
2001-07-23,9.645005986058095,9.718819618225098,9.334987416928925,9.349750518798828,6221400,0.0,0.0
2001-07-24,9.448171615600586,9.585956845487761,9.349752789745617,9.448171615600586,8994200,0.0,0.0
2001-07-25,9.536743349085533,9.684371524656058,9.315302493616368,9.649925231933594,7301300,0.0,0.0
2001-07-26,9.62039899731569,10.24535611277679,9.556427445157258,10.087886810302734,10907600,0.0,0.0
2001-07-27,10.299487925869682,10.516008715254571,10.260120594944357,10.432353019714355,11343100,0.0,0.0
2001-07-30,10.678399607241449,10.722687974073562,10.486483038105206,10.643952369689941,10007600,0.0,0.0
2001-07-31,10.762052020098379,10.953967592029844,10.663633248620673,10.732525825500488,12338900,0.0,0.0
2001-08-01,10.703004950904534,10.949051041729925,10.634112345822656,10.757135391235352,13363300,0.0,0.0
2001-08-02,11.150806738413731,11.268908727955793,10.889997591555526,11.131123542785645,11962600,0.0,0.0
2001-08-03,11.01794284820689,11.052389148251084,10.840790313895134,10.929366111755371,5761600,0.0,0.0
2001-08-06,10.540615395567466,10.776819436031547,10.506169090323715,10.70300579071045,6001400,0.0,0.0
2001-08-07,10.46679828982731,10.698081218993547,10.383142602496353,10.560295104980469,5258400,0.0,0.0
2001-08-08,10.186309683421095,10.304411707694289,9.83200267201006,9.891054153442383,12418400,0.0,0.0
2001-08-09,9.812318400961193,9.841843669163103,9.458011428172854,9.6548490524292,12932800,0.0,0.0
2001-08-10,9.389117851860647,9.46293148402765,9.098783418558014,9.349750518798828,10966600,0.0,0.0
2001-08-13,9.585957439477752,9.60564158130506,9.300543953122594,9.531827926635742,7410500,0.0,0.0
2001-08-14,9.841842806300063,9.851684874368267,9.438327401416364,9.462931632995605,7873200,0.0,0.0
2001-08-15,9.497374621891801,9.58103029412693,9.15291080690493,9.177515029907227,6476100,0.0,0.0
2001-08-16,8.960995695929249,9.18243749178874,8.808447424665538,9.08401870727539,14382300,0.0,0.0
2001-08-17,8.611611693967921,8.724792650969613,8.38032874636561,8.404932975769043,16836400,0.0,0.0
2001-08-20,8.419698580462601,8.532879571122686,8.237624037520815,8.488591194152832,15604900,0.0,0.0
2001-08-21,8.626374362226812,8.734634280201284,8.37048625946045,8.37048625946045,9188100,0.0,0.0
2001-08-22,8.818293102623286,8.857660444834448,8.547642742245491,8.847818374633789,10850300,0.0,0.0
2001-08-23,8.818291253285444,8.931472221082723,8.488589479438946,8.537798881530762,8675400,0.0,0.0
2001-08-24,8.78384509242309,8.975760731168268,8.646058952103482,8.897026062011719,9103000,0.0,0.0
2001-08-27,8.774002885261938,8.774002885261938,8.429538009210514,8.537798881530762,8401200,0.0,0.0
2001-08-28,8.542719321316172,8.557481483902878,8.14904507055928,8.267147064208984,11574400,0.0,0.0
2001-08-29,8.340961975410012,8.340961975410012,7.883316144528901,7.937445640563965,12555600,0.0,0.0
2001-08-30,7.676639013120657,7.799662071220054,7.253439392909469,7.529011249542236,27337100,0.0,0.0
2001-08-31,7.637268315476289,7.745528221130371,7.514245311445773,7.745528221130371,9280900,0.0,0.0
2001-09-04,7.430592829548732,7.671717908606297,7.332174008524998,7.381383419036865,13747300,0.0,0.0
2001-09-05,7.1943871263571495,7.228833426441579,6.613718243244534,6.815476417541504,25526900,0.0,0.0
2001-09-06,6.534984267737088,6.746584063365787,6.347989175904048,6.372593879699707,18888100,0.0,0.0
2001-09-07,6.347988641140972,6.633402054817348,6.249570303544921,6.530063152313232,16284100,0.0,0.0
2001-09-10,6.4365636956439465,6.864683704150593,6.37751270853567,6.766265392303467,19040300,0.0,0.0
2001-09-17,7.184545752938006,7.824265188103239,7.14517841752155,7.597902774810791,27961500,0.0,0.0
2001-09-18,7.5929829567177825,8.094917236592423,7.455196799911586,7.489643573760986,20051700,0.0,0.0
2001-09-19,8.158887043494325,8.267146968437943,7.52900928203047,7.902998924255371,24804900,0.0,0.0
2001-09-20,7.7356902397431995,8.085075753230148,7.706164498488417,7.848871231079102,13502800,0.0,0.0
2001-09-21,7.110730602583963,7.775055111423178,6.963102881809072,7.7012410163879395,17269100,0.0,0.0
2001-09-24,8.080152266969549,8.414775042966891,8.040784936769342,8.404932975769043,13935800,0.0,0.0
2001-09-25,8.316357265735505,8.606691713458178,8.168729994069297,8.400012969970703,10719400,0.0,0.0
2001-09-26,8.24254357751943,8.247464611689203,7.912841796875,7.912841796875,11602400,0.0,0.0
2001-09-27,7.716005452242673,7.942367402162154,7.509326701250767,7.799661159515381,14056000,0.0,0.0
2001-09-28,7.858710804219097,8.040784821099747,7.6569531225215,7.7012410163879395,12336300,0.0,0.0
2001-10-01,7.617584534809943,7.64711026362584,7.430589973059573,7.504403591156006,7662600,0.0,0.0
2001-10-02,7.553615287896428,7.701242569140889,7.3813828340503145,7.479801177978516,11702900,0.0,0.0
2001-10-03,7.307569044010871,8.213018728228038,7.258359638405111,7.9177632331848145,24380800,0.0,0.0
2001-10-04,8.094916102660793,8.513193672039487,7.9768131627470495,8.232701301574707,18114400,0.0,0.0
2001-10-05,8.247465268716411,8.454144027355285,8.193334827127948,8.36064624786377,9151100,0.0,0.0
2001-10-08,8.09491609841022,8.616533505291722,8.08507403032403,8.478747367858887,7898700,0.0,0.0
2001-10-09,8.626372471596529,8.724790301296546,8.36556339263916,8.36556339263916,8334200,0.0,0.0
2001-10-10,8.537799695726827,9.349751622603026,8.527957626651633,9.339909553527832,19933900,0.0,0.0
2001-10-11,9.49737995421716,9.595798778665705,9.157836980911771,9.517064094543457,19624600,0.0,0.0
2001-10-12,9.211965545400087,9.502300015313406,9.103705600476506,9.334988594055176,11846600,0.0,0.0
2001-10-15,9.339909416258259,9.349751485188802,9.059417021877211,9.226728439331055,6982900,0.0,0.0
2001-10-16,9.379274996590953,9.595795779550441,9.354670767464475,9.585953712463379,10825600,0.0,0.0
2001-10-17,10.014075085484365,10.078046649738098,9.45308941611438,9.595796585083008,19000800,0.0,0.0
2001-10-18,9.472774300438273,9.5170626709562,9.10370517184977,9.241491317749023,11236000,0.0,0.0
2001-10-19,9.620402859882125,9.964867801289197,9.600719658465653,9.891054153442383,28560700,0.0,0.0
2001-10-22,9.905815992863868,10.378225012953779,9.89105382693668,10.215834617614746,13009500,0.0,0.0
2001-10-23,10.466799884990905,10.65379448238673,10.299488484830363,10.333934783935547,10103300,0.0,0.0
2001-10-24,10.530772632986986,10.909683842919149,10.481563226480372,10.870316505432129,12034500,0.0,0.0
2001-10-25,10.186306894369572,10.703003226415207,10.038678700505677,10.683319091796875,15438600,0.0,0.0
2001-10-26,10.402828652107136,10.747293562393233,10.402828652107136,10.619349479675293,8051500,0.0,0.0
2001-10-29,10.555375240364114,10.604583696320706,9.83692033258603,9.925497055053711,9896300,0.0,0.0
2001-10-30,9.915655898894554,10.112492556568128,9.792632870524669,9.989469528198242,11787500,0.0,0.0
2001-10-31,10.32409068877475,10.407746372428317,9.989467954160478,10.09280776977539,8230500,0.0,0.0
2001-11-01,10.245356970584522,10.555375507054276,10.092808688364334,10.466798782348633,10000700,0.0,0.0
2001-11-02,10.589821304220415,10.703002252200205,10.486481484062828,10.560295104980469,8389900,0.0,0.0
2001-11-05,10.776815102607431,11.140963086544586,10.766973036897793,11.047466278076172,10500600,0.0,0.0
2001-11-06,11.047468301830031,11.416537386230708,10.924445273696474,11.347643852233887,14665100,0.0,0.0
2001-11-07,10.826026355433202,11.145886037307305,10.806342220626817,10.924445152282715,15646800,0.0,0.0
2001-11-08,11.30335582484531,11.583849125789634,10.909682498488577,11.017942428588867,16878700,0.0,0.0
2001-11-09,10.949051407456453,11.219701740968262,10.82602835793447,10.85555362701416,9795400,0.0,0.0
2001-11-12,10.762055308487186,11.145886569631285,10.48648303958379,11.013021469116211,13095700,0.0,0.0
2001-11-13,11.318115252320288,11.613370620533788,11.28858999707622,11.505109786987305,13050200,0.0,0.0
2001-11-14,11.933234214782715,12.149755015918345,11.687188148498535,12.056257247924805,17382000,0.0,0.0
2001-11-15,12.051333901173251,12.169435877693527,11.8151299481327,11.957836151123047,11880200,0.0,0.0
2001-11-16,12.302303388722768,12.371195987350411,12.071020422907635,12.297382354736328,12094400,0.0,0.0
2001-11-19,12.36135385574816,12.420404381615288,11.913549185201319,12.115307807922363,9614600,0.0,0.0
2001-11-20,11.800368762813104,11.839736094704234,11.465745972442885,11.524797439575195,13712500,0.0,0.0
2001-11-21,11.431301697466491,11.77576661642048,11.288595446076796,11.637980461120605,11033600,0.0,0.0
2001-11-23,11.933234752806673,12.007048388301651,11.810211714117944,11.898788452148438,4185600,0.0,0.0
2001-11-26,12.32690951231476,12.42040729522705,12.154677989307128,12.42040729522705,12687900,0.0,0.0
2001-11-27,11.76100104490183,12.056256493690029,11.411616103159485,11.67242431640625,29077800,0.0,0.0
2001-11-28,11.268908860665844,11.318118258202354,10.830947193632413,10.875235557556152,15525400,0.0,0.0
2001-11-29,10.92444576192562,11.293514862820523,10.880157394730931,11.25414752960205,10826300,0.0,0.0
2001-11-30,11.367327417867571,11.490350439838885,11.318118021360812,11.323039054870605,8041400,0.0,0.0
2001-12-03,11.195094640821365,11.367327053782999,11.12128101772099,11.160648345947266,6787400,0.0,0.0
2001-12-04,11.68718860208222,11.903709411621094,11.564165564165563,11.903709411621094,11519600,0.0,0.0
2001-12-05,12.243249768770887,12.597556644825326,12.002124777340004,12.5631103515625,17198400,0.0,0.0
2001-12-06,12.499139630197314,12.572953260301404,12.179279940685438,12.262935638427734,10577900,0.0,0.0
2001-12-07,12.366275076388504,12.499140179570407,11.957838637363274,12.105466842651367,7875300,0.0,0.0
2001-12-10,11.839738074467514,12.00704949762934,11.637980347464968,11.706873893737793,8277600,0.0,0.0
2001-12-11,12.518824115344614,12.843604847752431,12.44993057854299,12.548349380493164,16782000,0.0,0.0
2001-12-12,12.61232444540735,12.656612824718428,12.24325524354271,12.50898551940918,7671500,0.0,0.0
2001-12-13,11.869263273098998,12.007048476746883,11.593690988620615,11.647821426391602,12523400,0.0,0.0
2001-12-14,11.84957839814557,12.30230319319894,11.765922698888167,12.125149726867676,9430900,0.0,0.0
2001-12-17,12.292462450846044,12.54835061011822,12.287541416407192,12.469615936279297,7610200,0.0,0.0
2001-12-18,12.533587442963249,12.66153152194767,12.11530984229617,12.351513862609863,11918100,0.0,0.0
2001-12-19,12.031653209302956,12.548349581333106,11.923392337706767,12.105466842651367,11848100,0.0,0.0
2001-12-20,11.893868341470538,11.967681982696783,11.465747720612123,11.53464126586914,11655000,0.0,0.0
2001-12-21,11.933237105607986,12.075944309147417,11.741321427763978,11.810214042663574,8457400,0.0,0.0
2001-12-24,11.62321704486664,11.85942105259819,11.588769805805075,11.657663345336914,2227500,0.0,0.0
2001-12-26,11.711791165822424,12.179279018746113,11.692107970627207,12.075940132141113,4904500,0.0,0.0
2001-12-27,12.292460781143216,12.420404843400476,12.105466190823355,12.208805084228516,5524800,0.0,0.0
2001-12-28,12.440090404028398,12.553271377944137,12.307225292775318,12.42532730102539,7544600,0.0,0.0
2001-12-31,12.351512486539821,12.366274649545199,12.007047624682006,12.071020126342773,7652700,0.0,0.0
2002-01-02,12.454852025460836,12.671372833775571,12.253094319505498,12.582796096801758,8647900,0.0,0.0
2002-01-03,12.745186777475176,13.266804205136987,12.745186777475176,13.237278938293457,17718300,0.0,0.0
2002-01-04,13.281567329722437,13.316013630861823,12.745186798460061,12.868209838867188,16975500,0.0,0.0
2002-01-07,12.917418077865966,13.030599039572039,12.351512330744368,12.449930191040039,14713800,0.0,0.0
2002-01-08,11.95783946241886,12.321988497433269,11.598612400370722,11.746240615844727,25146600,0.0,0.0
2002-01-09,11.957835049336884,12.046411758213466,9.871365112542343,11.278748512268066,24244100,0.0,0.0
2002-01-10,11.323038302685054,11.559242263917147,11.234461582575243,11.372247695922852,17137900,0.0,0.0
2002-01-11,11.687187667473115,11.711791897652361,11.204937622666643,11.224620819091797,15828000,0.0,0.0
2002-01-14,11.027783698940617,11.07207206227702,10.481561176852441,10.575058937072754,21668200,0.0,0.0
2002-01-15,10.87523696041681,11.121283041247095,10.786660221143299,11.091757774353027,18890000,0.0,0.0
2002-01-16,10.855550172496855,10.929363791002363,10.589820958158812,10.70792293548584,11709400,0.0,0.0
2002-01-17,11.229544488714337,11.293517003942352,10.978577339894349,11.239386558532715,12629800,0.0,0.0
2002-01-18,10.826025984022351,11.1754109175284,10.742370291147623,11.07207202911377,9844900,0.0,0.0
2002-01-22,10.53077221815002,10.584902657034082,10.210912496344248,10.40774917602539,20863100,0.0,0.0
2002-01-23,10.471721204407993,11.062231216432648,10.461879136226429,10.929366111755371,14656800,0.0,0.0
2002-01-24,11.711792958011417,11.824974867420346,11.465746879577637,11.465746879577637,24168600,0.0,0.0
2002-01-25,11.145886658828214,11.490351528418472,11.072073026370662,11.37717056274414,9982100,0.0,0.0
2002-01-28,11.37717090001044,11.574007571929386,11.323040463260998,11.53956127166748,8636900,0.0,0.0
2002-01-29,11.470665862507031,11.56908465171708,11.052387416251024,11.165569305419922,12113300,0.0,0.0
2002-01-30,11.0228613354815,11.510032334813415,10.865392035324644,11.406693458557129,11096600,0.0,0.0
2002-01-31,11.475588766674269,11.559244469563732,11.298435292651575,11.53956127166748,7697500,0.0,0.0
2002-02-01,11.56416362963675,11.677344580324515,11.44114061230019,11.598609924316406,8395400,0.0,0.0
2002-02-04,11.539561748424294,11.564165981458954,11.136045381080077,11.140966415405273,7315600,0.0,0.0
2002-02-05,10.968732108039847,11.057307887517137,10.417588605942763,10.579978942871094,19090400,0.0,0.0
2002-02-06,10.752213674518439,10.771896872467995,10.471721298950433,10.678400039672852,8432200,0.0,0.0
2002-02-07,10.894918341319043,10.94412773699422,10.604583939285758,10.653793334960938,8949500,0.0,0.0
2002-02-08,10.801420489032706,10.870313073234977,10.461876723795251,10.845708847045898,7942800,0.0,0.0
2002-02-11,11.106518296963468,11.362406408468672,11.052387866832051,11.259066581726074,6300300,0.0,0.0
2002-02-12,11.150807841052131,11.441142279357537,11.07207317357181,11.244305610656738,5879600,0.0,0.0
2002-02-13,11.303355650171659,11.441141781562893,11.224620986117019,11.33780288696289,5674400,0.0,0.0
2002-02-14,11.421458801802219,11.49035234376365,11.003181208665064,11.140966415405273,6000200,0.0,0.0
2002-02-15,10.949049827016518,11.003180261341978,10.629190132147768,10.648873329162598,8014600,0.0,0.0
2002-02-19,10.358538314375279,10.373301415246463,9.841841985569365,10.132176399230957,11683400,0.0,0.0
2002-02-20,10.014074127100526,10.151859310334713,9.44816841652443,9.964864730834961,19725300,0.0,0.0
2002-02-21,9.959945279211855,10.087889354386247,9.61056029355938,9.679452896118164,11691200,0.0,0.0
2002-02-22,9.58103417077077,9.704057212741285,9.482616300349154,9.551508903503418,10028000,0.0,0.0
2002-02-25,9.841839682671536,10.274880215729056,9.831997617727032,10.225671768188477,12124700,0.0,0.0
2002-02-26,10.422511717179065,10.422511717179065,10.082967876411606,10.13709831237793,9167400,0.0,0.0
2002-02-27,10.452038735510618,10.496327110801923,10.117415872683623,10.21091365814209,7631200,0.0,0.0
2002-02-28,10.392985131600733,10.520928246305354,10.186306420675427,10.220752716064453,9881300,0.0,0.0
2002-03-01,10.260120962996655,10.565217553964585,10.210911562926952,10.530771255493164,12268600,0.0,0.0
2002-03-04,10.840791845282144,11.33780509556464,10.826028740924338,11.318120956420898,15184700,0.0,0.0
2002-03-05,11.08683526229641,11.357485539697128,11.022862764196553,11.249225616455078,9628700,0.0,0.0
2002-03-06,11.170492923245614,11.618296734436115,11.160650854329232,11.549403190612793,13376400,0.0,0.0
2002-03-07,11.810210790881335,11.928312786159202,11.569085766531789,11.7117919921875,12450900,0.0,0.0
2002-03-08,11.83481320663081,11.928310957194848,11.73639536161858,11.829893112182617,11068400,0.0,0.0
2002-03-11,11.544480979529908,11.6822671145419,11.441142082214355,11.564165115356445,9131700,0.0,0.0
2002-03-12,10.929367042366978,10.929367042366978,10.673479817997032,10.870316505432129,21224900,0.0,0.0
2002-03-13,10.909684427537124,11.037628515873926,10.629192015587426,10.77189826965332,11300200,0.0,0.0
2002-03-14,10.791580914927636,10.865394549129714,10.707925212540937,10.806343078613281,7991600,0.0,0.0
2002-03-15,10.875235483449572,10.973653339260757,10.830947119827625,10.880156517028809,7133500,0.0,0.0
2002-03-18,11.190175677505879,11.2147808488184,10.934287527403542,11.027785301208496,8115200,0.0,0.0
2002-03-19,10.86538955575837,10.875231619419903,10.634106691257418,10.693157196044922,6938300,0.0,0.0
2002-03-20,10.43235346484833,10.525850293165853,10.220753700124341,10.279804229736328,8159000,0.0,0.0
2002-03-21,10.520928272986737,10.520928272986737,10.142018084155376,10.466798782348633,11625300,0.0,0.0
2002-03-22,10.46530479575407,10.659382891311186,10.41554091379486,10.455351829528809,5647100,0.237,0.0
2002-03-25,10.589715741384888,10.64943165007501,10.325967788696289,10.325967788696289,5792800,0.0,0.0
2002-03-26,10.355824041304206,10.525020670068143,10.201556861843121,10.320989608764648,12707800,0.0,0.0
2002-03-27,10.30108579727814,10.534974834625158,10.30108579727814,10.450376510620117,7897400,0.0,0.0
2002-03-28,10.5598551026077,10.644453416989668,10.301084625527944,10.320989608764648,6828500,0.0,0.0
2002-04-01,10.111986298853516,10.475261174843958,10.062222396171984,10.42052173614502,7990700,0.0,0.0
2002-04-02,10.201558641807365,10.25132253233256,9.932834202471664,9.942787170410156,12322400,0.0,0.0
2002-04-03,10.146819121494794,10.246346910923657,9.932835038639878,10.057244300842285,10391300,0.0,0.0
2002-04-04,10.027385395677328,10.102030756108224,9.82833078480585,9.967669486999512,10054900,0.0,0.0
2002-04-05,10.047291006341158,10.092078410984378,9.838283434395212,9.907952308654785,9737600,0.0,0.0
2002-04-08,9.529746208399539,9.76861168666482,9.42026643481971,9.728800773620605,11283500,0.0,0.0
2002-04-09,9.693967249889607,9.7785655666657,9.355573982785238,9.415290832519531,13258600,0.0,0.0
2002-04-10,9.430222401572935,9.579513135709261,9.355576085337432,9.455103874206543,16464600,0.0,0.0
2002-04-11,9.28093230480514,9.325719722535723,8.758413696838328,8.927610397338867,52389200,0.0,0.0
2002-04-12,9.086855278788818,9.450130202706482,9.047044341224794,9.3008394241333,11118100,0.0,0.0
2002-04-15,9.579511642456055,9.644204030719596,9.455102400346236,9.579511642456055,8386700,0.0,0.0
2002-04-16,10.0522677110219,10.236392868230883,9.997527337662191,10.126913070678711,11111600,0.0,0.0
2002-04-17,10.425496211744797,10.425496211744797,10.052268437326735,10.266251564025879,11392700,0.0,0.0
2002-04-18,9.320741681274528,9.455103912035192,8.95746686403334,9.007230758666992,26924100,0.0,0.0
2002-04-19,8.683764668239494,8.743480567343665,8.574283937936675,8.678788185119629,15863900,0.0,0.0
2002-04-22,8.215987848477647,8.310539154194217,8.04181469031576,8.111483573913574,18312800,0.0,0.0
2002-04-23,8.121434306307162,8.320488882605458,8.026883026627813,8.051765441894531,16466300,0.0,0.0
2002-04-24,7.987074223097712,8.026885148883116,7.748208668385286,7.912428855895996,13558400,0.0,0.0
2002-04-25,8.126411024074931,8.211009340091039,7.992048825255152,8.181151390075684,11177200,0.0,0.0
2002-04-26,8.28565570130639,8.330443106381063,7.922380926071565,7.96716833114624,10054800,0.0,0.0
2002-04-29,7.987073637250317,8.056743464140038,7.668586254327955,7.84773588180542,8264600,0.0,0.0
2002-04-30,7.718348879630841,8.186127858472226,7.718348879630841,8.09157657623291,9829300,0.0,0.0
2002-05-01,8.091579428862142,8.300587050610147,7.8377843917990315,8.136366844177246,11934600,0.0,0.0
2002-05-02,8.146320046186982,8.305563772214935,8.011957796413093,8.041815757751465,7691200,0.0,0.0
2002-05-03,7.93731076946695,7.9472637381628894,7.464555671834185,7.678539752960205,11333200,0.0,0.0
2002-05-06,7.588963758902934,7.663609114239033,7.225689000211313,7.414790630340576,12413200,0.0,0.0
2002-05-07,7.62379884932891,7.663609772203972,7.404838773516069,7.489437103271484,8891000,0.0,0.0
2002-05-08,8.006979621901234,8.280679599616693,7.912428323584124,8.215987205505371,10659300,0.0,0.0
2002-05-09,8.161247819116166,8.201058747046787,7.827830941759455,7.902476787567139,9172600,0.0,0.0
2002-05-10,7.852713215124449,7.852713215124449,7.464556414456169,7.549154758453369,8582000,0.0,0.0
2002-05-13,7.648680069010012,7.947262436824972,7.61882211697867,7.842758655548096,11147400,0.0,0.0
2002-05-14,8.15627034626107,8.280679599616693,8.031861092905448,8.215987205505371,9498300,0.0,0.0
2002-05-15,8.121435907406939,8.4001123691642,8.046790545225011,8.171199798583984,10191200,0.0,0.0
2002-05-16,8.05176872792008,8.111484650596825,7.942288428983994,8.041815757751465,7016300,0.0,0.0
2002-05-17,8.265752670781707,8.335421562194824,7.992051691776328,8.335421562194824,9227300,0.0,0.0
2002-05-20,8.211012967638498,8.21598945303414,7.967170878257216,8.14134407043457,6130800,0.0,0.0
2002-05-21,7.9820998123656235,8.016934258689199,7.559107598493874,7.66361141204834,13039100,0.0,0.0
2002-05-22,7.524270896139304,7.574034782752433,7.215736033055249,7.414790630340576,13094500,0.0,0.0
2002-05-23,7.2157356955797525,7.245594121067889,7.021657116365797,7.175924777984619,14270700,0.0,0.0
2002-05-24,6.956964973728311,7.215736439353542,6.917154052029601,7.09132719039917,11629400,0.0,0.0
2002-05-28,7.170949141009241,7.190854602156202,6.986823506753949,7.111232757568359,7806700,0.0,0.0
2002-05-29,6.902226138298647,6.956966045420929,6.807675303344943,6.842509746551514,9234000,0.0,0.0
2002-05-30,6.678287927768619,6.782791706577477,6.524020263971323,6.6683349609375,10465900,0.0,0.0
2002-05-31,6.966918632274386,7.111233356388151,6.867391318158629,6.907202243804932,14018800,0.0,0.0
2002-06-03,6.91715415291367,6.966918043054655,6.593690290748156,6.663359642028809,6631900,0.0,0.0
2002-06-04,6.528996601521999,6.738004154470259,6.479233192228908,6.728051662445068,11092100,0.0,0.0
2002-06-05,6.787771701812744,6.8723700653119755,6.5538820806922935,6.787771701812744,9291800,0.0,0.0
2002-06-06,6.837533033972169,6.8574384972242575,6.419517831094625,6.47923469543457,11965100,0.0,0.0
2002-06-07,6.046289602323695,6.230415717331636,5.941785809154917,6.120935440063477,22178600,0.0,0.0
2002-06-10,6.190604981778165,6.26027434287615,5.946762929810765,5.971644878387451,13624100,0.0,0.0
2002-06-11,6.718101760315584,6.74298371360388,6.225441078459216,6.245346546173096,28382900,0.0,0.0
2002-06-12,6.225439751356439,6.3946364281479555,6.046290105537806,6.310038089752197,16511700,0.0,0.0
2002-06-13,6.2652493918088386,6.364776688724932,5.971643509968672,6.071170806884766,13493700,0.0,0.0
2002-06-14,5.941785299114669,6.26524961905373,5.772589125512242,6.200556755065918,13756400,0.0,0.0
2002-06-17,6.519044353584059,6.67828802861809,6.4493750084648775,6.598666191101074,11233400,0.0,0.0
2002-06-18,6.4842096991416875,6.613595427495055,6.444398778815052,6.514068126678467,9696600,0.0,0.0
2002-06-19,6.319989838435282,6.404588166848416,6.125911711144608,6.170698642730713,6413600,0.0,0.0
2002-06-20,6.2702257802215,6.469280371035308,6.175674493647256,6.185627460479736,14866900,0.0,0.0
2002-06-21,6.409566012693323,6.588715200854638,6.106007547440717,6.2403693199157715,12212500,0.0,0.0
2002-06-24,6.086100577125762,6.3100376176444115,5.89699892559569,6.130887985229492,12029700,0.0,0.0
2002-06-25,6.270225559669858,6.319988968331121,6.096052442896532,6.145816326141357,9986500,0.0,0.0
2002-06-26,6.046288389739047,6.678287506103516,6.031359415018558,6.678287506103516,21191300,0.0,0.0
2002-06-27,6.857438509365318,6.942036846982396,6.5638325699394215,6.892273426055908,15375800,0.0,0.0
2002-06-28,7.121185986950527,7.35009903583894,7.06644561084839,7.205783843994141,9471100,0.0,0.0
2002-07-01,7.220714581807268,7.265501997651874,6.8425102642125175,6.897250175476074,8617200,0.0,0.0
2002-07-02,6.9271060500022,7.061467773279785,6.454351065074533,6.519043922424316,13000200,0.0,0.0
2002-07-03,6.578761867019649,6.991800576355002,6.568808898320643,6.951989650726318,9694700,0.0,0.0
2002-07-05,7.384932844730161,7.5392000424624666,7.379956361039802,7.534224033355713,8477000,0.0,0.0
2002-07-08,7.678540466179427,7.738256860150802,7.190855870204297,7.215737819671631,14802700,0.0,0.0
2002-07-09,7.300334338107996,7.404838120079048,7.160996120341125,7.190854072570801,8798500,0.0,0.0
2002-07-10,7.345123303652839,7.360052282943698,6.733029457723255,6.842509746551514,16434000,0.0,0.0
2002-07-11,6.757911032348729,6.991800576355002,6.568808898320643,6.951989650726318,17907800,0.0,0.0
2002-07-12,7.001751169196084,7.071420507419918,6.643452935831185,6.7827911376953125,13800400,0.0,0.0
2002-07-15,6.698195815148624,7.0166837504523984,6.4941646669789215,6.956966876983643,10012800,0.0,0.0
2002-07-16,6.668336644282208,7.006730008626504,6.648431180178644,6.762887954711914,14631400,0.0,0.0
2002-07-17,7.165973898997226,7.245596231967885,6.956966283439634,7.026635646820068,17232100,0.0,0.0
2002-07-18,6.728053314192188,6.9370604438684405,6.5489036679215635,6.633502006530762,15535900,0.0,0.0
2002-07-19,6.419517309071215,6.718099708156051,6.230415660845611,6.29013204574585,11454800,0.0,0.0
2002-07-22,6.349848267409646,6.54392639470032,6.041313382731474,6.170698642730713,10199900,0.0,0.0
2002-07-23,5.971644638455397,6.011455564745073,5.493913048395618,5.697944164276123,18808100,0.0,0.0
2002-07-24,5.274951626382412,6.026383026943152,5.2301642269311746,6.001501560211182,16833700,0.0,0.0
2002-07-25,5.762636447827606,5.867140237278723,5.41429064118509,5.633250713348389,9554000,0.0,0.0
2002-07-26,5.493913061879361,5.7725900211747225,5.384432777022218,5.563582420349121,10184100,0.0,0.0
2002-07-29,5.812401337520121,6.235392577410763,5.78751938821274,6.190605163574219,10164000,0.0,0.0
2002-07-30,6.175675439003822,6.3846830286444565,6.061219150411102,6.319990158081055,7077300,0.0,0.0
2002-07-31,6.086100314317579,6.245344477874812,5.99652597656174,6.170698642730713,6282300,0.0,0.0
2002-08-01,6.056242135829784,6.081124079957119,5.658132453543261,5.772589206695557,7882000,0.0,0.0
2002-08-02,5.8472341198107305,5.872116062045789,5.563581212248358,5.648179531097412,6702800,0.0,0.0
2002-08-05,5.543677306721601,5.543677306721601,5.2749532993700665,5.354575157165527,7355300,0.0,0.0
2002-08-06,5.474008316074054,5.722826875895602,5.4541028502716795,5.613346576690674,8575900,0.0,0.0
2002-08-07,5.896998722446572,5.96169111571928,5.439172638066036,5.598416328430176,17114300,0.0,0.0
2002-08-08,5.857188398447966,6.643454911851154,5.802448018353216,6.21051025390625,15469800,0.0,0.0
2002-08-09,6.13088807676076,6.494163356571703,6.110982614482328,6.419517517089844,10764000,0.0,0.0
2002-08-12,6.3000852798052325,6.419518063644267,6.106007124712727,6.295108795166016,11112100,0.0,0.0
2002-08-13,6.190604377161523,6.404588449604712,5.971644295155944,5.99652624130249,14648000,0.0,0.0
2002-08-14,6.091077307516744,6.394636208232666,5.946762583672404,6.359801292419434,14124200,0.0,0.0
2002-08-15,6.344872152191639,6.519045303065657,6.240368356583961,6.419517517089844,10106600,0.0,0.0
2002-08-16,6.459329236621094,6.942037349511362,6.444400256720817,6.757911682128906,13469100,0.0,0.0
2002-08-19,6.802697872498657,7.165972657076594,6.79772138856601,7.111232757568359,9065900,0.0,0.0
2002-08-20,6.947012055170652,7.15601961858137,6.867390216649158,6.966917514801025,8893000,0.0,0.0
2002-08-21,7.21076027585711,7.345122498497455,7.011705658519906,7.240618705749512,10972800,0.0,0.0
2002-08-22,7.165972969885094,7.3600515804775855,7.1261620458533494,7.350099086761475,6713000,0.0,0.0
2002-08-23,7.141090265052111,7.175924698918144,6.932082712688782,6.986822605133057,4089400,0.0,0.0
2002-08-26,7.001752113868031,7.091326921586402,6.767863076400113,7.041563034057617,4536500,0.0,0.0
2002-08-27,7.195831688847928,7.245595583175618,6.922131219212971,6.951989650726318,6327800,0.0,0.0
2002-08-28,6.713123694228584,6.802698515143779,6.558856474412055,6.693218231201172,6653800,0.0,0.0
2002-08-29,6.528996335147979,6.782791278314036,6.51406736042749,6.678287506103516,5448800,0.0,0.0
2002-08-30,6.519044667725457,6.6981938107716275,6.459327812126458,6.613595485687256,4422400,0.0,0.0
2002-09-03,6.409564651549872,6.459328067068327,6.190604104601058,6.2154860496521,9127100,0.0,0.0
2002-09-04,6.230414543222855,6.603642237836837,6.170697694451089,6.519043922424316,10809300,0.0,0.0
2002-09-05,6.4344467037121875,6.7180996480984705,6.369753835336018,6.638477802276611,12542500,0.0,0.0
2002-09-06,6.991801483179442,7.061470374773739,6.872368690803164,6.942037582397461,10369400,0.0,0.0
2002-09-09,6.937059564905483,7.111232704581314,6.792744854019427,7.056492805480957,12039500,0.0,0.0
2002-09-10,6.817626690996592,6.912177985181194,6.762886792762719,6.902225017547607,11776800,0.0,0.0
2002-09-11,7.27545187078091,7.479482936459694,7.215735496039575,7.270475387573242,12899300,0.0,0.0
2002-09-12,7.131138816055398,7.151044278869741,6.892273262283291,6.951989650726318,8360900,0.0,0.0
2002-09-13,6.842507911794907,7.036586488870447,6.792744028057517,6.986822605133057,5772900,0.0,0.0
2002-09-16,6.842508575292553,6.877343012536377,6.598666565418559,6.713122844696045,5106900,0.0,0.0
2002-09-17,6.772837918730545,6.817625314874213,6.593688808739391,6.608617782592773,5590900,0.0,0.0
2002-09-18,6.454352059206103,6.543926396993329,6.24036799613512,6.439422607421875,7007100,0.0,0.0
2002-09-19,6.2254400318810275,6.359801797715794,6.180652618408203,6.180652618408203,7199700,0.0,0.0
2002-09-20,6.399612375938593,6.4891871979781515,6.270227101928172,6.389659881591797,7148900,0.0,0.0
2002-09-23,6.190604843368238,6.300085129907675,6.05624308339211,6.220463275909424,5430500,0.0,0.0
2002-09-24,5.9766202102364785,6.220462215171121,5.906950862576465,6.200556755065918,12649000,0.0,0.0
2002-09-25,6.369753835335359,6.638477802275925,6.2752025374841836,6.593690395355225,10677700,0.0,0.0
2002-09-26,6.8972483745549145,7.031610587005793,6.81762653365822,6.872366905212402,16251000,0.0,0.0
2002-09-27,6.9420347492107926,7.126160347624723,6.777814608069083,6.817625522613525,8568700,0.0,0.0
2002-09-30,6.643454286285699,6.698194186642313,6.444399197147436,6.593690395355225,10011500,0.0,0.0
2002-10-01,6.728053517300208,7.0863518714904785,6.588714793864737,7.0863518714904785,10157100,0.0,0.0
2002-10-02,6.961941403058399,7.255547304224479,6.937059458545684,6.991799831390381,9720100,0.0,0.0
2002-10-03,7.046540647886806,7.1062570377488,6.812651098322903,6.892273426055908,9058600,0.0,0.0
2002-10-04,6.807674350950487,6.81762684422414,6.469281037140968,6.484210014343262,8223100,0.0,0.0
2002-10-07,6.469281726516686,6.718100254459636,6.374730894715184,6.47923469543457,7920700,0.0,0.0
2002-10-08,6.563831861746839,6.663359642028809,6.354824757072137,6.663359642028809,12271100,0.0,0.0
2002-10-09,6.399611790224695,6.598666879362896,6.389659296788785,6.4593281745910645,9815200,0.0,0.0
2002-10-10,6.509092264075119,6.917154473651339,6.454352362048735,6.857438087463379,9129800,0.0,0.0
2002-10-11,7.116209870778827,7.315264499850592,6.996777093335768,7.185878753662109,11897500,0.0,0.0
2002-10-14,7.0763985790791954,7.275453197858839,7.0515166330858285,7.205783843994141,6963800,0.0,0.0
2002-10-15,7.683515545156463,7.882570642185756,7.4645554604662605,7.773090362548828,19727400,0.0,0.0
2002-10-16,7.36502748444309,7.519294684267698,7.26550018220405,7.464554786682129,13686500,0.0,0.0
2002-10-17,8.10153279058307,8.32546892882196,7.872619217993485,8.26077651977539,32468100,0.0,0.0
2002-10-18,7.902477368926662,8.220965290385434,7.83280800263088,8.156271934509277,12486800,0.0,0.0
2002-10-21,7.997026039384883,8.330442850726717,7.862664302867923,8.320489883422852,11296300,0.0,0.0
2002-10-22,8.006980248516854,8.220964332901397,7.972145806717946,8.111483573913574,10250200,0.0,0.0
2002-10-23,7.967170472205296,8.161248646906367,7.812902754889097,8.1065092086792,10196500,0.0,0.0
2002-10-24,8.171201738495006,8.230918611918195,8.016934493472396,8.036839485168457,10998300,0.0,0.0
2002-10-25,8.101530507396745,8.469781764664702,8.101530507396745,8.405088424682617,10386700,0.0,0.0
2002-10-28,8.524519907275149,8.609118220503623,8.39015866204988,8.434946060180664,11585300,0.0,0.0
2002-10-29,8.285657595782629,8.330445011097733,7.94726468761554,8.136366844177246,9336800,0.0,0.0
2002-10-30,8.166224654103203,8.439924676722649,7.997027965847295,8.385185241699219,8881000,0.0,0.0
2002-10-31,8.360301018125794,8.474758246724575,8.270727157592773,8.270727157592773,7574500,0.0,0.0
2002-11-01,8.09655290216817,8.434946159048446,8.061718469695276,8.410063743591309,7523700,0.0,0.0
2002-11-04,8.634001114114064,9.056992703696109,8.609118697569743,8.783291816711426,18047100,0.0,0.0
2002-11-05,8.708647622002497,9.042064454640139,8.688741686123347,8.957466125488281,12982200,0.0,0.0
2002-11-06,8.778317887051116,8.793247341320747,8.454853971215094,8.723578453063965,17578200,0.0,0.0
2002-11-07,8.434947440764372,8.67381297044664,8.34537262984171,8.559356689453125,9604200,0.0,0.0
2002-11-08,8.410066185445928,8.524522482279737,8.211011549829001,8.375231742858887,6999900,0.0,0.0
2002-11-11,8.096554492406305,8.096554492406305,7.867641445659048,7.957215785980225,11726300,0.0,0.0
2002-11-12,8.041812010260518,8.439921139811222,8.036835527495255,8.31053638458252,16332400,0.0,0.0
2002-11-13,8.310540883394786,8.634004844903973,8.290634941557888,8.49466609954834,10080900,0.0,0.0
2002-11-14,8.843009841684964,8.96244260945807,8.828080389775602,8.957466125488281,13904000,0.0,0.0
2002-11-15,8.723577377849985,9.106757165201339,8.708647925420465,9.061969757080078,7425600,0.0,0.0
2002-11-18,9.181403915301109,9.280930755401075,9.007230758666992,9.007230758666992,10762700,0.0,0.0
2002-11-19,8.887797141631324,8.942536566307824,8.693718065806767,8.758411407470703,9987500,0.0,0.0
2002-11-20,8.713622996828832,9.156519572924392,8.708646513492493,9.14159107208252,9300300,0.0,0.0
2002-11-21,9.370505220801782,9.529748918260871,9.33567078062852,9.48496150970459,16289500,0.0,0.0
2002-11-22,9.445148796541153,9.569558030265352,9.355573996392987,9.504865646362305,10329800,0.0,0.0
2002-11-25,9.435195935544574,9.579511103878556,9.375480034222825,9.524770736694336,10602000,0.0,0.0
2002-11-26,9.246096292705674,9.390411491895609,9.201308882554821,9.23116683959961,15359400,0.0,0.0
2002-11-27,9.31576269666321,9.823352577194647,9.300834196696872,9.69396686553955,13704600,0.0,0.0
2002-11-29,9.698944289714388,9.698944289714388,9.544677097034793,9.559605598449707,4824400,0.0,0.0
2002-12-02,9.952739402311707,10.171699934929379,9.813400708979152,10.027384757995605,23375900,0.0,0.0
2002-12-03,9.295859337532072,9.703921526791946,9.11173322939012,9.564582824707031,34375200,0.0,0.0
2002-12-04,9.256047580080908,9.599417345808508,9.23116516275736,9.405338287353516,20898100,0.0,0.0
2002-12-05,9.380458198626553,9.45510356323972,9.086852275203091,9.350600242614746,16271000,0.0,0.0
2002-12-06,9.350602802507106,9.703924734682285,9.056996798703826,9.624302864074707,17799700,0.0,0.0
2002-12-09,9.295860981044775,9.340648395020247,8.917656679233803,8.96742057800293,15741200,0.0,0.0
2002-12-10,8.484712144708348,8.733530693810264,8.434949194221916,8.67381477355957,24916800,0.0,0.0
2002-12-11,8.434949445476363,8.579263714687139,8.335421643203954,8.444901466369629,17582700,0.0,0.0
2002-12-12,8.584239328528975,8.663861182599332,8.484711536357343,8.554381370544434,9754400,0.0,0.0
2002-12-13,8.519544812146796,8.629024597011634,8.434946494561697,8.514568328857422,8280100,0.0,0.0
2002-12-16,8.52452048691762,8.823102845036555,8.519544952713288,8.803197860717773,8410900,0.0,0.0
2002-12-17,8.758413762438977,8.798224695256847,8.589217060671151,8.658885955810547,9581800,0.0,0.0
2002-12-18,8.270726836929724,8.31053775645664,8.136364627588685,8.255797386169434,11345400,0.0,0.0
2002-12-19,8.220962069039855,8.305560382612518,7.942285187638697,8.051765441894531,11555300,0.0,0.0
2002-12-20,8.05176692646738,8.250821539467069,7.972145081267503,8.06171989440918,9222800,0.0,0.0
2002-12-23,8.046790654451373,8.111483049442564,7.942286861227966,8.011956214904785,6429900,0.0,0.0
2002-12-24,7.987073637250317,8.026884560115613,7.763137552070758,7.84773588180542,3266300,0.0,0.0
2002-12-26,7.837783803413544,8.061720863178024,7.837783803413544,7.927358627319336,4208200,0.0,0.0
2002-12-27,7.8328063226593985,7.897499190076571,7.653657172215896,7.738255500793457,5115900,0.0,0.0
2002-12-30,7.753183466967643,7.862663726364877,7.648679690857458,7.728301525115967,6277300,0.0,0.0
2002-12-31,7.603893385872095,7.728302638469535,7.4993895947069005,7.71337366104126,7455800,0.0,0.0
2003-01-02,7.967170216033774,8.35035101714083,7.917406315381209,8.335421562194824,11618100,0.0,0.0
2003-01-03,8.315514462165726,8.424995218161152,8.235892611896684,8.295609474182129,6250600,0.0,0.0
2003-01-06,8.211009802200303,8.584237520482136,8.16622240007311,8.574284553527832,10470900,0.0,0.0
2003-01-07,8.499639716455874,8.524521186187176,8.166222896553407,8.270727157592773,10796900,0.0,0.0
2003-01-08,7.887547176331665,7.887547176331665,7.753184949392423,7.8278303146362305,14401400,0.0,0.0
2003-01-09,7.962192946213943,8.220964444766063,7.937310998340288,8.086602210998535,12918200,0.0,0.0
2003-01-10,7.98707316915482,8.285655547729261,7.962191699759956,8.206033706665039,9304200,0.0,0.0
2003-01-13,8.320491059596316,8.370254953982993,8.061720517286806,8.225940704345703,9896400,0.0,0.0
2003-01-14,8.29560798290328,8.405087770050498,8.191103729982029,8.240867614746094,9400100,0.0,0.0
2003-01-15,8.275703969604235,8.28565693869994,8.091578787170556,8.19608211517334,7234900,0.0,0.0
2003-01-16,7.9472635634434425,7.962192541575472,7.693468562280646,7.8278303146362305,13082400,0.0,0.0
2003-01-17,7.464554685441494,7.598916897579572,7.414790797705108,7.534224033355713,13929800,0.0,0.0
2003-01-21,7.559104631269131,7.618821479502413,7.340144594553451,7.419766426086426,7753000,0.0,0.0
2003-01-22,7.41976864878251,7.688492647998128,7.389910690305048,7.43469762802124,10956000,0.0,0.0
2003-01-23,7.48446129075026,7.554130649323968,6.9868242355818015,7.116209983825684,32718000,0.0,0.0
2003-01-24,7.220712607020643,7.320239906909169,7.126161316188844,7.21075963973999,12338600,0.0,0.0
2003-01-27,7.116209837590559,7.190855204498425,6.792745473627911,6.951989650726318,10757500,0.0,0.0
2003-01-28,6.91715378981926,7.086350437916803,6.812650005675695,7.041563034057617,11135500,0.0,0.0
2003-01-29,7.175926509548659,7.4197685573042715,7.081375201507136,7.3252177238464355,11358400,0.0,0.0
2003-01-30,7.360051802951879,7.409815696787611,7.10625679864024,7.16597318649292,7696500,0.0,0.0
2003-01-31,6.932082480136273,7.1858769498488595,6.892271564315337,7.1609954833984375,10984400,0.0,0.0
2003-02-03,7.061469389104814,7.2406190272465185,7.041563926487254,7.16597318649292,7137500,0.0,0.0
2003-02-04,7.031609963315999,7.131137255608995,6.961940621419119,7.066444396972656,7350900,0.0,0.0
2003-02-05,7.056494672068971,7.141093022337108,6.961943351376935,7.001754283905029,9259500,0.0,0.0
2003-02-06,6.927107709733709,6.942036688211848,6.742982059891091,6.862414836883545,9924000,0.0,0.0
2003-02-07,7.021658933303195,7.046540881884545,6.738005953393408,6.75293493270874,5091500,0.0,0.0
2003-02-10,6.738004848262371,6.95696491578148,6.693217443078466,6.902225017547607,9400400,0.0,0.0
2003-02-11,6.951990906676779,7.165974551943443,6.951990906676779,7.011707305908203,11035600,0.0,0.0
2003-02-12,6.93208366007501,6.991800043970989,6.832555878998079,6.852461814880371,6717400,0.0,0.0
2003-02-13,6.757911682128906,6.832557056214003,6.608620459375,6.757911682128906,9539800,0.0,0.0
2003-02-14,6.747959413431941,6.966919532788451,6.718100978046007,6.942037582397461,10234400,0.0,0.0
2003-02-18,7.131138378963395,7.20578374129599,7.0465400485418455,7.096303939819336,8054800,0.0,0.0
2003-02-19,7.101282100852092,7.101282100852092,6.887297982243013,6.956966876983643,7718600,0.0,0.0
2003-02-20,6.996777066937808,7.016682529769883,6.837532889697533,6.862414836883545,7174700,0.0,0.0
2003-02-21,6.842507737719388,6.981845944222278,6.772838397176165,6.867389678955078,5021800,0.0,0.0
2003-02-24,6.792745322965499,6.917154581441671,6.782792829070908,6.832556247711182,7123100,0.0,0.0
2003-02-25,6.58871232592709,6.69321609206781,6.4394211636427015,6.608617782592773,16376600,0.0,0.0
2003-02-26,6.404588596885491,6.499139899499951,6.329943231312947,6.339895725250244,11873200,0.0,0.0
2003-02-27,6.31003942731627,6.484212150957743,6.230417556556307,6.434448719024658,8110600,0.0,0.0
2003-02-28,6.573785832230411,6.673313153108479,6.524021934499527,6.583738327026367,8632400,0.0,0.0
2003-03-03,6.817627390292723,6.857438315743312,6.588714331660008,6.628525257110596,7415800,0.0,0.0
2003-03-04,6.578759758395602,6.588712249320967,6.489184967149739,6.509090423583984,6158900,0.0,0.0
2003-03-05,6.613595856811371,6.66833575716799,6.543926504425426,6.638477802276611,9152600,0.0,0.0
2003-03-06,6.543926132167605,6.628524457186779,6.494162718651603,6.524020671844482,5498800,0.0,0.0
2003-03-07,6.339897908488621,6.444401741027832,6.250323533872027,6.444401741027832,14628300,0.0,0.0
2003-03-10,6.319990318661783,6.389659675173398,6.2453449524293605,6.305061340332031,14383600,0.0,0.0
2003-03-11,6.135864560976281,6.464304925862228,6.135864560976281,6.419517517089844,23586900,0.0,0.0
2003-03-12,6.5289979406894565,6.703171095398976,6.444399605497251,6.673312664031982,18695500,0.0,0.0
2003-03-13,6.85743740953488,7.086350437916803,6.782792052825307,7.041563034057617,14806700,0.0,0.0
2003-03-14,7.141091240869823,7.215736602092499,7.036587450407897,7.121185779571533,11209100,0.0,0.0
2003-03-17,7.081374684182461,7.539200788138191,7.041563759889237,7.449626445770264,13681400,0.0,0.0
2003-03-18,7.588963653270551,7.613845596230779,7.389909058755907,7.439672470092773,10634800,0.0,0.0
2003-03-19,7.52427238401491,7.603894238673742,7.419768581129271,7.559106826782227,8835500,0.0,0.0
2003-03-20,7.464554686053912,7.648680311359876,7.414790798313444,7.579010963439941,6770000,0.0,0.0
2003-03-21,7.6984443206487905,7.897498925586266,7.663609408847022,7.867640972137451,11331800,0.0,0.0
2003-03-24,7.509342784183889,7.5441772240717615,7.220713347612125,7.305311679840088,12259300,0.0,0.0
2003-03-25,7.2306662457549775,7.53422515175759,7.215737267051404,7.474508762359619,7333200,0.0,0.0
2003-03-26,7.479483763372082,7.484460247129937,7.315263596031764,7.464554786682129,7745500,0.0,0.0
2003-03-27,7.215736965168866,7.424744556609415,7.180902524789993,7.370004653930664,7611000,0.0,0.0
2003-03-28,7.519376084799243,7.519376084799243,7.326310967507097,7.336472034454346,9055700,0.304,0.0
2003-03-31,7.102761994163454,7.199294799339736,7.001148897553787,7.118004322052002,6127700,0.0,0.0
2003-04-01,7.1992944529479965,7.311069096105361,7.133245822197257,7.2399396896362305,7973300,0.0,0.0
2003-04-02,7.529538709086289,7.74292648893752,7.504135794199344,7.620990753173828,18341800,0.0,0.0
2003-04-03,7.575264079423042,7.727683978279602,7.539699614017329,7.600667476654053,8260100,0.0,0.0
2003-04-04,7.646393105263223,7.651473881356515,7.392360114952348,7.529537677764893,10162600,0.0,0.0
2003-04-07,7.941067626191266,7.986793620614494,7.676873207092284,7.676873207092285,10955400,0.0,0.0
2003-04-08,7.727684643099444,7.7734106651432135,7.600668130546547,7.620990753173828,8620200,0.0,0.0
2003-04-09,7.753088554990114,7.834379050872491,7.55494260787964,7.554942607879639,6389900,0.0,0.0
2003-04-10,7.47872876166342,7.47872876166342,7.295824762341954,7.412680149078369,7786500,0.0,0.0
2003-04-11,7.4228416159034944,7.509212845929139,7.326309321213891,7.417761325836182,5088500,0.0,0.0
2003-04-14,7.412681573302144,7.560020665214693,7.372036339983468,7.544778823852539,4719400,0.0,0.0
2003-04-15,7.534618837665227,7.681957960169684,7.519376993138422,7.600667476654053,5487300,0.0,0.0
2003-04-16,7.707360668499002,7.768328525686278,7.549860007368114,7.712441444396973,9499200,0.0,0.0
2003-04-17,7.986795401011295,8.24082784476893,7.9613920112767245,8.220505714416504,18513200,0.0,0.0
2003-04-21,8.281472281824787,8.433892605642445,8.230666476277525,8.342440605163574,8504200,0.0,0.0
2003-04-22,8.296718658025526,8.621880623857066,8.2713157428421,8.550751686096191,10500500,0.0,0.0
2003-04-23,8.647282752195144,8.713330899695876,8.499943160684353,8.637121200561523,11567300,0.0,0.0
2003-04-24,8.54566871339337,8.57615239759236,8.372926221167678,8.43897533416748,7181700,0.0,0.0
2003-04-25,8.235748405224513,8.240829180901073,8.02744193230933,8.12905502319336,11222400,0.0,0.0
2003-04-28,8.24590816784068,8.479618952970581,8.205262940304001,8.41865062713623,7552900,0.0,0.0
2003-04-29,8.494862501533143,8.586314529373897,8.418652801352154,8.530427932739258,8181300,0.0,0.0
2003-04-30,8.621876764819625,8.626957539394043,8.41865062713623,8.41865062713623,8329200,0.0,0.0
2003-05-01,8.428812515103802,8.53550587827941,8.28655372847762,8.494860649108887,8305800,0.0,0.0
2003-05-02,8.301795396836342,8.545666752589664,8.296714622459152,8.47453784942627,7527300,0.0,0.0
2003-05-05,8.626961400705571,8.72349422270897,8.525348770912764,8.550751686096191,8961100,0.0,0.0
2003-05-06,8.581232403864377,8.809862437508215,8.555829497485623,8.789539337158203,9275900,0.0,0.0
2003-05-07,8.774300165777849,8.794622302129365,8.586315316966562,8.672686576843262,8193100,0.0,0.0
2003-05-08,8.535505474135187,8.67268347948753,8.449134245105045,8.489779472351074,7383100,0.0,0.0
2003-05-09,8.489780994399455,8.759056278841738,8.449135759866547,8.713330268859863,10448800,0.0,0.0
2003-05-12,8.723491443657439,8.947040708479854,8.667603885187138,8.93687915802002,9588600,0.0,0.0
2003-05-13,8.825104099272927,9.018168692789068,8.764135771865432,8.901313781738281,8874300,0.0,0.0
2003-05-14,8.936878857563931,8.957200988741585,8.723491150375402,8.825104713439941,5488800,0.0,0.0
2003-05-15,8.992765875640918,9.00292645609192,8.891152318661309,8.962281227111816,4992600,0.0,0.0
2003-05-16,8.987685605270078,9.074056842832242,8.906395142747893,8.992766380310059,5936100,0.0,0.0
2003-05-19,8.769217429860946,8.799701112105856,8.525346033784102,8.576151847839355,7811700,0.0,0.0
2003-05-20,8.535504948084249,8.555828044984061,8.291633599638091,8.459295272827148,7873700,0.0,0.0
2003-05-21,8.372924625025135,8.41865062713623,8.266231266138352,8.41865062713623,6882100,0.0,0.0
2003-05-22,8.449134023483214,8.621876477012442,8.413569571708132,8.571070671081543,6360900,0.0,0.0
2003-05-23,8.5405874603782,8.550749010896052,8.38308730358667,8.505023002624512,3995600,0.0,0.0
2003-05-27,8.317038482637498,8.687926324654958,8.291634608422026,8.652361869812012,8032900,0.0,0.0
2003-05-28,8.850509030203453,9.038493861114816,8.835266702596938,9.0232515335083,9721600,0.0,0.0
2003-05-29,9.038493670445973,9.211235201047895,8.992767657649942,9.068977355957031,9588700,0.0,0.0
2003-05-30,9.109623561028364,9.25696219753787,9.079139872277947,9.165511131286621,7646600,0.0,0.0
2003-06-02,9.287447121483755,9.526237800146172,9.160430617481806,9.180752754211426,10403600,0.0,0.0
2003-06-03,9.06897572149753,9.226475865487846,9.018168942096512,9.216314315795898,7571800,0.0,0.0
2003-06-04,9.008006663371889,9.185829892354574,8.977522985821857,9.13502311706543,12409100,0.0,0.0
2003-06-05,8.997849112152357,9.079140570167112,8.926720176580897,9.053736686706543,6914900,0.0,0.0
2003-06-06,9.231558088461304,9.272203324546275,9.008008805464527,9.018170356750488,8323900,0.0,0.0
2003-06-09,8.972442357925996,9.129942491741879,8.957200034372722,9.124861717224121,9907100,0.0,0.0
2003-06-10,8.967363871242705,9.03849376357996,8.814944473057974,8.997847557067871,12599800,0.0,0.0
2003-06-11,8.962281961223475,9.0689763016974,8.89115304694671,9.043572425842285,11377300,0.0,0.0
2003-06-12,8.855586778669172,8.91147432506156,8.693005882682497,8.804780006408691,15951800,0.0,0.0
2003-06-13,8.794621004415966,8.809863331224735,8.540588038623001,8.596475601196289,8882600,0.0,0.0
2003-06-16,8.68284413612271,8.931796248549144,8.677763362106838,8.886070251464844,8684700,0.0,0.0
2003-06-17,8.977524606522556,9.038492941687789,8.916556271357322,8.987686157226562,5481400,0.0,0.0
2003-06-18,8.875911753249587,9.089299489944773,8.835266516215214,9.068977355957031,9721900,0.0,0.0
2003-06-19,8.992767657649942,9.251880438082269,8.967363778841651,9.068977355957031,12111000,0.0,0.0
2003-06-20,9.018172870169133,9.068979671700223,8.799704301926841,8.88099479675293,6478800,0.0,0.0
2003-06-23,8.794621004415966,8.79970178001889,8.591394825593367,8.596475601196289,6640100,0.0,0.0
2003-06-24,8.540587525184966,8.682846326337984,8.484700935030295,8.565991401672363,6721000,0.0,0.0
2003-06-25,8.560910813432775,8.682846516060199,8.484701120422987,8.520265579223633,5144400,0.0,0.0
2003-06-26,8.540588151360314,8.632040175302382,8.525346793409218,8.621878623962402,3841000,0.0,0.0
2003-06-27,8.596473269725086,8.626956946016206,8.408488499636217,8.459295272827148,5054800,0.0,0.0
2003-06-30,8.449135332255945,8.484700758598752,8.311958278311678,8.347522735595703,6597000,0.0,0.0
2003-07-01,8.311957298346732,8.423731432212662,8.245908197698803,8.383086204528809,8700600,0.0,0.0
2003-07-02,8.413571269652678,8.505023289278059,8.357684678038476,8.484701156616211,10939800,0.0,0.0
2003-07-03,8.357685905658688,8.464379298187426,8.33736280095285,8.367846488952637,6960700,0.0,0.0
2003-07-07,8.383089256089253,8.667605953444241,8.372927703204676,8.662525177001953,11646800,0.0,0.0
2003-07-08,8.616797309000782,8.992766932578567,8.606636727355585,8.987686157226562,18711500,0.0,0.0
2003-07-09,8.987687364443776,9.394139756610238,8.967364260305981,9.231558799743652,18147700,0.0,0.0
2003-07-10,9.074057579040527,9.236638517275624,9.043572926327323,9.074057579040527,13581500,0.0,0.0
2003-07-11,8.96736247172346,9.094378940073817,8.962281696702394,9.02833080291748,10941100,0.0,0.0
2003-07-14,9.063896673591115,9.206155489206724,8.982606198684739,8.997847557067871,10011100,0.0,0.0
2003-07-15,9.135024766199425,9.145186316903432,8.921637046709325,8.987686157226562,6684300,0.0,0.0
2003-07-16,8.941960140554766,9.185831542891824,8.90639568217963,9.119783401489258,10568700,0.0,0.0
2003-07-17,7.753085893322383,7.753085893322383,7.250100759329953,7.30598783493042,90277600,0.0,0.0
2003-07-18,7.483810675133857,7.519375618567664,7.057035714692895,7.499053001403809,32460800,0.0,0.0
2003-07-21,7.382197197749403,7.397439523210874,7.285664892473693,7.295825958251953,17358200,0.0,0.0
2003-07-22,7.43808347934141,7.5244547040214345,7.40759931817757,7.483808994293213,19854200,0.0,0.0
2003-07-23,7.636231719866434,7.6616351163582745,7.488892601649139,7.615909099578857,15338600,0.0,0.0
2003-07-24,7.722603201927499,7.778490772741622,7.575264079423042,7.600667476654053,11291300,0.0,0.0
2003-07-25,7.66163236866128,7.79881036980328,7.600664529663495,7.773406982421875,7285700,0.0,0.0
2003-07-28,7.824212665310715,7.930906496407192,7.808970827876726,7.849616050720215,9539300,0.0,0.0
2003-07-29,7.971554954337769,8.00203912610638,7.81405477303345,7.859780788421631,6702100,0.0,0.0
2003-07-30,7.864861064918507,7.880103393038434,7.717521951465522,7.763247966766357,5637400,0.0,0.0
2003-07-31,7.8496166600367765,7.85469743441892,7.671793917425568,7.773406982421875,7649900,0.0,0.0
2003-08-01,7.544778422121379,7.615907334377013,7.519375031517492,7.539697647094727,9948800,0.0,0.0
2003-08-04,7.524458317578042,7.6667166740926085,7.45332889705599,7.595587253570557,8684400,0.0,0.0
2003-08-05,7.493970675364944,7.544777450026602,7.392357610570944,7.407599449157715,9896200,0.0,0.0
2003-08-06,7.204374428130066,7.377116907124967,7.153567645650605,7.295825958251953,20723500,0.0,0.0
2003-08-07,7.209455519855335,7.290746477761244,7.1738910588854905,7.2399396896362305,8924000,0.0,0.0
2003-08-08,7.35171459335112,7.361875660618583,7.224698103066343,7.255181789398193,5603600,0.0,0.0
2003-08-11,7.265341912737194,7.438084383085853,7.260261137837677,7.387277603149414,5525300,0.0,0.0
2003-08-12,7.382196724241096,7.5092131877632795,7.295825490283662,7.493971347808838,8991200,0.0,0.0
2003-08-13,7.493970982203987,7.620987439529478,7.448244980042117,7.519374370574951,13334900,0.0,0.0
2003-08-14,7.4482461848017785,7.539698203917954,7.433004343125552,7.468568801879883,8388300,0.0,0.0
2003-08-15,7.473648916926569,7.514294147491455,7.433003686361683,7.514294147491455,3835300,0.0,0.0
2003-08-18,7.47873125467644,7.590505419822138,7.46348892663246,7.570182800292969,13383000,0.0,0.0
2003-08-19,7.763247566974652,8.032522868872551,7.697198935444758,7.986796855926514,28714900,0.0,0.0
2003-08-20,7.8140539309091235,7.9817156462438215,7.798812088932175,7.885183334350586,12805100,0.0,0.0
2003-08-21,7.946149789649294,8.022359470663826,7.849617010199595,7.915665626525879,11933800,0.0,0.0
2003-08-22,8.012200482662353,8.123974645850565,7.854699820672475,7.905506610870361,11395600,0.0,0.0
2003-08-25,7.854699763600037,7.895345001651232,7.773409287497646,7.84453821182251,6439100,0.0,0.0
2003-08-26,7.742924450731814,8.052844969877983,7.666714757072922,8.022360801696777,17120800,0.0,0.0
2003-08-27,8.047762792588198,8.372924612390984,8.047762792588198,8.286553382873535,18411300,0.0,0.0
2003-08-28,8.26115084803864,8.36784421152932,8.210344069160778,8.32719898223877,13856300,0.0,0.0
2003-08-29,8.337359333677176,8.40848823244914,8.240826564587678,8.276391983032227,7615900,0.0,0.0
2003-09-02,8.22050450410529,8.383085399222661,8.154455409802251,8.372923851013184,13028200,0.0,0.0
2003-09-03,8.52534790514088,8.55583159407711,8.444057421938261,8.479621887207031,14756300,0.0,0.0
2003-09-04,8.525345667534841,8.576151479407475,8.459296561606427,8.535506248474121,11167400,0.0,0.0
2003-09-05,8.347523349399236,8.535507200025696,8.34244257383381,8.403410911560059,12304900,0.0,0.0
2003-09-08,8.38308910815639,8.68792890590115,8.352605419099614,8.672686576843262,21403200,0.0,0.0
2003-09-09,8.179861810900093,8.281474417254685,8.113813180693114,8.12905502319336,26809600,0.0,0.0
2003-09-10,7.885182378477586,7.925827608508554,7.778488528513955,7.819133758544922,25666500,0.0,0.0
2003-09-11,7.885183222497083,7.946151074069451,7.763247034822929,7.925828456878662,15767400,0.0,0.0
2003-09-12,7.97663475759093,7.981715533020981,7.839457212685452,7.925828456878662,9281100,0.0,0.0
2003-09-15,7.9258286518624095,7.961393111688862,7.78356984349775,7.814054012298584,12776900,0.0,0.0
2003-09-16,7.869940175145702,8.057924488069325,7.849617559816915,8.042682647705078,13143300,0.0,0.0
2003-09-17,8.017278583178093,8.057923810417503,7.854697674220456,7.890262126922607,9157200,0.0,0.0
2003-09-18,7.971554951055269,8.108732997163324,7.930909711733505,8.088410377502441,10009000,0.0,0.0
2003-09-19,8.042683625094723,8.215426118646684,8.017280231714242,8.139216423034668,12081600,0.0,0.0
2003-09-22,8.002038571321902,8.002038571321902,7.803892679887143,7.864860534667969,14297800,0.0,0.0
2003-09-23,7.864858849496635,7.956310854337541,7.778488103793854,7.915665626525879,20190400,0.0,0.0
2003-09-24,7.930907894328528,7.956311284215691,7.687036514282227,7.687036514282227,14700900,0.0,0.0
2003-09-25,7.748005289190509,7.798812075062543,7.656553268432616,7.656553268432617,10077700,0.0,0.0
2003-09-26,7.697197108339909,7.875020342135342,7.687036043724664,7.753084659576416,14045800,0.0,0.0
2003-09-29,8.017280171052622,8.088409575073895,7.900425240727772,8.078248023986816,19153600,0.0,0.0
2003-09-30,8.042683384593351,8.05792522635409,7.859779829876241,7.925828456878662,15557600,0.0,0.0
2003-10-01,7.915667142721744,8.20526456748272,7.900425300505225,8.139216423034668,12119100,0.0,0.0
2003-10-02,8.139214419885155,8.49485990156595,8.103649484093628,8.413569450378418,29978100,0.0,0.0
2003-10-03,8.560910123469183,8.657442910332925,8.46437733660544,8.535506248474121,20194300,0.0,0.0
2003-10-06,8.540587390377162,8.652362507039808,8.494861382480407,8.576151847839355,8688700,0.0,0.0
2003-10-07,8.479622595940558,8.565993862694693,8.433896574184894,8.5609130859375,8678600,0.0,0.0
2003-10-08,8.703166929372241,8.703166929372241,8.540586024652645,8.571070671081543,10692500,0.0,0.0
2003-10-09,8.733652700591767,8.804781613302492,8.662522818822287,8.693007469177246,13215700,0.0,0.0
2003-10-10,8.764136831057497,8.81494361519423,8.703168496281657,8.794620513916016,8797600,0.0,0.0
2003-10-13,8.83526851389027,8.865753175352872,8.72857510594849,8.769220352172852,10996600,0.0,0.0
2003-10-14,8.652364440491745,8.69809045860641,8.626960558728596,8.672686576843262,13911900,0.0,0.0
2003-10-15,8.748894139443577,8.82002402188569,8.637119994261349,8.753974914550781,19969800,0.0,0.0
2003-10-16,8.383086276994518,8.494860411826656,8.352602598232785,8.44405460357666,23249300,0.0,0.0
2003-10-17,8.662524110586675,8.728573227146306,8.581233635635513,8.637121200561523,16469100,0.0,0.0
2003-10-20,8.560910591126104,8.621877956327227,8.510103807419304,8.601555824279785,7194800,0.0,0.0
2003-10-21,8.68284723299559,8.769218483953969,8.657444322914438,8.733654022216797,9277000,0.0,0.0
2003-10-22,8.652362759767914,8.682846442903225,8.591394424438477,8.591394424438477,7030000,0.0,0.0
2003-10-23,8.555829266916193,8.61679662820571,8.499941711518522,8.606636047363281,5891000,0.0,0.0
2003-10-24,8.550748573471159,8.62187748533984,8.433893655670111,8.535506248474121,6799800,0.0,0.0
2003-10-27,8.535506131295584,8.545667681154105,8.469457995332647,8.510103225708008,6056200,0.0,0.0
2003-10-28,8.601554910380136,8.698087692260742,8.560909681544937,8.698087692260742,9894700,0.0,0.0
2003-10-29,8.667603709731441,8.769217274155276,8.647281578281936,8.71841049194336,6594400,0.0,0.0
2003-10-30,8.748895147279132,8.75905669866411,8.58631420135498,8.58631420135498,10954400,0.0,0.0
2003-10-31,8.596474614051711,8.69808817632402,8.58631306401273,8.632039070129395,11152300,0.0,0.0
2003-11-03,8.799701476686302,8.814943802969655,8.682846549023745,8.748894691467285,7681400,0.0,0.0
2003-11-04,8.723491704708652,8.73873403085453,8.626958910569048,8.68792724609375,6963600,0.0,0.0
2003-11-05,8.571071068553897,8.743812561035158,8.560909519273036,8.743812561035156,11350600,0.0,0.0
2003-11-06,8.753975554979673,8.98260560623636,8.743814004021857,8.90639591217041,12841900,0.0,0.0
2003-11-07,9.002927449795761,9.028331326373982,8.916556207547423,8.926717758178711,7792100,0.0,0.0
2003-11-10,8.850508145549437,8.850508145549437,8.723491668701172,8.723491668701172,6367700,0.0,0.0
2003-11-11,8.677764892578125,8.759055353051933,8.632038887429268,8.677764892578125,7545900,0.0,0.0
2003-11-12,8.896234252581204,9.068976740519389,8.88607270174747,9.013089179992676,11183100,0.0,0.0
2003-11-13,9.018171776914018,9.135026727928036,9.008010224027839,9.084219932556152,8251000,0.0,0.0
2003-11-14,9.043573515857526,9.231558343607933,9.018170605999394,9.03341293334961,9803200,0.0,0.0
2003-11-17,8.911478100311047,8.952123341526626,8.789541407605325,8.8759126663208,6080700,0.0,0.0
2003-11-18,8.99276578832018,9.053733146668987,8.89115223232725,8.901313781738281,9206500,0.0,0.0
2003-11-19,8.89623309341616,8.967362001866666,8.865749413945757,8.962281227111816,7896000,0.0,0.0
2003-11-20,8.855590267262556,9.018171227296783,8.840347938862237,8.860671043395996,8435900,0.0,0.0
2003-11-21,9.028330652885526,9.063895108383218,8.96736232270467,9.038492202758789,11649200,0.0,0.0
2003-11-24,9.094379532442206,9.246799885825885,8.95720150511454,8.987686157226562,29025000,0.0,0.0
2003-11-25,9.094379208493736,9.12994366563212,9.038492619730041,9.043572425842285,8377600,0.0,0.0
2003-11-26,9.165507763674098,9.19599144122413,9.074055761965367,9.13502311706543,6593900,0.0,0.0
2003-11-28,9.13502311706543,9.165507763674098,9.09945866508062,9.13502311706543,2181100,0.0,0.0
2003-12-01,9.150269064587484,9.195995083552909,9.07914013244528,9.180752754211426,8904100,0.0,0.0
2003-12-02,9.170589734492303,9.251880206526515,9.14010604974419,9.150267601013184,8885600,0.0,0.0
2003-12-03,9.267121415456655,9.272202190478215,9.150266497137057,9.160428047180176,9589100,0.0,0.0
2003-12-04,9.399218441961915,9.404299216866239,9.246799071067105,9.373815536499023,10527100,0.0,0.0
2003-12-05,9.195995083552909,9.246801878965492,9.140107511693163,9.180752754211426,11196700,0.0,0.0
2003-12-08,9.099460200340834,9.135024658326076,9.023250509078343,9.094379425048828,12399100,0.0,0.0
2003-12-09,9.119781010902216,9.14010313790715,8.860667350444036,8.886070251464844,14741700,0.0,0.0
2003-12-10,8.936880775837217,8.957202911376953,8.835267190961641,8.957202911376953,12776200,0.0,0.0
2003-12-11,8.865748519186637,9.058813095092773,8.845425422218307,9.058813095092773,8457500,0.0,0.0
2003-12-12,9.068976254150254,9.089298385669023,8.911476100909404,8.947040557861328,7425900,0.0,0.0
2003-12-15,9.1147027227632,9.119783498164766,8.911476551994658,8.916556358337402,8755700,0.0,0.0
2003-12-16,8.982605166030485,8.987685941260402,8.789539583528786,8.93687915802002,14745200,0.0,0.0
2003-12-17,8.77937814993114,8.784458924667877,8.611716459853609,8.698087692260742,18799900,0.0,0.0
2003-12-18,8.63712035524507,8.830184972094086,8.626958804605962,8.794620513916016,17679600,0.0,0.0
2003-12-19,8.804778990328177,8.814940537419337,8.65235966019466,8.708246231079102,13197500,0.0,0.0
2003-12-22,8.637122800560743,8.68284882232373,8.606639109071777,8.657445907592773,12243100,0.0,0.0
2003-12-23,8.71841328917419,8.733655619445772,8.489783180395866,8.5609130859375,16288000,0.0,0.0
2003-12-24,8.469456821277054,8.550747270759107,8.433892370760981,8.459295272827148,7740600,0.0,0.0
2003-12-26,8.474541110874492,8.499944023478186,8.393250627671874,8.479621887207031,8052300,0.0,0.0
2003-12-29,8.565990635596837,8.662522450439486,8.545667536224459,8.652361869812012,13483400,0.0,0.0
2003-12-30,8.738732697861897,8.764135601837959,8.611716239864245,8.6472806930542,8391000,0.0,0.0
2003-12-31,8.647282752195144,8.677766438037105,8.591395187269134,8.637121200561523,8090200,0.0,0.0
2004-01-02,8.845427370188448,8.855588920910424,8.703168567257219,8.723491668701172,12816700,0.0,0.0
2004-01-05,8.804782828774142,8.891154078585615,8.78954050149251,8.840347290039062,19615400,0.0,0.0
2004-01-06,8.865748124459909,8.916553926501525,8.779376904307183,8.886070251464844,11905400,0.0,0.0
2004-01-07,9.140105398200888,9.165509274562481,9.018169698841634,9.12994384765625,19185600,0.0,0.0
2004-01-08,10.501721902224325,10.501721902224325,10.151156169553143,10.400108337402344,42332700,0.0,0.0
2004-01-09,10.38994873180304,10.710029843648586,10.339141944621195,10.496642112731934,25899800,0.0,0.0
2004-01-12,10.603335975596291,10.71002935162363,10.496641630510133,10.69478702545166,11472000,0.0,0.0
2004-01-13,10.755756306184852,10.781159216311462,10.34422315396857,10.466158866882324,11004900,0.0,0.0
2004-01-14,10.623660487814503,10.69478942109904,10.572853691585962,10.628741264343262,12571100,0.0,0.0
2004-01-15,10.588092180475519,10.608414310159917,10.425511266765588,10.532204627990723,8649300,0.0,0.0
2004-01-16,10.527127671886177,10.669386507514288,10.486482428715151,10.628741264343262,8646700,0.0,0.0
2004-01-20,10.770999703599578,10.776079510882363,10.654143785856508,10.720192909240723,10714000,0.0,0.0
2004-01-21,10.516964371477359,10.669383751735783,10.354382471727241,10.654141426086426,13355900,0.0,0.0
2004-01-22,10.765918636271323,10.913257269964767,10.704950290876777,10.740514755249023,13335900,0.0,0.0
2004-01-23,10.801481586011485,10.938659617119265,10.684626656871748,10.745594024658203,8483900,0.0,0.0
2004-01-26,10.77099906639196,10.796401977539064,10.63890179649735,10.796401977539062,8114000,0.0,0.0
2004-01-27,10.816723949631719,10.887852868646448,10.679545918052874,10.710029602050781,7041900,0.0,0.0
2004-01-28,10.760836926065569,10.806562938877883,10.466158715196698,10.476320266723633,11371800,0.0,0.0
2004-01-29,10.46615563156774,10.542365307448419,10.237525634867104,10.42551040649414,11187900,0.0,0.0
2004-01-30,10.425513192112671,10.542368124289707,10.374706404930826,10.496642112731934,7354000,0.0,0.0
2004-02-02,10.552527726733807,10.659221087958942,10.516963272992095,10.532204627990723,5819900,0.0,0.0
2004-02-03,10.654144133935128,10.679548016474019,10.588095977452074,10.664305686950684,4629100,0.0,0.0
2004-02-04,10.48648175003118,10.532207766771581,10.334062340269158,10.415352821350098,6212200,0.0,0.0
2004-02-05,10.527124808900433,10.547447909488339,10.359463105285307,10.400108337402344,4825400,0.0,0.0
2004-02-06,10.73543158807018,10.821802826191618,10.68970655053178,10.806561470031738,10514000,0.0,0.0
2004-02-09,10.908174113108304,11.014868451998533,10.84720675007854,10.903093338012695,8736000,0.0,0.0
2004-02-10,11.126645800111826,11.263823860008342,11.096162109821169,11.20793628692627,10734000,0.0,0.0
2004-02-11,11.395919641585442,11.558500593789317,11.294306061928564,11.538177490234375,11316700,0.0,0.0
2004-02-12,11.543254154485155,11.604222474374515,11.35527035885522,11.39083480834961,8278700,0.0,0.0
2004-02-13,11.441644155684248,11.477208613184475,11.202852565510526,11.27906322479248,4908800,0.0,0.0
2004-02-17,11.517855355738348,11.553419817900581,11.42640332785894,11.538177490234375,5525600,0.0,0.0
2004-02-18,11.680438174948074,11.680438174948074,11.431485930960903,11.477211952209473,7302000,0.0,0.0
2004-02-19,11.568658555749863,11.614384555500543,11.400996879683573,11.421319007873535,8635400,0.0,0.0
2004-02-20,11.42131939530503,11.436561718758508,11.202850937765076,11.294302940368652,9201400,0.0,0.0
2004-02-23,11.568662812924424,11.58390417241094,11.279065353972996,11.32987117767334,11482100,0.0,0.0
2004-02-24,11.228256591685023,11.380675974168378,11.126643023990251,11.268901824951172,10264000,0.0,0.0
2004-02-25,11.22317861660112,11.289226773740715,11.086000556704603,11.20793628692627,8427400,0.0,0.0
2004-02-26,11.035191733154111,11.248579464110131,11.030110957529102,11.218095779418945,9304100,0.0,0.0
2004-02-27,11.27906596204043,11.314630428171581,11.030112761004336,11.06059741973877,12200700,0.0,0.0
2004-03-01,11.202850391074804,11.324787034634923,11.141883038353344,11.299383163452148,6201400,0.0,0.0
2004-03-02,11.309548359849703,11.406081163363957,11.162208766640637,11.21301555633545,6974900,0.0,0.0
2004-03-03,11.253660262509602,11.406080624391711,11.106321645321646,11.314628601074219,9494000,0.0,0.0
2004-03-04,11.380674740884217,11.58390088519205,11.360352610982781,11.553417205810547,7394400,0.0,0.0
2004-03-05,11.62454548539464,11.914143815562765,11.583900258731179,11.797287940979004,13243600,0.0,0.0
2004-03-08,11.898905170961896,11.949711962263862,11.67027509463252,11.710920333862305,12407500,0.0,0.0
2004-03-09,11.55849890261898,11.614386460159022,11.360353517244318,11.45688533782959,9470800,0.0,0.0
2004-03-10,11.213016837174846,11.233339942997803,11.050435866827291,11.06059741973877,10311100,0.0,0.0
2004-03-11,10.882770819266177,10.999625735128864,10.730351448059082,10.730351448059082,11932000,0.0,0.0
2004-03-12,10.816726239967393,10.913258087910243,10.689709732512965,10.847209930419922,9845400,0.0,0.0
2004-03-15,10.796402358222288,10.806563910663005,10.008900456187312,10.379788398742676,9402800,0.0,0.0
2004-03-16,10.623656556415455,10.740511466156352,10.4712371931933,10.603334426879883,8782200,0.0,0.0
2004-03-17,10.796401745798622,10.908175909129207,10.740514179603867,10.877692222595215,9997100,0.0,0.0
2004-03-18,10.577933199233824,10.633820765287105,10.455997484347602,10.552530288696289,10905400,0.0,0.0
2004-03-19,10.349302478281365,10.395027516284392,10.090188761284116,10.171479225158691,18387600,0.0,0.0
2004-03-22,10.08510921445714,10.09018999020045,9.871721478532514,9.922528266906738,10289000,0.0,0.0
2004-03-23,10.13591568519996,10.171480145229758,9.770107595616075,9.846317291259766,19460700,0.0,0.0
2004-03-24,9.902202710219992,10.115590393268278,9.815831482103814,9.927606582641602,13208000,0.0,0.0
2004-03-25,10.161317357337564,10.257850143568719,10.090188445934999,10.227365493774414,12143100,0.0,0.0
2004-03-26,10.19529683684363,10.272887407789911,10.117707252502441,10.117707252502441,10542300,0.358,0.0
2004-03-29,10.39703116757239,10.407376708805629,10.29357772845023,10.35047721862793,10465400,0.0,0.0
2004-03-30,10.293578594219856,10.360823631286621,10.247024641359847,10.360823631286621,7300900,0.0,0.0
2004-03-31,10.474620695804145,10.572901363767294,10.422893976528535,10.49013900756836,10122700,0.0,0.0
2004-04-01,10.75911651955914,10.75911651955914,10.660836835025504,10.707390785217285,9218400,0.0,0.0
2004-04-02,10.888431346278226,10.955676370336157,10.816014538774308,10.914295196533203,7787000,0.0,0.0
2004-04-05,10.86774392602511,10.991887477971927,10.769463244090243,10.940160751342773,8435800,0.0,0.0
2004-04-06,9.207318526922453,9.207318526922453,8.871096404073946,8.902132034301758,94332300,0.0,0.0
2004-04-07,8.907305849691053,8.922824159929604,8.731435613407518,8.752126693725586,48766300,0.0,0.0
2004-04-08,8.902132410625129,8.917650719697495,8.762471575393587,8.845233917236328,20726400,0.0,0.0
2004-04-12,8.922824665643146,8.933170206388528,8.783162825395689,8.814199447631836,16151600,0.0,0.0
2004-04-13,8.752127748839282,8.777990615749756,8.560739179244326,8.607293128967285,19976600,0.0,0.0
2004-04-14,8.426251297969582,8.576257705688477,8.400387443807597,8.576257705688477,18911200,0.0,0.0
2004-04-15,8.405559336252152,8.441767741689969,8.296934119938703,8.302105903625488,22658400,0.0,0.0
2004-04-16,7.6762145831988775,7.758976924801701,7.267575151558087,7.557243347167969,89588100,0.0,0.0
2004-04-19,7.815878613336533,7.914159297943114,7.71242565056853,7.914159297943115,30013400,0.0,0.0
2004-04-20,7.94519329056394,7.96588387882182,7.73828740798514,7.743460178375244,18681700,0.0,0.0
2004-04-21,7.650350730049053,7.790012542388036,7.6296601459954,7.764149188995361,12895100,0.0,0.0
2004-04-22,7.681387446979109,7.846912132212593,7.640006275670738,7.815876007080078,15637000,0.0,0.0
2004-04-23,7.857257761755513,7.883121119069104,7.784840953240468,7.867603302001953,9800800,0.0,0.0
2004-04-26,7.940020079439516,7.9451923559186355,7.7641498532850415,7.805531024932861,9238900,0.0,0.0
2004-04-27,7.743461282125077,7.821050875826082,7.707252377535683,7.722770690917969,12550700,0.0,0.0
2004-04-28,7.588280933122335,7.629662111892122,7.505518575582763,7.552072525024414,14223300,0.0,0.0
2004-04-29,7.371030247246909,7.45379261319986,7.314131243979909,7.381375789642334,17630400,0.0,0.0
2004-04-30,7.360683768578768,7.360683768578768,7.241713005980034,7.246885776519775,12100700,0.0,0.0
2004-05-03,7.3193022988805145,7.334820609880672,7.195158770694439,7.221022129058838,10688200,0.0,0.0
2004-05-04,7.267576333635084,7.386547095714214,7.205504567336945,7.319302558898926,10873200,0.0,0.0
2004-05-05,7.484825896065443,7.526207063279567,7.350336855968328,7.443444728851318,15883200,0.0,0.0
2004-05-06,7.334820870450372,7.386547095714214,7.267576333635084,7.319302558898926,8007000,0.0,0.0
2004-05-07,7.272748660375618,7.350338240188209,7.179640769958496,7.179640769958496,9640900,0.0,0.0
2004-05-10,7.133086536098118,7.138259306090304,6.957216302783767,7.0865325927734375,12249800,0.0,0.0
2004-05-11,7.0503241894331286,7.107223179439685,6.9830796594422,7.0865325927734375,13432500,0.0,0.0
2004-05-12,7.034806251525879,7.050324067932515,6.88479937745508,7.034806251525879,11908300,0.0,0.0
2004-05-13,6.833071238830712,6.988250850415457,6.7916900748484315,6.9727325439453125,16490000,0.0,0.0
2004-05-14,6.812382632861204,6.8744543968393605,6.750310868883047,6.822727680206299,15617300,0.0,0.0
2004-05-17,6.734791550532784,6.84341674331323,6.71410047384803,6.765827178955078,10114200,0.0,0.0
2004-05-18,6.874453360821696,6.910661761026518,6.8382449606168745,6.9003167152404785,9777400,0.0,0.0
2004-05-19,7.102049395121361,7.102049395121361,6.936524725431881,6.957215309143066,14024600,0.0,0.0
2004-05-20,6.936527769377743,6.952045590645186,6.786520848318738,6.802038669586182,11790100,0.0,0.0
2004-05-21,6.7606548063527665,6.7916909298980075,6.652029113898098,6.776173114776611,16214600,0.0,0.0
2004-05-24,6.765828503856074,6.8072096787241065,6.75031068660619,6.781346321105957,10217400,0.0,0.0
2004-05-25,6.745139209659573,7.034807982576168,6.698585255681673,6.99342679977417,13532000,0.0,0.0
2004-05-26,6.895145121716003,6.952044116499918,6.827900586079081,6.936526298522949,11218600,0.0,0.0
2004-05-27,7.060667709515966,7.138257762715388,7.019286545130563,7.102048873901367,10562000,0.0,0.0
2004-05-28,7.03480386881441,7.133083997171958,6.993422710210987,7.107220649719238,8422800,0.0,0.0
2004-06-01,7.0348067651341,7.10205080557315,6.983080048932111,7.096878528594971,11422100,0.0,0.0
2004-06-02,7.076184926061757,7.081357200836358,7.01411318904571,7.050321578979492,8244800,0.0,0.0
2004-06-03,6.988253742868252,7.0244621530138875,6.962390381348831,6.967563152313232,7799800,0.0,0.0
2004-06-04,7.18481463093593,7.2986126328305145,7.143433449646519,7.226195812225342,12233100,0.0,0.0
2004-06-07,7.345165961516599,7.515863443169187,7.329648143176151,7.510691165924072,14074100,0.0,0.0
2004-06-08,7.360683542046462,7.453791435686105,7.329647906368271,7.412410259246826,11618200,0.0,0.0
2004-06-09,7.3813742163961225,7.396892033379221,7.2572302006238045,7.267575740814209,9262700,0.0,0.0
2004-06-10,7.308955758009864,7.391718093222322,7.2882651742067495,7.365854740142822,7038900,0.0,0.0
2004-06-14,7.252059243351917,7.308958244844462,7.2468864723155235,7.283094882965088,7542700,0.0,0.0
2004-06-15,7.288266157854514,7.489999253835819,7.288266157854514,7.427927494049072,12055100,0.0,0.0
2004-06-16,7.288267980432232,7.329649163971593,7.2417140256247965,7.303785800933838,13654500,0.0,0.0
2004-06-17,7.241712799123823,7.246885569515806,7.1382598577968475,7.210676670074463,9753800,0.0,0.0
2004-06-18,7.210677055500627,7.334821085031298,7.200332007466232,7.288267135620117,8007900,0.0,0.0
2004-06-21,7.3141301237822836,7.350338530015538,7.2468855884187136,7.272748947143555,7141900,0.0,0.0
2004-06-22,7.241713186208935,7.2934399062885955,7.195159236797753,7.288267135620117,13116900,0.0,0.0
2004-06-23,7.314129907278121,7.396892258105749,7.246885373905044,7.371028900146484,9136200,0.0,0.0
2004-06-24,7.371027420059922,7.422754125591838,7.283092316637118,7.308955669403076,8346100,0.0,0.0
2004-06-25,7.334821935239668,7.376203118779029,7.272750159930626,7.303785800933838,9591800,0.0,0.0
2004-06-28,7.407235777723674,7.433099130349174,7.298610091338511,7.314128398895264,6317600,0.0,0.0
2004-06-29,7.28309239591119,7.3296463327361545,7.267574581403679,7.298610210418701,7742800,0.0,0.0
2004-06-30,7.4900000183587325,7.541726736778812,7.4020653863286725,7.521036148071289,13895000,0.0,0.0
2004-07-01,7.650351563868556,7.681387689982912,7.4951719199017575,7.577934265136719,15044700,0.0,0.0
2004-07-02,7.557244035000894,7.572762345440694,7.50551781344243,7.526208400726318,4282000,0.0,0.0
2004-07-06,7.396892636748511,7.396892636748511,7.283094151883982,7.319302558898926,7223700,0.0,0.0
2004-07-07,7.277921008814142,7.448618480721754,7.241712603652687,7.371028900146484,6016000,0.0,0.0
2004-07-08,7.417581437116103,7.448617066131126,7.293437934451151,7.298610210418701,6873900,0.0,0.0
2004-07-09,7.47448125398382,7.603797540361749,7.458963437743164,7.588279724121094,11604500,0.0,0.0
2004-07-12,7.48482764128706,7.510691000151999,7.386546976260799,7.469309329986572,8858900,0.0,0.0
2004-07-13,7.37102914784504,7.417583095075625,7.3244752006144545,7.402065277099609,7041100,0.0,0.0
2004-07-14,7.2882651742067495,7.371027509419208,7.267574590403634,7.365854740142822,13426800,0.0,0.0
2004-07-15,6.258909365471118,6.589958790882777,6.212355416696965,6.4399518966674805,58464500,0.0,0.0
2004-07-16,6.398569453329243,6.424432807901317,6.26925317377133,6.279598712921143,18929700,0.0,0.0
2004-07-19,6.279598938064901,6.320980109542885,6.212354411087559,6.248562812805176,12079100,0.0,0.0
2004-07-20,6.248562531232053,6.434777794491733,6.2123541311460615,6.3571882247924805,11081600,0.0,0.0
2004-07-21,6.39857141253832,6.4192620038708395,6.196837777069308,6.212356090545654,12521300,0.0,0.0
2004-07-22,6.129591989259209,6.258908271789551,6.098555864398841,6.258908271789551,11798300,0.0,0.0
2004-07-23,6.09855547725305,6.119246061412335,6.036483724775193,6.041656494140625,12428400,0.0,0.0
2004-07-26,6.114073628704557,6.145109753303639,6.000275656213677,6.062347412109375,9912700,0.0,0.0
2004-07-27,6.077865227757683,6.093383043405991,5.974412301264854,6.062347412109375,11683900,0.0,0.0
2004-07-28,5.964067315078772,5.974412855338745,5.824405974686717,5.917513370513916,15727400,0.0,0.0
2004-07-29,5.8657874940781145,6.052002789986017,5.860614723643927,6.000276565551758,10146200,0.0,0.0
2004-07-30,5.974414089588141,6.010622501373291,5.917514593008492,6.010622501373291,12195300,0.0,0.0
2004-08-02,5.855441163579373,6.010620802560614,5.845096117408609,5.97958517074585,6903000,0.0,0.0
2004-08-03,5.974414452680843,6.005450095153547,5.87613376714445,5.896824359893799,5990100,0.0,0.0
2004-08-04,5.84509572930325,6.036483757128004,5.839922959910096,5.969239234924316,8876800,0.0,0.0
2004-08-05,5.9692385875663785,5.98475640076051,5.850267864240722,5.855440139770508,10853800,0.0,0.0
2004-08-06,5.90199484275577,5.90199484275577,5.783024103906647,5.814059734344482,13553200,0.0,0.0
2004-08-09,5.746815536689246,5.808887294388842,5.715779904490687,5.767506122589111,6780000,0.0,0.0
2004-08-10,5.860612412925953,5.94337473403133,5.8295767891626085,5.927856922149658,7487300,0.0,0.0
2004-08-11,5.757161366227409,5.819233127053008,5.731298009224451,5.793369770050049,8623500,0.0,0.0
2004-08-12,5.664053624244618,5.726125386669194,5.633017989683589,5.705434799194336,13405000,0.0,0.0
2004-08-13,5.783023913918507,5.819232312673921,5.720952161779611,5.772678375244141,8160000,0.0,0.0
2004-08-16,5.783023014746243,5.984756054505622,5.77267747768045,5.9744110107421875,9646900,0.0,0.0
2004-08-17,6.0261386184679955,6.067519789755997,5.97958517074585,5.97958517074585,10210300,0.0,0.0
2004-08-18,5.9537229652443155,6.186492222021097,5.943377423772981,6.1502838134765625,12141700,0.0,0.0
2004-08-19,6.13476448464807,6.160627840737897,6.057174909681076,6.093383312225342,8379800,0.0,0.0
2004-08-20,6.005448238085535,6.176145698808464,5.989930421647766,6.155455112457275,7204400,0.0,0.0
2004-08-23,6.1037279993887505,6.186490332673628,6.072691877755712,6.077864646911621,7919700,0.0,0.0
2004-08-24,6.108902437531701,6.108902437531701,6.015794540497395,6.046830177307129,8523900,0.0,0.0
2004-08-25,6.00027624650801,6.160628175021359,5.989930706189723,6.114074230194092,7705200,0.0,0.0
2004-08-26,6.114074372872966,6.186491676883378,6.108902095895634,6.160628318786621,10497100,0.0,0.0
2004-08-27,6.098555319634045,6.1451092561148455,6.067519197546035,6.134763717651367,8397000,0.0,0.0
2004-08-30,6.114073292046904,6.129591600143197,6.041656494140624,6.041656494140625,5182400,0.0,0.0
2004-08-31,6.057175054000504,6.150282940821292,6.057175054000504,6.139937400817871,7467100,0.0,0.0
2004-09-01,6.09338364286003,6.165800945180503,6.083038595844257,6.114074230194092,7415800,0.0,0.0
2004-09-02,6.170975088897069,6.39857160023098,6.165802317586551,6.383053779602051,15210500,0.0,0.0
2004-09-03,6.4296074745753815,6.46064311457718,6.33649956796478,6.419261932373047,10842200,0.0,0.0
2004-09-07,6.538232515374147,6.564095381561952,6.450297389088464,6.512369155883789,14744500,0.0,0.0
2004-09-08,6.481331178461357,6.646856336038484,6.481331178461357,6.57443904876709,17052700,0.0,0.0
2004-09-09,7.065843160289666,7.143433242939055,6.967562980896869,7.122742652893066,36120800,0.0,0.0
2004-09-10,7.117568204812021,7.189985006256783,7.076187034471453,7.158949375152588,15236600,0.0,0.0
2004-09-13,7.133087784195231,7.210677374444111,7.096879374519432,7.112397193908691,11880400,0.0,0.0
2004-09-14,7.10722404491829,7.195159172283721,7.102051274296192,7.16412353515625,7600100,0.0,0.0
2004-09-15,7.086533074448043,7.096878615135606,7.014116262845225,7.019288539886475,8081800,0.0,0.0
2004-09-16,7.02963431394053,7.22102238329128,7.0244615434250255,7.184813976287842,16307700,0.0,0.0
2004-09-17,7.246885302670583,7.288266477677633,7.174467999756986,7.179640769958496,9078600,0.0,0.0
2004-09-20,7.179640414819962,7.2675755306858925,7.16929487492868,7.2313666343688965,8960700,0.0,0.0
2004-09-21,7.30895562970968,7.319300674778427,7.252056648575517,7.314128398895264,11211700,0.0,0.0
2004-09-22,7.189986253500798,7.319302556573134,7.1744684352568315,7.184813976287842,12624700,0.0,0.0
2004-09-23,7.102049895957461,7.174467190704685,7.045150910064797,7.158949375152588,10341000,0.0,0.0
2004-09-24,7.122742735703254,7.1692961938710305,7.091706603622151,7.112397193908691,10463800,0.0,0.0
2004-09-27,7.04515090084756,7.096877610356825,7.019287546092927,7.024460315704346,5840600,0.0,0.0
2004-09-28,7.029633893195076,7.06066952782543,6.952043820014154,7.045151710510254,7472100,0.0,0.0
2004-09-29,7.060666621831009,7.112393315995539,7.024458231897227,7.050321578979492,7900200,0.0,0.0
2004-09-30,7.1537775217751385,7.210676514955305,7.0865329880335635,7.096878528594971,8804900,0.0,0.0
2004-10-01,7.236538399478274,7.453789774003638,7.184812187111832,7.443444728851318,15898400,0.0,0.0
2004-10-04,7.443446423652862,7.521036006520144,7.4279281124373755,7.47448205947876,15214200,0.0,0.0
2004-10-05,7.422755217377048,7.546898736950543,7.422755217377048,7.427927494049072,9891000,0.0,0.0
2004-10-06,7.391719746694295,7.474482100420069,7.365856387829356,7.469309329986572,7818700,0.0,0.0
2004-10-07,7.422756671905518,7.484828443855557,7.360684406652885,7.422756671905518,7949800,0.0,0.0
2004-10-08,7.329648835687441,7.381375559446187,7.262404292122109,7.283094882965088,6935400,0.0,0.0
2004-10-11,7.210676835230814,7.283094142469642,7.179641198773136,7.252058506011963,6618700,0.0,0.0
2004-10-12,7.1227411181557745,7.158949519608783,7.060668868089943,7.138258934020996,9736800,0.0,0.0
2004-10-13,7.236539404314538,7.277920577274682,7.164122598285532,7.2313666343688965,15966900,0.0,0.0
2004-10-14,7.427928082461153,7.469309258930377,7.319302370903807,7.345165729522705,20856300,0.0,0.0
2004-10-15,7.557243887683627,7.71759630598481,7.515862713922515,7.614143371582031,18717800,0.0,0.0
2004-10-18,7.624488457694542,7.6917329887287895,7.572762236877625,7.676215171813965,8627000,0.0,0.0
2004-10-19,7.810705826873831,7.8779498783199795,7.712425148663112,7.722770690917969,15926700,0.0,0.0
2004-10-20,7.78484154455349,7.78484154455349,7.696906418989499,7.717597007751465,10596100,0.0,0.0
2004-10-21,7.753804313721847,7.831394380538368,7.72794095811634,7.805531024932861,10478900,0.0,0.0
2004-10-22,7.846913310839388,7.862431129085225,7.707251466719208,7.717597007751465,7440400,0.0,0.0
2004-10-25,7.707250595092774,7.707250595092774,7.608970432913749,7.707250595092773,7025100,0.0,0.0
2004-10-26,7.655524584826697,7.681387941886408,7.619315687622099,7.676215171813965,7753700,0.0,0.0
2004-10-27,7.748630835146638,7.940019353138945,7.733113020523793,7.90898323059082,11284400,0.0,0.0
2004-10-28,7.908984184774265,8.064163829631749,7.883120828414269,7.976228713989258,10193500,0.0,0.0
2004-10-29,8.002092070349253,8.05899105969925,7.924502001269265,7.976228713989258,11238700,0.0,0.0
2004-11-01,8.043471375604,8.079679770119332,7.996917443625786,8.038298606872559,8759800,0.0,0.0
2004-11-02,8.069336972533113,8.14692655189684,8.0434736149777,8.058991432189941,10413600,0.0,0.0
2004-11-03,8.224515834101332,8.25037919072228,8.100372314283783,8.167616844177246,16058900,0.0,0.0
2004-11-04,8.172788884776319,8.405558086986215,8.074508237048336,8.338314056396484,22308500,0.0,0.0
2004-11-05,8.379695763813196,8.431421489153735,8.286587879632277,8.400385856628418,10526900,0.0,0.0
2004-11-08,8.32796975508468,8.395213795668475,8.245206910322846,8.302105903625488,9080000,0.0,0.0
2004-11-09,8.348658362315987,8.3900395306735,8.291759872452456,8.37452220916748,10584000,0.0,0.0
2004-11-10,8.441766947840232,8.46245802706183,8.374522913579955,8.410731315612793,7875700,0.0,0.0
2004-11-11,8.514184977798893,8.653846822838656,8.514184977798893,8.643501281738281,12671300,0.0,0.0
2004-11-12,8.57625753244072,8.617638711658806,8.519358041038926,8.602120399475098,11165900,0.0,0.0
2004-11-15,8.529703271516507,8.565911678686593,8.47280378218917,8.509013175964355,7159200,0.0,0.0
2004-11-16,8.483147829040114,8.493493368296468,8.390039948942777,8.452112197875977,7071300,0.0,0.0
2004-11-17,8.565910920070351,8.664191578403134,8.534875286188162,8.617637634277344,9452800,0.0,0.0
2004-11-18,8.638328015551178,8.741780448988328,8.596946844855331,8.715917587280273,7605900,0.0,0.0
2004-11-19,8.653847056036435,8.669365368105174,8.436595620099718,8.47797679901123,7784900,0.0,0.0
2004-11-22,8.410732508927618,8.514184959898568,8.390041426770368,8.509013175964355,7298600,0.0,0.0
2004-11-23,8.498667600013906,8.51935769548116,8.343487444286568,8.384868621826172,7292500,0.0,0.0
2004-11-24,8.426252834959923,8.498669666612361,8.36935333202996,8.493496894836426,5938100,0.0,0.0
2004-11-26,8.488320184160587,8.545219660687053,8.472801876033856,8.514183044433594,2454900,0.0,0.0
2004-11-29,8.56073890814728,8.591775531383156,8.483149323267794,8.509013175964355,7537900,0.0,0.0
2004-11-30,8.529702397738768,8.550393477776437,8.353832163838588,8.364177703857422,8204800,0.0,0.0
2004-12-01,8.42107583478663,8.57625496372471,8.410730296429467,8.560736656188965,7860900,0.0,0.0
2004-12-02,8.612463704792793,8.669363181421222,8.591773613858289,8.648672103881836,8183400,0.0,0.0
2004-12-03,8.586601126294095,8.617636757016912,8.431420999470188,8.467630386352539,9733500,0.0,0.0
2004-12-06,8.467632541976839,8.596948853947984,8.395214736381487,8.436595916748047,10522400,0.0,0.0
2004-12-07,8.509013141050081,8.555567089107774,8.348660214804656,8.384868621826172,10134100,0.0,0.0
2004-12-08,8.333141286873442,8.364176917406787,8.250378454412132,8.338314056396484,9106700,0.0,0.0
2004-12-09,8.13658071740429,8.255551960537199,8.033127784225124,8.234861373901367,12268200,0.0,0.0
2004-12-10,8.121062524640365,8.162443695995535,7.981401194642286,8.017609596252441,13010100,0.0,0.0
2004-12-13,8.038301173697901,8.10554570877232,7.95553882077632,8.079682350158691,10030200,0.0,0.0
2004-12-14,7.996920037735225,8.10554574982054,7.955538861064872,8.074509620666504,8247200,0.0,0.0
2004-12-15,8.177963636753178,8.20899927481,8.058992375395169,8.126236915588379,7735900,0.0,0.0
2004-12-16,7.981401441752626,7.986573718355304,7.774495085268324,7.846912384033203,17433300,0.0,0.0
2004-12-17,7.758978293113035,7.841740649311165,7.691733755376416,7.8365678787231445,14208400,0.0,0.0
2004-12-20,7.888290920795094,7.965880470236083,7.836564225632885,7.883118152618408,11873600,0.0,0.0
2004-12-21,8.01761124730558,8.069337968802774,7.971057296618618,8.05381965637207,10763700,0.0,0.0
2004-12-22,8.079682679054804,8.152099987460314,8.074509908461005,8.100373268127441,9073700,0.0,0.0
2004-12-23,8.22451612604298,8.250379483581986,8.172789904267482,8.193480491638184,6740900,0.0,0.0
2004-12-27,8.229688188108145,8.245206003975351,8.157271385192871,8.157271385192871,6449600,0.0,0.0
2004-12-28,8.224516868591309,8.250380228465382,8.157272823542304,8.224516868591309,6384300,0.0,0.0
2004-12-29,8.167616431336851,8.219343141964167,8.152098615469646,8.157271385192871,4915500,0.0,0.0
2004-12-30,8.131409021261968,8.177962967841921,8.105545662795045,8.152099609375,6371200,0.0,0.0
2004-12-31,8.126235630478641,8.167616803545295,8.084854457411986,8.105545043945312,4671000,0.0,0.0
2005-01-03,8.250377495804662,8.255550264726683,8.053816716489456,8.064162254333496,8831300,0.0,0.0
2005-01-04,8.146924830556904,8.157270368714197,7.919328417422978,8.0279541015625,9550400,0.0,0.0
2005-01-05,7.924500693199214,8.069335267586851,7.919328417422978,8.0279541015625,12875800,0.0,0.0
2005-01-06,8.007265705685109,8.1107191486795,8.007265705685109,8.05381965637207,11656100,0.0,0.0
2005-01-07,8.09519961120621,8.105545151261095,7.831394752739186,7.888293743133545,17384100,0.0,0.0
2005-01-10,8.002092772963731,8.095200173411415,7.96588387355946,8.01243782043457,16745100,0.0,0.0
2005-01-11,7.960711781329833,7.976229599547694,7.826222707968239,7.852086067199707,9340300,0.0,0.0
2005-01-12,7.883120603353079,7.9555379004330735,7.8313943854123504,7.9400200843811035,9838700,0.0,0.0
2005-01-13,7.877947050261864,7.877947050261864,7.769321855396222,7.779666900634766,9389500,0.0,0.0
2005-01-14,7.800355835000733,7.888290920795094,7.769320212545268,7.883118152618408,13277400,0.0,0.0
2005-01-18,7.696905940540589,7.810704418308824,7.665869812675608,7.784841060638428,9306000,0.0,0.0
2005-01-19,7.717596539919149,7.722769310121709,7.5158629417419425,7.515862941741943,19237700,0.0,0.0
2005-01-20,7.3296482729821095,7.396892811385002,7.26757650521849,7.293439865112305,25914200,0.0,0.0
2005-01-21,7.246883879389933,7.371027380029426,7.210674988393265,7.314128398895264,17375000,0.0,0.0
2005-01-24,7.2675738172736635,7.3037822117516304,7.200329303741455,7.200329303741455,15686400,0.0,0.0
2005-01-25,7.2261951467622,7.272749094751265,7.200331787512437,7.252058506011963,12777900,0.0,0.0
2005-01-26,7.314130088529175,7.510690923267013,7.314130088529175,7.412410259246826,20127900,0.0,0.0
2005-01-27,7.914157685004844,7.9348482733416175,7.764150796237609,7.872776508331299,32304500,0.0,0.0
2005-01-28,7.893467178826387,7.919330537842183,7.764150877049949,7.862431049346924,13003400,0.0,0.0
2005-01-31,7.893468313010347,7.934849496060516,7.852087129960177,7.903813362121582,9964100,0.0,0.0
2005-02-01,7.934846884128733,8.043472577204513,7.929674114624541,8.002091407775879,8376100,0.0,0.0
2005-02-02,8.074508378948716,8.115889549255371,8.03312720864206,8.115889549255371,11477100,0.0,0.0
2005-02-03,8.038300844806114,8.07968201957377,7.9865741296952875,8.058991432189941,8193000,0.0,0.0
2005-02-04,7.986573555836457,8.15727150611603,7.981401279339029,8.141753196716309,10168100,0.0,0.0
2005-02-07,8.069337515656335,8.074509792873535,8.017610797063934,8.048646926879883,10611300,0.0,0.0
2005-02-08,8.048647327143753,8.162445324422194,8.022783966561352,8.126236915588379,9947600,0.0,0.0
2005-02-09,8.095199504027402,8.193480160037579,8.074508917494075,8.105545043945312,12619000,0.0,0.0
2005-02-10,8.126235590431968,8.203825166223956,8.126235590431968,8.177962303161621,9348300,0.0,0.0
2005-02-11,8.167615245721086,8.276240927628303,8.14692466313411,8.260723114013672,9139800,0.0,0.0
2005-02-14,8.291761308923423,8.322796943916975,8.219344005100929,8.307278633117676,10218800,0.0,0.0
2005-02-15,8.28658676147461,8.312449620655052,8.21934224234014,8.28658676147461,8208200,0.0,0.0
2005-02-16,8.22451612604298,8.22451612604298,8.15209931689678,8.193480491638184,6654300,0.0,0.0
2005-02-17,8.198651757575849,8.219342341150389,8.115888929975265,8.136579513549805,7897300,0.0,0.0
2005-02-18,8.141754068667217,8.193480785601063,8.110718433148936,8.152099609375,5845500,0.0,0.0
2005-02-22,8.245206708351912,8.43142199457391,8.229688891159041,8.327969551086426,13744000,0.0,0.0
2005-02-23,8.286588832654317,8.30727892784906,8.203825985362638,8.265897750854492,9079000,0.0,0.0
2005-02-24,8.260726358475724,8.405560493469238,8.18830904432767,8.405560493469238,12080200,0.0,0.0
2005-02-25,8.379695270080331,8.49349324037148,8.379695270080331,8.47280216217041,11680600,0.0,0.0
2005-02-28,8.441768368006072,8.44694113868169,8.333143143633444,8.348660469055176,6434400,0.0,0.0
2005-03-01,8.405558626483465,8.44176702886383,8.307277972447498,8.400385856628418,10051700,0.0,0.0
2005-03-02,8.296933997844217,8.338315172964922,8.255552329420993,8.31762409210205,5927400,0.0,0.0
2005-03-03,8.281415649528547,8.30727851388446,8.203825576553259,8.255552291870117,5706800,0.0,0.0
2005-03-04,8.317625698600638,8.395215293612289,8.29693560034664,8.359006881713867,6684800,0.0,0.0
2005-03-07,8.286589194157996,8.395214418530625,8.281416423482376,8.348660469055176,6545200,0.0,0.0
2005-03-08,8.384866397249379,8.534873742660396,8.379694614708505,8.426248550415039,11072700,0.0,0.0
2005-03-09,8.426250785970872,8.488322058977731,8.364178526358918,8.384868621826172,7514300,0.0,0.0
2005-03-10,8.462457489866702,8.519355980904274,8.405558012224233,8.488320350646973,6535100,0.0,0.0
2005-03-11,8.457287216903932,8.493495627326661,8.405560493469238,8.405560493469238,7836800,0.0,0.0
2005-03-14,8.441766738891602,8.472802370350854,8.395212798400255,8.441766738891602,3553800,0.0,0.0
2005-03-15,8.498666178306417,8.503838947959173,8.436593929078278,8.446939468383789,6348200,0.0,0.0
2005-03-16,8.431423705510708,8.48315043105355,8.338316783459867,8.359006881713867,6361000,0.0,0.0
2005-03-17,8.384867426421252,8.457285216744998,8.36417733390372,8.41590404510498,5541300,0.0,0.0
2005-03-18,8.395213590023038,8.400386360188168,8.286588376370426,8.327969551086426,5556900,0.0,0.0
2005-03-21,8.291761189912926,8.296933960105115,8.203825576553259,8.255552291870117,6270000,0.0,0.0
2005-03-22,8.224515244635958,8.260724138631128,8.084853918176611,8.115889549255371,6872300,0.0,0.0
2005-03-23,7.991746240829841,8.038300181930026,7.955537839219686,8.017609596252441,8944900,0.0,0.0
2005-03-24,7.898639942919157,8.04864683312673,7.877948861081175,7.929675579071045,9363100,0.0,0.0
2005-03-28,7.862428740948387,7.95036383980294,7.862428740948387,7.919328212738037,4941400,0.0,0.0
2005-03-29,7.872773109567361,7.991743817817188,7.867600341390675,7.883118152618408,4725000,0.0,0.0
2005-03-30,7.934847907886975,8.07968201957377,7.924502367543804,8.058991432189941,8158300,0.0,0.0
2005-03-31,8.131409775043673,8.136582052574502,7.965884561492699,7.98140287399292,6546800,0.0,0.0
2005-04-01,8.09519946262175,8.121062818981747,7.940020311066758,7.976228713989258,8743200,0.0,0.0
2005-04-04,7.867604950278338,7.924503953646667,7.795187633289234,7.903813362121582,8768800,0.0,0.0
2005-04-05,7.846913149584699,7.929675502931789,7.846913149584699,7.872776508331299,7988900,0.0,0.0
2005-04-06,7.9038129144567915,7.976230227344244,7.8779495531896595,7.965884685516357,7458700,0.0,0.0
2005-04-07,7.960711591159552,8.14692688523311,7.960711591159552,8.079682350158691,8927700,0.0,0.0
2005-04-08,8.175963760883908,8.186602864273265,8.117450214143558,8.165325164794922,8017400,0.431,0.0
2005-04-11,8.21320116345632,8.218520716158347,8.16532671103948,8.175965309143066,4964300,0.0,0.0
2005-04-12,8.08553427031862,8.170645077274537,8.02170116510168,8.15468692779541,6597600,0.0,0.0
2005-04-13,8.10149000423135,8.165323597715883,8.021698773326092,8.05361557006836,7885600,0.0,0.0
2005-04-14,8.053617484666242,8.05893652930423,7.941909430462206,7.952548027038574,9075500,0.0,0.0
2005-04-15,7.862118041109232,7.936590249829498,7.819562638212056,7.8408403396606445,14028400,0.0,0.0
2005-04-18,7.745088727824837,7.8780744507749185,7.723811032444835,7.808921813964844,9750200,0.0,0.0
2005-04-19,8.016381254888879,8.149367011644436,8.000423106122325,8.117450714111328,12111900,0.0,0.0
2005-04-20,8.170645120407762,8.245117330537546,8.074895715727102,8.160006523132324,9322700,0.0,0.0
2005-04-21,8.532367371283932,8.755782487753091,8.532367371283932,8.697269439697266,28674100,0.0,0.0
2005-04-22,8.755782314740635,8.782380076604891,8.63343565396767,8.67599105834961,10144200,0.0,0.0
2005-04-25,8.681310107119902,8.729185061097468,8.633435153142337,8.723865509033203,5784100,0.0,0.0
2005-04-26,8.580240605170019,8.654713319104967,8.511088457874147,8.521727561950684,8700900,0.0,0.0
2005-04-27,8.457892791751801,8.606837184587171,8.415337395884649,8.596198081970215,12725300,0.0,0.0
2005-04-28,8.425976214150506,8.580239138487778,8.425976214150506,8.468531608581543,9393200,0.0,0.0
2005-04-29,8.489810584043655,8.516407836392679,8.367463426158297,8.500449180603027,8697000,0.0,0.0
2005-05-02,8.521727967242414,8.56428337097168,8.500449758077353,8.56428337097168,6386200,0.0,0.0
2005-05-03,8.569599925660041,8.606835764073132,8.505766335094384,8.548321723937988,6100400,0.0,0.0
2005-05-04,8.718543534792278,8.894084645741097,8.707905448220025,8.867487907409668,12295600,0.0,0.0
2005-05-05,8.904726477443004,8.973879641670573,8.888767820790294,8.952601432800293,12900300,0.0,0.0
2005-05-06,9.005794437131923,9.032391179179415,8.9738781437548,8.995155334472656,8208700,0.0,0.0
2005-05-09,9.064309761146633,9.165378206812818,9.043031552837448,9.128142356872559,13558000,0.0,0.0
2005-05-10,9.021752076520148,9.053669384497946,8.9579194897659,8.995155334472656,7162900,0.0,0.0
2005-05-11,8.995156331564592,9.000475883483887,8.883448785061802,9.000475883483887,4353100,0.0,0.0
2005-05-12,8.984517688206077,9.037712195524577,8.92600464329648,8.947281837463379,4406500,0.0,0.0
2005-05-13,9.027072214788253,9.096225371969133,9.005795022686955,9.058989524841309,10675600,0.0,0.0
2005-05-16,9.06430823456346,9.176015765570796,9.058988683382067,9.165376663208008,7534900,0.0,0.0
2005-05-17,9.112185179014718,9.19729701145931,9.058991678813195,9.186657905578613,6073200,0.0,0.0
2005-05-18,9.207932966622252,9.415391424764339,9.191975326104146,9.362196922302246,11327500,0.0,0.0
2005-05-19,9.28240645018054,9.346239046778908,9.255808689430529,9.340919494628906,10914400,0.0,0.0
2005-05-20,9.266446438302891,9.298362731933594,9.19197474829769,9.298362731933594,6476400,0.0,0.0
2005-05-23,9.277085541046686,9.346237679679989,9.250487784187198,9.298362731933594,6192800,0.0,0.0
2005-05-24,9.239851004837378,9.351558555668174,9.223892348461197,9.335599899291992,6897500,0.0,0.0
2005-05-25,9.261126907245583,9.261126907245583,9.064308579057057,9.106863975524902,9755800,0.0,0.0
2005-05-26,9.016434807051782,9.144101013104448,8.989837046665299,9.128142356872559,8584700,0.0,0.0
2005-05-27,9.122823928232647,9.197296651884983,9.10154673190408,9.149421691894531,5627500,0.0,0.0
2005-05-31,9.032388975292987,9.069624810914268,8.936639103923735,8.96855640411377,9815500,0.0,0.0
2005-06-01,8.98983660088641,9.138781007862558,8.979197497259378,9.080266952514648,6803700,0.0,0.0
2005-06-02,9.122821765619944,9.245168405658879,9.122821765619944,9.218571662902832,8134500,0.0,0.0
2005-06-03,9.170696385465973,9.23452998623285,9.05366930109414,9.085585594177246,8356500,0.0,0.0
2005-06-06,9.12814363217087,9.133463184991365,8.968561105959873,9.064311027526855,6529500,0.0,0.0
2005-06-07,9.10686379929976,9.197294141869115,9.07494649161599,9.085585594177246,8139500,0.0,0.0
2005-06-08,9.15474048608617,9.160060038967337,9.05899157802809,9.069629669189453,6411800,0.0,0.0
2005-06-09,8.995155510086363,9.027071804086594,8.947280561785671,9.016433715820312,10878900,0.0,0.0
2005-06-10,9.069627660052767,9.080266763458287,8.931323374183991,8.963239669799805,8780200,0.0,0.0
2005-06-13,8.963237957328849,9.005793348219765,8.926002117124368,8.979195594787598,4472500,0.0,0.0
2005-06-14,8.984517547454498,9.090906560424807,8.96324035362093,9.032392501831055,10668100,0.0,0.0
2005-06-15,9.064309632049618,9.11750312286335,8.973879277225151,9.112183570861816,8539100,0.0,0.0
2005-06-16,9.096224828830112,9.11750201966094,9.058988983925653,9.101544380187988,7556500,0.0,0.0
2005-06-17,9.144100831445508,9.22389208181817,9.112183519615806,9.20793342590332,7549900,0.0,0.0
2005-06-20,9.058988595994666,9.191974330444731,9.03771039147435,9.15473747253418,7991200,0.0,0.0
2005-06-21,9.13346153769591,9.218572338271466,9.112183330251634,9.191975593566895,5588700,0.0,0.0
2005-06-22,9.324959337041214,9.38879191641848,9.266445293778258,9.282403945922852,10647600,0.0,0.0
2005-06-23,9.250489010847929,9.282406323311706,9.122822804795263,9.128142356872559,14230600,0.0,0.0
2005-06-24,9.048349291842108,9.096224236343966,9.005793898351635,9.037710189819336,7069600,0.0,0.0
2005-06-27,9.000474065119912,9.090904400276695,8.968557774652982,9.011113166809082,8770400,0.0,0.0
2005-06-28,8.920684951352971,9.053670710265445,8.915365399244374,9.032392501831055,7171800,0.0,0.0
2005-06-29,9.085585134321196,9.133460078823054,9.01111344936302,9.037710189819336,5676600,0.0,0.0
2005-06-30,8.995156848697436,9.01111550537278,8.851531982421875,8.851531982421875,9979800,0.0,0.0
2005-07-01,8.862171999077285,8.926005617748368,8.81429703872421,8.846213340759277,5614700,0.0,0.0
2005-07-05,8.803655947595063,8.952600347833913,8.76642010118553,8.936641693115234,9198900,0.0,0.0
2005-07-06,9.011117454643093,9.021755546793694,8.936644721982512,8.95792293548584,8640800,0.0,0.0
2005-07-07,8.771740358888373,8.926004323118452,8.766420806887254,8.915365219116211,9016900,0.0,0.0
2005-07-08,8.947280623874358,9.128141315465218,8.936641520933554,9.117502212524414,6824000,0.0,0.0
2005-07-11,9.234532123988693,9.330282040004384,9.22921257147661,9.309003829956055,8500200,0.0,0.0
2005-07-12,9.356876654406351,9.441987445990891,9.261126760223576,9.38347339630127,7412100,0.0,0.0
2005-07-13,9.383474025085048,9.479223925683995,9.37815447342947,9.452627182006836,6543100,0.0,0.0
2005-07-14,9.55901412665918,9.612208622800871,9.511139181591721,9.54305648803711,13407800,0.0,0.0
2005-07-15,9.441988137055539,9.590932540530147,9.399432738148613,9.553695678710938,7958900,0.0,0.0
2005-07-18,9.468583151614613,9.537736296334135,9.426027760479737,9.473902702331543,6513100,0.0,0.0
2005-07-19,9.47922334368791,9.612209083110244,9.452626601643711,9.59093189239502,8272000,0.0,0.0
2005-07-20,9.362196340720837,9.537737477720572,9.330280047066525,9.50050163269043,13620500,0.0,0.0
2005-07-21,8.543005969368274,8.54832552216239,8.372784338360335,8.394062042236328,77360100,0.0,0.0
2005-07-22,8.410018594926076,8.436615337636441,8.271713300710639,8.277032852172852,17139500,0.0,0.0
2005-07-25,8.19724251975178,8.202562072133944,8.069576306382485,8.074895858764648,20462300,0.0,0.0
2005-07-26,8.250436556645635,8.340866912763639,8.18660345361535,8.324908256530762,16681200,0.0,0.0
2005-07-27,8.41533638584721,8.463211327276728,8.372780995087702,8.441933631896973,14327000,0.0,0.0
2005-07-28,8.505768189418909,8.601518088841377,8.4844904903584,8.543004035949707,12193500,0.0,0.0
2005-07-29,8.484491348266602,8.521727705862912,8.431297348886806,8.484491348266602,7486000,0.0,0.0
2005-08-01,8.457893502326602,8.484490753803176,8.404699506673829,8.473852157592773,7279700,0.0,0.0
2005-08-02,8.553641274368502,8.58555756235108,8.521724986385925,8.548321723937988,8356200,0.0,0.0
2005-08-03,8.548321417452435,8.644071292567721,8.537682316972855,8.617474555969238,6325700,0.0,0.0
2005-08-04,8.537684440612793,8.6015180447676,8.484490446884266,8.537684440612793,9604000,0.0,0.0
2005-08-05,8.580239741304748,8.590878844310131,8.457893100544958,8.479170799255371,5224400,0.0,0.0
2005-08-08,8.65471267867004,8.681309422292456,8.553643226623535,8.553643226623535,9067300,0.0,0.0
2005-08-09,8.718546462731547,8.734505119850102,8.644074758713373,8.67599105834961,9271800,0.0,0.0
2005-08-10,8.750462665630298,8.830253911887565,8.65471276428128,8.665351867675781,13377200,0.0,0.0
2005-08-11,8.686627892472336,8.745141938677671,8.654711601178793,8.739822387695312,7096600,0.0,0.0
2005-08-12,8.686626679885576,8.734501617443218,8.59087680477029,8.617474555969238,8147200,0.0,0.0
2005-08-15,8.58555897935326,8.617476287204127,8.51108729023591,8.596198081970215,6839800,0.0,0.0
2005-08-16,8.617477849642832,8.617477849642832,8.441936175737869,8.457894325256348,10004200,0.0,0.0
2005-08-17,8.362144832980256,8.431297489900944,8.346186176329036,8.399380683898926,8354500,0.0,0.0
2005-08-18,8.298311238974577,8.362144339914334,8.277033538661325,8.346185684204102,6311900,0.0,0.0
2005-08-19,8.346186000883018,8.378102806214109,8.324908299762427,8.330227851867676,5200000,0.0,0.0
2005-08-22,8.388740406995682,8.42065669930633,8.308948661618425,8.372781753540039,5538300,0.0,0.0
2005-08-23,8.399378673675365,8.40469822461931,8.282351089410076,8.340865135192871,5548900,0.0,0.0
2005-08-24,8.3195891643352,8.367463610859742,8.245116957574128,8.271714210510254,12299700,0.0,0.0
2005-08-25,8.277033131574933,8.314268978466668,8.26107447664959,8.303629875183105,7865100,0.0,0.0
2005-08-26,8.292993101871792,8.298312654682729,8.207882286098714,8.245118141174316,4852500,0.0,0.0
2005-08-29,8.229157903613634,8.287671447796928,8.213199249226996,8.277032852172852,2737900,0.0,0.0
2005-08-30,8.277033446458757,8.28767204284668,8.223838942617997,8.28767204284668,3866100,0.0,0.0
2005-08-31,8.255755741010118,8.399380089606096,8.229158489107046,8.388741493225098,6302200,0.0,0.0
2005-09-01,8.441935495753178,8.468532747675225,8.404699647442545,8.436615943908691,6694900,0.0,0.0
2005-09-02,8.43129798078705,8.495131089207149,8.404700725453564,8.45257568359375,3630600,0.0,0.0
2005-09-06,8.521729187172026,8.59088134765625,8.500450974960879,8.59088134765625,6173300,0.0,0.0
2005-09-07,8.537683796166885,8.585558742019089,8.489809357615002,8.574920654296875,7066700,0.0,0.0
2005-09-08,8.521727108790532,8.537684749455948,8.457893502326602,8.473852157592773,6788600,0.0,0.0
2005-09-09,8.564282067881262,8.654712413871712,8.564282067881262,8.622795104980469,8558200,0.0,0.0
2005-09-12,8.505766335094384,8.558960824799016,8.489808191103096,8.548321723937988,6740900,0.0,0.0
2005-09-13,8.894087287230894,8.979198092689499,8.846212332335325,8.941962242126465,30223000,0.0,0.0
2005-09-14,8.91004575363172,8.973879363664185,8.8940870974734,8.926004409790039,13132100,0.0,0.0
2005-09-15,8.86217185258251,8.89408815408999,8.81961644570556,8.835575103759766,7875800,0.0,0.0
2005-09-16,8.835575103759766,8.840894656444501,8.75578282808967,8.835575103759766,7028700,0.0,0.0
2005-09-19,8.755778403363923,8.787695703342951,8.729181667981818,8.766417503356934,5781900,0.0,0.0
2005-09-20,8.771738678988857,8.856849465505377,8.723863734748239,8.739822387695312,8310700,0.0,0.0
2005-09-21,8.745144397398056,8.771741145186986,8.670671677307443,8.697269439697266,8987100,0.0,0.0
2005-09-22,8.660031731580023,8.718544767099697,8.638753526226923,8.702587127685547,8141100,0.0,0.0
2005-09-23,8.569601127116046,8.686628209193001,8.564281575939733,8.670669555664062,8963800,0.0,0.0
2005-09-26,8.702589288408658,8.830255508422852,8.697269735749618,8.830255508422852,9182900,0.0,0.0
2005-09-27,8.707908372586717,8.734505119850102,8.644074758713373,8.67599105834961,12184700,0.0,0.0
2005-09-28,8.617477107436075,8.697268355456623,8.61215755562127,8.681309700012207,8585100,0.0,0.0
2005-09-29,8.638753139628864,8.771738873332389,8.61215639872841,8.755780220031738,7169500,0.0,0.0
2005-09-30,8.814294647667829,9.016433539791189,8.808975096338196,8.995155334472656,19250800,0.0,0.0
2005-10-03,8.98983632430686,9.096225328102504,8.98983632430686,9.053669929504395,12234300,0.0,0.0
2005-10-04,9.074946032298424,9.16005681927937,8.995154796328864,9.037710189819336,9192500,0.0,0.0
2005-10-05,9.027070655534697,9.043029307804673,8.894084930419922,8.894084930419922,7562000,0.0,0.0
2005-10-06,8.936642689960197,9.005795853520834,8.878129645332926,8.941962242126465,6971700,0.0,0.0
2005-10-07,8.952600154927733,8.968558809302543,8.867489360796805,8.920683860778809,5041000,0.0,0.0
2005-10-10,8.92600464329648,8.952601389655312,8.840893837427217,8.947281837463379,5876400,0.0,0.0
2005-10-11,8.984517140942149,9.06430940436002,8.936642188731737,8.989836692810059,22790300,0.0,0.0
2005-10-12,8.995156792589944,9.064309956484246,8.92600464329648,8.947281837463379,7734900,0.0,0.0
2005-10-13,8.819615586104824,8.963240450791531,8.808976481772289,8.941962242126465,5383200,0.0,0.0
2005-10-14,8.979195861741573,9.037709906431427,8.947279571274644,9.011113166809082,7861800,0.0,0.0
2005-10-17,9.043031562743511,9.074947860641437,8.984517504429968,9.02707290649414,11907700,0.0,0.0
2005-10-18,8.936642947909268,9.021753755824529,8.931324410190319,8.97387981414795,7631900,0.0,0.0
2005-10-19,8.867491732709988,9.133463289162476,8.846213521185325,9.069629669189453,15881200,0.0,0.0
2005-10-20,8.569602893786971,8.601519192823927,8.410019876700915,8.457894325256348,40911500,0.0,0.0
2005-10-21,8.590879117390424,8.617476875749352,8.49512972380013,8.55896282196045,15614300,0.0,0.0
2005-10-24,8.54832507410372,8.617478242201642,8.537685969073134,8.601519584655762,8481600,0.0,0.0
2005-10-25,8.65471276428128,8.734504010538547,8.628115005795028,8.665351867675781,7992700,0.0,0.0
2005-10-26,8.633434207944218,8.707906914089747,8.617476568099297,8.622795104980469,4576400,0.0,0.0
2005-10-27,8.644074258921316,8.649393810986597,8.521727605222317,8.527047157287598,6613200,0.0,0.0
2005-10-28,8.63343455749228,8.665351867675781,8.564282414629512,8.665351867675781,9953100,0.0,0.0
2005-10-31,8.707908076431385,8.98983724039801,8.691949419855584,8.947281837463379,25190200,0.0,0.0
2005-11-01,8.963241027029968,9.085587690917162,8.952601922013455,9.005796432495117,24298700,0.0,0.0
2005-11-02,9.005793952213304,9.191974180322855,8.995154850126903,9.144099235534668,15512200,0.0,0.0
2005-11-03,9.229210853576658,9.277085802673193,9.181335904480125,9.22921085357666,22691000,0.0,0.0
2005-11-04,9.207933608830373,9.23985092129415,9.058990209069337,9.128142356872559,11582100,0.0,0.0
2005-11-07,9.043032816244878,9.117504526529883,9.027074157783396,9.064311027526855,9852900,0.0,0.0
2005-11-08,9.043030198532882,9.133460541102238,9.016433456730406,9.085585594177246,9911000,0.0,0.0
2005-11-09,9.053671921885867,9.090907777028368,9.01111651392287,9.064311027526855,7882500,0.0,0.0
2005-11-10,9.043030373522793,9.122821615074917,9.00047497705495,9.106863975524902,6752900,0.0,0.0
2005-11-11,9.101544747465024,9.165377337134041,9.090905644319948,9.13878059387207,4910500,0.0,0.0
2005-11-14,9.176017128674413,9.245169275103843,9.176017128674413,9.20793342590332,8812300,0.0,0.0
2005-11-15,9.133461219096958,9.138780770772467,9.037711318139271,9.058989524841309,6642600,0.0,0.0
2005-11-16,9.037711732318149,9.064309491914614,8.968559586568915,9.000475883483887,6520500,0.0,0.0
2005-11-17,9.064309220817611,9.20261350817965,9.064309220817611,9.170697212219238,10959000,0.0,0.0
2005-11-18,9.255807552618926,9.266446655612219,9.154738103384036,9.223891258239746,7716400,0.0,0.0
2005-11-21,9.27708716857711,9.293044810891656,9.21325355551634,9.271767616271973,5270600,0.0,0.0
2005-11-22,9.20793242828737,9.23453018526377,9.165377031725814,9.20261287689209,10041900,0.0,0.0
2005-11-23,9.223891754705667,9.346238401911615,9.213252651139733,9.27708625793457,9449500,0.0,0.0
2005-11-25,9.324962487492302,9.335600577915569,9.255809319436125,9.309003829956055,3298900,0.0,0.0
2005-11-28,9.250488634837104,9.266447290420311,9.181336489844757,9.191975593566895,5522000,0.0,0.0
2005-11-29,9.176016265732738,9.250487957130229,9.16005761131869,9.218571662902832,9127200,0.0,0.0
2005-11-30,9.165376834185345,9.170696385465973,9.07494649161599,9.085585594177246,5838400,0.0,0.0
2005-12-01,9.032391860787603,9.463266419596748,9.01643422019517,9.36751651763916,15210300,0.0,0.0
2005-12-02,9.38879338537823,9.404752040019698,9.181335948042733,9.234530448913574,8612000,0.0,0.0
2005-12-05,9.309003153265847,9.388794405945104,9.293044496889665,9.335599899291992,10408000,0.0,0.0
2005-12-06,9.362196337295492,9.473903872345053,9.346237683173834,9.399432182312012,7654000,0.0,0.0
2005-12-07,9.45794677734375,9.559015215464324,9.420709915582721,9.45794677734375,14726000,0.0,0.0
2005-12-08,9.729235673934726,9.739873760341808,9.60688804154839,9.633485794067383,19193200,0.0,0.0
2005-12-09,9.612209232217516,9.633487437863486,9.52177888742352,9.601570129394531,12072600,0.0,0.0
2005-12-12,9.745192970329237,9.787748358272141,9.670721295079277,9.691998481750488,10431200,0.0,0.0
2005-12-13,9.73987510437704,9.830305446219345,9.692000157836958,9.7717924118042,8636500,0.0,0.0
2005-12-14,9.87818091459472,9.899459120670226,9.798389671012998,9.819666862487793,11133800,0.0,0.0
2005-12-15,9.819667763791147,9.82498731579828,9.686682007415204,9.718599319458008,7036600,0.0,0.0
2005-12-16,9.862222627341607,9.920735661007381,9.82498576915348,9.856903076171875,11372200,0.0,0.0
2005-12-19,9.910097341556703,10.011166792564733,9.82498654531859,9.835625648498535,12116700,0.0,0.0
2005-12-20,9.840944236627974,9.846263787697145,9.707958503700569,9.7345552444458,9179100,0.0,0.0
2005-12-21,9.771791608129254,9.793068796730108,9.697318911524832,9.782429695129395,10338100,0.0,0.0
2005-12-22,9.803709353559423,9.84626475167848,9.771793058620311,9.835625648498535,9880100,0.0,0.0
2005-12-23,9.899457022789589,9.963289598287362,9.899457022789589,9.904776573181152,5619200,0.0,0.0
2005-12-27,9.936698348556499,9.947337455215164,9.830309311171963,9.872864723205566,6538300,0.0,0.0
2005-12-28,9.894138830995495,9.920735572004906,9.814347593366625,9.846263885498047,4254400,0.0,0.0
2005-12-29,9.83562560472792,9.862223362559416,9.809028861497142,9.830306053161621,3088500,0.0,0.0
2005-12-30,9.707958503700569,9.771792101929998,9.660083558678654,9.7345552444458,6260000,0.0,0.0
2006-01-03,9.904779944270727,10.000528840105503,9.830307228042559,9.952653884887695,11945800,0.0,0.0
2006-01-04,10.074999727154378,10.186707259314167,10.064360624681829,10.165430068969727,13723200,0.0,0.0
2006-01-05,10.28245476251685,10.436718668712803,10.266496112517137,10.404801368713379,39911800,0.0,0.0
2006-01-06,10.606944047739315,10.606944047739315,10.489915934603275,10.500555038452148,21035600,0.0,0.0
2006-01-09,10.420761600380036,10.46331699223792,10.351608454485616,10.372886657714844,20019000,0.0,0.0
2006-01-10,10.14946827630129,10.27181487309509,10.112232443764075,10.229259490966797,17087000,0.0,0.0
2006-01-11,10.16543001824772,10.16543001824772,10.021805179386925,10.059041023254395,24423200,0.0,0.0
2006-01-12,10.000526278301322,10.085637062530227,9.926054595751177,9.989888191223145,12470700,0.0,0.0
2006-01-13,9.926055199633257,10.059040934906587,9.894138907255838,10.048401832580566,6322100,0.0,0.0
2006-01-17,9.883500597581323,9.942014650466588,9.867541942812416,9.936695098876953,7712000,0.0,0.0
2006-01-18,9.739876962552295,9.878182277320592,9.72391932039497,9.766474723815918,8038000,0.0,0.0
2006-01-19,9.830307440497744,10.064362669443176,9.830307440497744,9.979251861572266,16109200,0.0,0.0
2006-01-20,9.809028888948003,9.86754192713961,9.612209538846999,9.63880729675293,16418700,0.0,0.0
2006-01-23,9.739874795514972,9.79306929160606,9.681361762955339,9.7345552444458,8149600,0.0,0.0
2006-01-24,9.713276818153158,9.809026696006882,9.686679066193516,9.70795726776123,11638800,0.0,0.0
2006-01-25,9.798389801969451,9.910097341556703,9.777111595609561,9.835625648498535,8293000,0.0,0.0
2006-01-26,9.574973155641109,9.771792494709134,9.548376413826816,9.68136215209961,35515600,0.0,0.0
2006-01-27,9.723917782657482,9.745194973702764,9.553695181291788,9.601570129394531,16037200,0.0,0.0
2006-01-30,9.617529912380688,9.670724418138045,9.596252718838231,9.622849464416504,6122600,0.0,0.0
2006-01-31,9.739873308917899,9.798387347147157,9.691998371203136,9.777109146118164,10504300,0.0,0.0
2006-02-01,9.734555341137124,9.862222538864073,9.72391725349374,9.846263885498047,7718100,0.0,0.0
2006-02-02,9.867540977373206,9.872860528442377,9.707958503700569,9.7345552444458,12009600,0.0,0.0
2006-02-03,9.553693788854469,9.686679510957235,9.527097050274133,9.654763221740723,7304000,0.0,0.0
2006-02-06,9.559014994222014,9.590932303564173,9.489862853182101,9.532418251037598,6448000,0.0,0.0
2006-02-07,9.48454229798264,9.505820501959114,9.38879240928973,9.42602825164795,7785100,0.0,0.0
2006-02-08,9.484542509756883,9.686680379043741,9.447306666567249,9.644124984741211,8015000,0.0,0.0
2006-02-09,9.628168193590557,9.723918092850466,9.601570435684627,9.63880729675293,6838900,0.0,0.0
2006-02-10,9.617527499081461,9.628166600483453,9.473902673956218,9.569652557373047,4576600,0.0,0.0
2006-02-13,9.452626192795245,9.569653273168958,9.447306641696354,9.548376083374023,7799900,0.0,0.0
2006-02-14,9.638806508002803,9.894138875401392,9.628167405711036,9.851583480834961,14389000,0.0,0.0
2006-02-15,9.94201605279037,10.0696822651468,9.86222479689271,9.98457145690918,15988200,0.0,0.0
2006-02-16,10.048400728463205,10.106914770226158,9.984568150722284,10.037762641906738,13753600,0.0,0.0
2006-02-17,10.037765965707909,10.053723608126921,9.957973695209382,9.98457145690918,5901800,0.0,0.0
2006-02-21,10.011167987874911,10.037765749000483,9.947335390375223,9.95797348022461,3536500,0.0,0.0
2006-02-22,9.942014969161077,10.080320271122849,9.931375865640765,10.069681167602539,4427700,0.0,0.0
2006-02-23,10.085636763733307,10.12287361850578,10.027123735434804,10.053720474243164,4547500,0.0,0.0
2006-02-24,10.027123540749741,10.074998481355697,10.016484439592745,10.037762641906738,4382400,0.0,0.0
2006-02-27,9.979251038274176,10.02180643869877,9.936695637849585,9.995209693908691,6656100,0.0,0.0
2006-02-28,9.9366945977953,10.027124941057489,9.883500099182129,9.883500099182129,7640300,0.0,0.0
2006-03-01,9.915417569389989,10.12819558909771,9.894140376179692,10.106917381286621,11231900,0.0,0.0
2006-03-02,10.04308340498723,10.186708258654606,10.005847557281042,10.170750617980957,15544200,0.0,0.0
2006-03-03,10.096276416358208,10.138831809535457,10.048401472208726,10.112235069274902,6606000,0.0,0.0
2006-03-06,10.096276163409671,10.181386947631836,10.096276163409671,10.181386947631836,8428500,0.0,0.0
2006-03-07,10.090958863849156,10.229264172716036,10.069681670346993,10.21862506866455,15889100,0.0,0.0
2006-03-08,10.261181686767275,10.57502714565477,10.23990347824564,10.543110847473145,21539900,0.0,0.0
2006-03-09,10.5537489095454,10.633540154420446,10.500554408095127,10.532470703125,13890800,0.0,0.0
2006-03-10,10.553753126822969,10.723974787803801,10.505878157846967,10.681419372558594,15545500,0.0,0.0
2006-03-13,10.734609194425815,10.798441782039855,10.708011437419392,10.793123245239258,11034500,0.0,0.0
2006-03-14,10.809078109553878,10.915467081062257,10.809078109553878,10.89418888092041,10040600,0.0,0.0
2006-03-15,10.878234233574618,10.920789630947498,10.814400630214948,10.910150527954102,6241200,0.0,0.0
2006-03-16,10.904833666055575,10.973985823367117,10.867597810995441,10.888875007629395,10904700,0.0,0.0
2006-03-17,10.920788809194107,10.958024652268413,10.867594312830542,10.926108360290527,6635500,0.0,0.0
2006-03-20,11.005901380048863,11.04313722915388,10.963345978985876,11.011220932006836,6674500,0.0,0.0
2006-03-21,11.037818239200746,11.048457343658395,10.862277074052914,10.867596626281738,9312500,0.0,0.0
2006-03-22,10.894190876922682,10.936746270402825,10.867594136472823,10.904829978942871,8296300,0.0,0.0
2006-03-23,10.888872276630158,10.926109136952002,10.750566982093977,10.80376148223877,8338200,0.0,0.0
2006-03-24,10.8409963373335,10.92610813854826,10.793122407638572,10.899510383605957,9416200,0.0,0.0
2006-03-27,10.856955157467144,10.894191000359093,10.803760661364093,10.819719314575195,6457300,0.0,0.0
2006-03-28,10.809085618294217,10.825044279486596,10.644183511044178,10.681419372558594,7578000,0.0,0.0
2006-03-29,10.638859937498957,10.8197206376045,10.6175817306156,10.755887031555176,10524200,0.0,0.0
2006-03-30,11.319746017456055,11.362301411654736,10.771844429372486,11.319746017456055,24577800,0.0,0.0
2006-03-31,11.257776166155306,11.279520317452047,11.208853899374041,11.263212203979492,6744300,0.456,0.0
2006-04-03,11.219728833910025,11.344755673641606,11.203421751593536,11.257780075073242,4605200,0.0,0.0
2006-04-04,11.284958648765588,11.355625081205428,11.241471374152207,11.295830726623535,7573900,0.0,0.0
2006-04-05,11.420856666628637,11.448035824824185,11.306701921206797,11.409984588623047,8646800,0.0,0.0
2006-04-06,11.399111374927195,11.448034684259706,11.29582975461929,11.36106014251709,6888800,0.0,0.0
2006-04-07,11.33931580298216,11.35562287978936,11.159930700375497,11.192545890808105,5005600,0.0,0.0
2006-04-10,11.181673530228245,11.192545605701575,11.07839088686798,11.089262962341309,5656300,0.0,0.0
2006-04-11,11.730700887079292,11.757880038914928,11.486084373285827,11.51870059967041,21470100,0.0,0.0
2006-04-12,11.518703295042092,11.55675453124323,11.35018919641073,11.409984588623047,9127200,0.0,0.0
2006-04-13,11.399108419477324,11.469775864332684,11.388237382191775,11.426288604736328,4081500,0.0,0.0
2006-04-17,11.431728255847474,11.551317998340382,11.431728255847474,11.442599296569824,5532700,0.0,0.0
2006-04-18,11.507829351200138,11.741573806329736,11.49152123683589,11.714393615722656,7634000,0.0,0.0
2006-04-19,11.621983314491377,11.817676544189453,11.611112274811259,11.817676544189453,8256100,0.0,0.0
2006-04-20,12.431936835711141,12.491731189780278,12.279730857460317,12.399320602416992,22779600,0.0,0.0
2006-04-21,12.720037090973625,12.758088318710218,12.399318118882059,12.437369346618652,14044000,0.0,0.0
2006-04-24,12.323219174673104,12.399321651830228,12.252552736858416,12.393885612487793,11760100,0.0,0.0
2006-04-25,12.469986453193323,12.497165607260445,12.285165302445742,12.317780494689941,7902400,0.0,0.0
2006-04-26,12.46455087720973,12.513474185799272,12.431935683756137,12.469986915588379,8414600,0.0,0.0
2006-04-27,12.355832552122031,12.546089753781143,12.30690924207202,12.508038520812988,7278400,0.0,0.0
2006-04-28,12.41562710824081,12.464550415016245,12.317780494689941,12.317780494689941,5606500,0.0,0.0
2006-05-01,12.350395686934142,12.399318993709576,12.306908418335786,12.317780494689941,5348500,0.0,0.0
2006-05-02,12.372138788827066,12.421062091447247,12.339523599353003,12.383010864257812,9578900,0.0,0.0
2006-05-03,12.350395295442484,12.410190676676637,12.279728875017039,12.404754638671875,5485100,0.0,0.0
2006-05-04,12.29603689549842,12.464549925091283,12.290600857535006,12.41019058227539,7341500,0.0,0.0
2006-05-05,12.513470544835691,12.535213655205531,12.410187919329436,12.459111213684082,8238300,0.0,0.0
2006-05-08,12.546089753781143,12.605885140913006,12.45367917222205,12.508038520812988,5739700,0.0,0.0
2006-05-09,12.502598865680795,12.60044545747701,12.486290754775414,12.556958198547363,5835000,0.0,0.0
2006-05-10,12.44824173082974,12.486292959509722,12.116651711748315,12.17101001739502,13386400,0.0,0.0
2006-05-11,12.214500844185165,12.219936883697931,11.69808953229462,11.88291072845459,13994400,0.0,0.0
2006-05-12,11.904648570853844,11.920956682160698,11.632852936647966,11.670904159545898,13484900,0.0,0.0
2006-05-15,11.763315872381417,11.91008577810891,11.67634134383583,11.779623985290527,9684500,0.0,0.0
2006-05-16,12.024241846048742,12.056857038713895,11.817676539926774,11.877471923828125,10043300,0.0,0.0
2006-05-17,11.790496856584996,11.833984123793783,11.388239375699166,11.480649948120117,16594400,0.0,0.0
2006-05-18,11.583930887588537,11.692649567711372,11.257775884038201,11.279520034790039,12000300,0.0,0.0
2006-05-19,11.442595964582043,11.551314634694636,11.323006256912654,11.535006523132324,7625700,0.0,0.0
2006-05-22,11.350188647848759,11.437164230871463,11.138188321078001,11.323009490966797,7472200,0.0,0.0
2006-05-23,11.649165358317362,11.84485861913676,11.562190806135062,11.578497886657715,8037400,0.0,0.0
2006-05-24,11.638291755756569,11.698087141357075,11.284957554191864,11.55131721496582,8611000,0.0,0.0
2006-05-25,11.58393162640748,11.752445695027461,11.58393162640748,11.665470123291016,6734400,0.0,0.0
2006-05-26,11.89378024276015,11.89378024276015,11.763318421668737,11.861165046691895,5297300,0.0,0.0
2006-05-30,11.866597148515535,11.872033185526456,11.605673592899535,11.621980667114258,8062300,0.0,0.0
2006-05-31,11.643725010852535,11.77418679085319,11.545878416647529,11.670904159545898,7448700,0.0,0.0
2006-06-01,11.719827203097763,12.018803016346924,11.708956165946443,11.997058868408203,7198500,0.0,0.0
2006-06-02,12.20906137012446,12.230805522058649,11.795932851557188,11.855727195739746,15564000,0.0,0.0
2006-06-05,11.823112325033804,11.823112325033804,11.52413748556485,11.529572486877441,9305000,0.0,0.0
2006-06-06,11.306699375215945,11.323007488552143,11.09469908593633,11.268648147583008,15257300,0.0,0.0
2006-06-07,11.241470737231072,11.333881320150994,11.143624115690175,11.154496192932129,10887800,0.0,0.0
2006-06-08,11.013161364161023,11.062084670777603,10.75223775341811,11.034904479980469,18775500,0.0,0.0
2006-06-09,11.159931399209448,11.170802438822255,10.822904287573849,10.90444278717041,9327200,0.0,0.0
2006-06-12,10.904442140118968,10.909878178011944,10.594595237946873,10.638082504272461,10374800,0.0,0.0
2006-06-13,10.529363145557607,10.670695960531654,10.409772404985349,10.502182960510254,13015000,0.0,0.0
2006-06-14,10.616338049814601,10.687004459869268,10.39346570841854,10.540234565734863,15327000,0.0,0.0
2006-06-15,10.839211447363828,11.12731418967978,10.839211447363828,11.089262962341309,11059600,0.0,0.0
2006-06-16,10.915313718343267,10.9696730579769,10.719620510389454,10.855518341064453,8894700,0.0,0.0
2006-06-19,11.225159531896418,11.241467643270914,10.855517301952414,10.920748710632324,9413000,0.0,0.0
2006-06-20,10.915315913456379,10.99685442089546,10.79029013292856,10.899007797241211,8121100,0.0,0.0
2006-06-21,10.855521364609459,11.072958783705968,10.855521364609459,10.964240074157715,9859500,0.0,0.0
2006-06-22,10.806595531681841,10.822903645360766,10.616339389518773,10.638082504272461,11997300,0.0,0.0
2006-06-23,10.670699331329693,10.70331556368975,10.578288746612941,10.594596862792969,6603300,0.0,0.0
2006-06-26,10.784852310823444,10.860954766939951,10.708749854706936,10.828339576721191,6149700,0.0,0.0
2006-06-27,10.871825783419835,10.899004933151144,10.63264532587553,10.648953437805176,6124700,0.0,0.0
2006-06-28,10.572853979400588,10.600033136818919,10.235826828593943,10.398903846740723,16759600,0.0,0.0
2006-06-29,10.502185868650795,10.822904883292928,10.404339249021895,10.801161766052246,15675100,0.0,0.0
2006-06-30,11.040338901892076,11.11100635080102,10.964236452437627,11.01315975189209,10526600,0.0,0.0
2006-07-03,11.111006736755373,11.149057962804353,11.01859617200007,11.111006736755371,2936800,0.0,0.0
2006-07-05,10.904441938730344,10.942493166460208,10.839211558855775,10.893570899963379,6654900,0.0,0.0
2006-07-06,10.84465204243769,10.980549932509247,10.839216002416594,10.915318489074707,5173000,0.0,0.0
2006-07-07,10.790286720105753,10.795722757124794,10.572850423434256,10.621773719787598,10472100,0.0,0.0
2006-07-10,10.605470676675301,10.6978812765224,10.485880915563163,10.545675277709961,10430200,0.0,0.0
2006-07-11,10.507620230078153,10.725056551872324,10.464132965719319,10.670697212219238,9312900,0.0,0.0
2006-07-12,10.583723568763622,10.605467721170884,10.388031381189528,10.426082611083984,7988800,0.0,0.0
2006-07-13,10.224955382173382,10.382597408023805,10.137980828882963,10.176032066345215,12198500,0.0,0.0
2006-07-14,10.176032382608412,10.203212579367944,10.029263467380902,10.094493865966797,10505000,0.0,0.0
2006-07-17,9.909670063422363,10.051003938865632,9.909670063422363,10.018388748168945,9624500,0.0,0.0
2006-07-18,10.197773261738934,10.257568638569001,10.012952130462509,10.181465148925781,11739300,0.0,0.0
2006-07-19,10.306489683823456,10.66526086553294,10.29018260975805,10.50761890411377,17286100,0.0,0.0
2006-07-20,10.605468253192655,10.822904604081673,10.540236829516797,10.757674217224121,26042200,0.0,0.0
2006-07-21,10.68700621906161,10.68700621906161,10.366287228782266,10.426082611083984,12002200,0.0,0.0
2006-07-24,10.567418427223751,10.784854807039377,10.567418427223751,10.73049545288086,7803400,0.0,0.0
2006-07-25,10.768545245521961,10.828340630758712,10.632647396760841,10.76310920715332,6297900,0.0,0.0
2006-07-26,10.567414951793149,10.676132587536486,10.496747503582782,10.648953437805176,9752200,0.0,0.0
2006-07-27,10.621776385374053,10.697878849102848,10.534800808060464,10.578288078308105,5378900,0.0,0.0
2006-07-28,10.616337598154193,10.860953041153225,10.561978265215062,10.817465782165527,6570200,0.0,0.0
2006-07-31,10.817467122925821,10.839211273523746,10.75223674476838,10.790287971496582,4335000,0.0,0.0
2006-08-01,10.708748905676446,10.708748905676446,10.518491745427939,10.64351749420166,5746800,0.0,0.0
2006-08-02,10.578287218075351,10.708750055027265,10.551108065187666,10.632646560668945,6034900,0.0,0.0
2006-08-03,10.507622014761811,10.708751294593892,10.480442858728065,10.676135063171387,5161700,0.0,0.0
2006-08-04,10.833775231178493,10.8718264578902,10.63264598550753,10.670697212219238,4713000,0.0,0.0
2006-08-07,10.589159293957715,10.643518636551308,10.545672027246484,10.632646560668945,3259700,0.0,0.0
2006-08-08,10.600032231841078,10.719621965817515,10.529365806495527,10.578288078308105,5262500,0.0,0.0
2006-08-09,10.860954387303504,10.980545141955758,10.7848519338471,10.790287971496582,8494500,0.0,0.0
2006-08-10,10.763109771890699,10.871828471331355,10.70331542033486,10.844649314880371,5897800,0.0,0.0
2006-08-11,10.67069721221924,10.708749475749116,10.605466834090072,10.670697212219238,4808100,0.0,0.0
2006-08-14,10.719620518871492,10.904441651681188,10.714184481222011,10.790287971496582,3928800,0.0,0.0
2006-08-15,11.002288517334259,11.29582833647667,11.002288517334259,11.268648147583008,10600900,0.0,0.0
2006-08-16,11.409983507599016,11.638291939993485,11.409983507599016,11.600240707397461,9001400,0.0,0.0
2006-08-17,11.61654730109252,11.74157305947774,11.480649467156015,11.573060035705566,5360800,0.0,0.0
2006-08-18,11.562192230575226,11.605679512023926,11.453473508544189,11.605679512023926,3157000,0.0,0.0
2006-08-21,11.583931828386662,11.627419096604013,11.551316636428211,11.589367866516113,3107700,0.0,0.0
2006-08-22,11.556753806331603,11.708959778407273,11.540445690346166,11.63829231262207,3520200,0.0,0.0
2006-08-23,11.55675453124323,11.583933689438778,11.339318155223566,11.409984588623047,6967500,0.0,0.0
2006-08-24,11.344753063951801,11.36106014251709,11.230598329903165,11.36106014251709,4765400,0.0,0.0
2006-08-25,11.21972370147705,11.268646999683801,11.187108514945246,11.21972370147705,4106600,0.0,0.0
2006-08-28,11.317572201081509,11.46977815852207,11.295829085343291,11.404546737670898,3661600,0.0,0.0
2006-08-29,11.469777295491921,11.480649370952102,11.246904932649102,11.458905220031738,12390900,0.0,0.0
2006-08-30,11.540444104130708,11.545880142045347,11.355622962305892,11.371931076049805,11062200,0.0,0.0
2006-08-31,11.420853800444588,11.426289838083152,11.274083894657865,11.350186347961426,7096900,0.0,0.0
2006-09-01,11.21428947622256,11.317572126549134,11.105571824610918,11.2251615524292,7992200,0.0,0.0
2006-09-05,10.985980985275807,11.067520519452932,10.909878525983286,11.0457763671875,8791400,0.0,0.0
2006-09-06,10.752238875411464,10.752238875411464,10.572853744704636,10.594596862792969,15781400,0.0,0.0
2006-09-07,10.475009060668198,10.600034864074674,10.42608573988852,10.469573020935059,9585100,0.0,0.0
2006-09-08,10.344545051386325,10.49131394617346,10.317364858412153,10.485878944396973,10504100,0.0,0.0
2006-09-11,10.40977544088764,10.556545372493122,10.322800897006989,10.485878944396973,9131800,0.0,0.0
2006-09-12,10.600031171334503,10.790288348440047,10.600031171334503,10.76854419708252,16455300,0.0,0.0
2006-09-13,10.719622499478106,10.860956394023617,10.687007304373253,10.844649314880371,11818700,0.0,0.0
2006-09-14,10.551111317326678,10.65439399640721,10.475008836329728,10.545675277709961,11672000,0.0,0.0
2006-09-15,10.502183727264043,10.502183727264043,10.355413827746958,10.388030052185059,11604000,0.0,0.0
2006-09-18,10.1760294891077,10.328235437226644,10.170593451301503,10.279312133789062,15315500,0.0,0.0
2006-09-19,10.284747792593294,10.295619867805042,10.12167081168968,10.241260528564453,8058800,0.0,0.0
2006-09-20,10.306493271971139,10.420648014261495,10.295622231082188,10.393468856811523,8844100,0.0,0.0
2006-09-21,10.556542781687616,10.621774191998071,10.453260147370269,10.529363632202148,11453200,0.0,0.0
2006-09-22,10.589157863779665,10.610902012607614,10.496747304897049,10.540234565734863,7299300,0.0,0.0
2006-09-25,10.491312869087448,10.735929396649803,10.458697677685214,10.681570053100586,10322000,0.0,0.0
2006-09-26,10.610904492126288,10.687006957171297,10.56741722112652,10.627211570739746,11255600,0.0,0.0
2006-09-27,10.676134295132826,10.850083369598964,10.648955141054342,10.725057601928711,11748400,0.0,0.0
2006-09-28,10.877261152080376,10.920748411068072,10.768542486202113,10.817465782165527,13493100,0.0,0.0
2006-09-29,10.714184866386248,10.822903549647867,10.681569676135043,10.703313827514648,10313700,0.0,0.0
2006-10-02,10.621775051600208,10.741364770559793,10.621775051600208,10.659826278686523,6104900,0.0,0.0
2006-10-03,10.567415991846726,10.763108170172154,10.54567184046712,10.703313827514648,7384300,0.0,0.0
2006-10-04,10.561979850159378,10.725056836630275,10.54567173678501,10.714184761047363,15077500,0.0,0.0
2006-10-05,10.648955724648792,10.654391763126053,10.502185796217708,10.627211570739746,14180100,0.0,0.0
2006-10-06,10.518492687736904,10.621775333150442,10.507620612047436,10.583723068237305,6077400,0.0,0.0
2006-10-09,10.545673067217475,10.648955724648792,10.513057873172231,10.627211570739746,8937300,0.0,0.0
2006-10-10,10.697879579112735,10.77941808678886,10.687007501604352,10.773982048034668,8655100,0.0,0.0
2006-10-11,10.801161646408335,11.024034038952824,10.790289569499256,10.931623458862305,12659900,0.0,0.0
2006-10-12,10.953363532066346,11.111005492986381,10.91531231027683,11.06751823425293,9850200,0.0,0.0
2006-10-13,10.985979090581763,11.01315927622593,10.904440607285398,10.980544090270996,7819100,0.0,0.0
2006-10-16,10.958800415074007,11.045774939255697,10.888134002983175,11.01315975189209,11939900,0.0,0.0
2006-10-17,10.8826992978964,10.888135335925508,10.714185229448775,10.806595802307129,17127700,0.0,0.0
2006-10-18,10.866392154592624,11.002290007006467,10.64351975957939,10.801161766052246,26910000,0.0,0.0
2006-10-19,10.36085259022587,10.561981879888604,10.355416551389753,10.518494606018066,37783600,0.0,0.0
2006-10-20,10.589157863779665,10.605465975400627,10.518491453724996,10.540234565734863,11210300,0.0,0.0
2006-10-23,10.556544103128848,10.670697789438995,10.529364950241161,10.632646560668945,10010800,0.0,0.0
2006-10-24,10.496751957978054,10.56198339656011,10.447828638246145,10.545675277709961,11598600,0.0,0.0
2006-10-25,10.464133824435486,10.567416474570193,10.442389672062598,10.551108360290527,13356500,0.0,0.0
2006-10-26,10.757673074473526,10.763108075452394,10.63264627877749,10.708749771118164,14833500,0.0,0.0
2006-10-27,10.839211567793066,10.84464760559013,10.692441657726977,10.708749771118164,10251300,0.0,0.0
2006-10-30,10.708749854706936,10.871826842618939,10.703313816867443,10.828339576721191,13568800,0.0,0.0
2006-10-31,10.790288725038046,10.82833995442356,10.757673533681638,10.806595802307129,11677500,0.0,0.0
2006-11-01,10.768544303249227,10.768544303249227,10.632646466379486,10.638082504272461,8554400,0.0,0.0
2006-11-02,10.600032415171764,10.643519686171532,10.523929950126755,10.627211570739746,5583200,0.0,0.0
2006-11-03,10.572852135137987,10.600031287815355,10.447825337094732,10.513056755065918,7454100,0.0,0.0
2006-11-06,10.589159293957715,10.670697789438995,10.572852216952393,10.632646560668945,12225100,0.0,0.0
2006-11-07,10.763109415375055,10.80659668634718,10.665263833301516,10.687006950378418,8603500,0.0,0.0
2006-11-08,10.610903632259372,10.703314205247569,10.572852402820393,10.681570053100586,13284000,0.0,0.0
2006-11-09,10.779416965680118,10.779416965680118,10.545672507652245,10.600031852722168,17708300,0.0,0.0
2006-11-10,10.627211563984874,10.708751104273642,10.561981175935848,10.687006950378418,7542600,0.0,0.0
2006-11-13,10.69244412090806,10.757675552681748,10.670699964710687,10.735931396484375,8479200,0.0,0.0
2006-11-14,10.812033177769166,10.850084411861564,10.681571359387357,10.839213371276855,9622000,0.0,0.0
2006-11-15,10.877262869885202,10.991416553949001,10.866390794216782,10.953365325927734,11017100,0.0,0.0
2006-11-16,10.888134862170798,10.942493166460208,10.817467407685454,10.893570899963379,10748400,0.0,0.0
2006-11-17,10.752238920071267,10.850084507102729,10.719622687575738,10.83377742767334,6409100,0.0,0.0
2006-11-20,10.790289965160042,10.909879705090077,10.779417887852304,10.844649314880371,6302300,0.0,0.0
2006-11-21,10.915312494571385,11.089261532442155,10.915312494571385,11.056646347045898,12574400,0.0,0.0
2006-11-22,11.382802584720539,11.415417773765066,11.323007207457097,11.344751358032227,16714600,0.0,0.0
2006-11-24,11.317573537230476,11.388241004563747,11.301266457706172,11.377368927001953,3735400,0.0,0.0
2006-11-27,11.176239231364251,11.214290464622982,10.980547026488157,11.0403413772583,12943500,0.0,0.0
2006-11-28,10.882697487576571,10.931620784881988,10.822902116021492,10.920748710632324,13943500,0.0,0.0
2006-11-29,10.99685410541713,11.04577741584074,10.991418066834692,11.0403413772583,11729100,0.0,0.0
2006-11-30,10.947931563606728,11.034906113395225,10.90444428871248,10.991418838500977,7008600,0.0,0.0
2006-12-01,10.877261629859083,10.909876816327953,10.790287108063373,10.850081443786621,13414200,0.0,0.0
2006-12-04,10.81203107672118,10.904441643052907,10.81203107672118,10.855518341064453,6450600,0.0,0.0
2006-12-05,10.985980785232744,11.16536692770139,10.964237670181477,11.121878623962402,14442000,0.0,0.0
2006-12-06,11.034904567042213,11.176238449847602,11.013161451051223,11.149059295654297,9749200,0.0,0.0
2006-12-07,11.176238170325353,11.225161476104331,11.040340329121141,11.0457763671875,6519300,0.0,0.0
2006-12-08,11.007727025832017,11.138188851349591,10.964239750659491,11.105573654174805,7753900,0.0,0.0
2006-12-11,11.187110526252233,11.22516175685017,11.127315142845035,11.149059295654297,12223400,0.0,0.0
2006-12-12,11.132750416606525,11.143622492264615,11.024032770480229,11.078391075134277,14848000,0.0,0.0
2006-12-13,11.116445732172542,11.14362489034846,11.045778262005673,11.105573654174805,14011300,0.0,0.0
2006-12-14,11.040339370904947,11.170801162719727,11.018596257344896,11.170801162719727,6421200,0.0,0.0
2006-12-15,11.192544162484694,11.20341623655613,11.029467198685358,11.056646347045898,8386500,0.0,0.0
2006-12-18,11.132748791909847,11.170800014341824,11.013159087578206,11.056646347045898,6146000,0.0,0.0
2006-12-19,11.018599103829754,11.138188851349591,11.002290986833147,11.105573654174805,5344100,0.0,0.0
2006-12-20,11.094697382154575,11.127312567000155,11.00772286468767,11.06751823425293,10056600,0.0,0.0
2006-12-21,11.072956085205078,11.127314389913527,10.947929288648323,11.072956085205078,9889300,0.0,0.0
2006-12-22,11.111005870908794,11.127312945477227,10.915312681543064,10.980544090270996,6121800,0.0,0.0
2006-12-26,10.980547797391228,11.02947111124956,10.931624483532895,10.991418838500977,3366900,0.0,0.0
2006-12-27,11.067519943047422,11.17623758825774,11.062083905264178,11.143622398376465,4406700,0.0,0.0
2006-12-28,11.154493613189928,11.17080068846311,11.067519089005915,11.138185501098633,4363100,0.0,0.0
2006-12-29,11.078391558767402,11.181674208391712,11.0457763671875,11.0457763671875,4125900,0.0,0.0
2007-01-03,11.214291286438923,11.350189150503866,11.176240050391685,11.230599403381348,11128800,0.0,0.0
2007-01-04,11.14905870564074,11.41541834254869,11.143622667726103,11.371931076049805,9667100,0.0,0.0
2007-01-05,10.81746913037297,10.855520364162514,10.703315429004341,10.7848539352417,35807700,0.0,0.0
2007-01-08,10.757674604909308,10.768545645231802,10.64895590713764,10.676135063171387,12109200,0.0,0.0
2007-01-09,10.654390332611884,10.659826370359275,10.523928537129068,10.534799575805664,14194600,0.0,0.0
2007-01-10,10.388033199557555,10.393469238610919,10.257571372732116,10.371725082397461,21479100,0.0,0.0
2007-01-11,10.469568155680195,10.621774087021588,10.447824006852247,10.540234565734863,18222800,0.0,0.0
2007-01-12,10.534801473617902,10.632648097061331,10.453262966354503,10.594596862792969,14985400,0.0,0.0
2007-01-16,10.77941589619762,10.871826462602467,10.763107783249175,10.790287971496582,15807300,0.0,0.0
2007-01-17,10.817467122925821,10.88269853790143,10.77941589619762,10.790287971496582,10038200,0.0,0.0
2007-01-18,10.81746625731775,10.860953518215606,10.73049173552204,10.850081443786621,13547700,0.0,0.0
2007-01-19,10.71961826501984,10.991413869438558,10.71961826501984,10.942490577697754,25655600,0.0,0.0
2007-01-22,10.871828480137328,10.909879713926872,10.768545819266883,10.7848539352417,12935100,0.0,0.0
2007-01-23,10.75223873140132,10.909879705090077,10.735930615439713,10.844649314880371,18899400,0.0,0.0
2007-01-24,10.93162173155493,11.10557078734117,10.8718263548216,10.985980033874512,29515300,0.0,0.0
2007-01-25,11.708957483393352,11.71982852176784,11.333879183792382,11.475213050842285,60580000,0.0,0.0
2007-01-26,11.589368511431728,11.75788155554896,11.556753317658336,11.73070240020752,23879900,0.0,0.0
2007-01-29,11.621983338823076,11.719829953876966,11.594804184338455,11.632855415344238,19681500,0.0,0.0
2007-01-30,11.774192011836305,11.9100898891999,11.752448890603763,11.88291072845459,15952000,0.0,0.0
2007-01-31,11.882904925082828,12.04054584669031,11.833981630179606,12.01336669921875,12126100,0.0,0.0
2007-02-01,12.029677402802902,12.089472789464581,11.980755129955915,12.024242401123047,10937400,0.0,0.0
2007-02-02,11.888341239168723,12.024239053331604,11.877469165199363,11.997058868408203,9769800,0.0,0.0
2007-02-05,12.040548619466007,12.078599849416083,11.969882197675616,12.018805503845215,6781400,0.0,0.0
2007-02-06,12.067730916815096,12.089474036231831,11.92096097268301,12.007935523986816,8086200,0.0,0.0
2007-02-07,12.007930942377564,12.040546127467604,11.931828498228123,11.997058868408203,14866400,0.0,0.0
2007-02-08,11.904648313304723,12.018803016346924,11.861161054245322,11.997058868408203,8788200,0.0,0.0
2007-02-09,11.931831273786091,11.95357438996461,11.752446158835616,11.817676544189453,13811500,0.0,0.0
2007-02-12,11.85029326703599,11.872037422840505,11.785062873259275,11.839422225952148,9268600,0.0,0.0
2007-02-13,11.92639294084188,12.13295717047613,11.92639294084188,12.089469909667969,12267300,0.0,0.0
2007-02-14,12.230804437609592,12.502600091778694,12.230804437609592,12.480855941772461,18714300,0.0,0.0
2007-02-15,12.453678800452431,12.524346262556572,12.410191530241539,12.469986915588379,9073100,0.0,0.0
2007-02-16,12.475421321411922,12.616754153488534,12.45911320841008,12.578702926635742,11694600,0.0,0.0
2007-02-20,12.518909832766395,12.556961063408941,12.426499256855235,12.49716567993164,9730400,0.0,0.0
2007-02-21,12.393882081088517,12.491728687735868,12.361266891145466,12.437369346618652,9366600,0.0,0.0
2007-02-22,12.41562843322754,12.426500510741956,12.339525964263384,12.415628433227539,9856700,0.0,0.0
2007-02-23,12.38301323750267,12.48085882467728,12.366705121231046,12.415628433227539,14065200,0.0,0.0
2007-02-26,12.426502667766318,12.518913269042967,12.366707267875967,12.518913269042969,9386100,0.0,0.0
2007-02-27,12.160139498159873,12.236241958772949,11.68721454636283,11.888343811035156,16492900,0.0,0.0
2007-02-28,11.84485501624978,11.920957467056358,11.719828228301376,11.866598129272461,12758500,0.0,0.0
2007-03-01,11.540445587912453,11.741574869340841,11.431727926096269,11.703523635864258,17188200,0.0,0.0
2007-03-02,11.53501102031168,11.611114533788365,11.469780622267074,11.491523742675781,15770500,0.0,0.0
2007-03-05,11.301262862999065,11.578493494914545,11.290390788895463,11.426288604736328,12958100,0.0,0.0
2007-03-06,11.660033226013184,11.692648412099329,11.556750593785972,11.660033226013184,12179900,0.0,0.0
2007-03-07,11.649162575605533,11.790496448345033,11.621982386529746,11.692649841308594,5768100,0.0,0.0
2007-03-08,11.763317198515734,11.92095919728769,11.757881160266534,11.817676544189453,8150100,0.0,0.0
2007-03-09,11.855726533247426,11.899213797867525,11.747008890106267,11.774188041687012,9010500,0.0,0.0
2007-03-12,11.774190234301383,11.823113545711866,11.719830884198803,11.757882118225098,7268500,0.0,0.0
2007-03-13,11.714395754044864,11.801370306227163,11.540446649680264,11.578497886657715,8767600,0.0,0.0
2007-03-14,11.518702297979127,11.616548917922943,11.3828044451279,11.594804763793945,8940300,0.0,0.0
2007-03-15,11.611111058566188,11.806803230947544,11.583930870167267,11.774188041687012,8484300,0.0,0.0
2007-03-16,11.915523154740518,11.969882500394629,11.83942069291573,11.877471923828125,8584800,0.0,0.0
2007-03-19,12.073163421040462,12.084035496908543,11.980753886616425,12.045984268188477,8126300,0.0,0.0
2007-03-20,11.904650578974016,12.073163610297998,11.850291235599693,12.035112380981445,9869800,0.0,0.0
2007-03-21,12.181881894395977,12.448241527626044,12.067728210219464,12.426498413085938,9518400,0.0,0.0
2007-03-22,12.605882730672032,12.62218980635857,12.448240753581247,12.480855941772461,12316500,0.0,0.0
2007-03-23,12.497163960297334,12.551523298085995,12.41018943456273,12.486291885375977,10638600,0.0,0.0
2007-03-26,12.480858538092853,12.480858538092853,12.296038408683495,12.431936264038086,10293600,0.0,0.0
2007-03-27,12.38844737377463,12.410190488646009,12.26885661311828,12.355831146240234,7429100,0.0,0.0
2007-03-28,12.25798618440455,12.285166377668805,12.132960405844043,12.1873197555542,9729000,0.0,0.0
2007-03-29,12.459113309248236,12.508036611831553,12.35039462865905,12.448241233825684,8843400,0.0,0.0
2007-03-30,12.415623956126398,12.513470544835691,12.393879808938552,12.459111213684082,7637200,0.0,0.0
2007-04-02,12.372139460348315,12.383011536369164,12.252549734573678,12.339524269104004,12068800,0.0,0.0
2007-04-03,12.415625565390034,12.546087354973025,12.361266227192585,12.480855941772461,10252900,0.0,0.0
2007-04-04,12.709164912886665,12.714600950636363,12.589575192847839,12.687421798706055,11061200,0.0,0.0
2007-04-05,12.796142578125002,12.877681084103209,12.752654268997043,12.796142578125,8728600,0.0,0.0
2007-04-09,12.883117122744203,12.893988163207837,12.681987840300826,12.796142578125,7970600,0.0,0.0
2007-04-10,12.839630105171606,12.953783808442225,12.81244991142738,12.904860496520996,10262800,0.0,0.0
2007-04-11,12.932039955561542,12.942910995623244,12.681987371412704,12.709166526794434,10704200,0.0,0.0
2007-04-12,12.709164715645784,12.796140281472962,12.627626224302109,12.763524055480957,15535700,0.0,0.0
2007-04-13,12.883117854483535,12.980963445123834,12.78527122702482,12.93204116821289,7764700,0.0,0.0
2007-04-16,13.040756801269271,13.144039451556733,13.029884725066749,13.062500953674316,11302200,0.0,0.0
2007-04-17,13.073372954587272,13.084245031589422,12.964655295020767,13.002706527709961,8763500,0.0,0.0
2007-04-18,12.937473590956406,13.046192274639015,12.834191981957957,12.975525856018066,12617900,0.0,0.0
2007-04-19,13.42670774132166,13.502810204103499,13.372348394983936,13.399527549743652,22460100,0.0,0.0
2007-04-20,13.589783281026548,13.714809038375629,13.481064600051063,13.616962432861328,17226000,0.0,0.0
2007-04-23,13.52455415757599,13.595221623234098,13.502811039786206,13.529990196228027,7214200,0.0,0.0
2007-04-24,13.66588631393466,13.676758389855934,13.535424513334075,13.638707160949707,9547400,0.0,0.0
2007-04-25,13.725681399348312,13.818091969054276,13.676758095573495,13.780040740966797,7564000,0.0,0.0
2007-04-26,13.894195457729536,13.99747811079794,13.839836112071518,13.959426879882812,9435700,0.0,0.0
2007-04-27,13.888757236739515,13.937680536461167,13.807218749476132,13.915937423706055,7252800,0.0,0.0
2007-04-30,13.807218839049684,13.91050147655634,13.725680351257324,13.725680351257324,9228600,0.0,0.0
2007-05-01,13.736555565900176,13.79091491579279,13.638708943457141,13.769170761108398,5822500,0.0,0.0
2007-05-02,13.975732803344727,14.068143372284315,13.959425726767162,13.975732803344727,9075400,0.0,0.0
2007-05-03,13.877888756757246,14.024657646156676,13.834401486413284,13.93768310546875,9056400,0.0,0.0
2007-05-04,14.101655044882362,14.162796696984042,14.029395283061923,14.112771034240723,7398100,0.565,0.0
2007-05-07,14.034951146452793,14.073859752279507,13.923782792507902,13.929341316223145,10991700,0.0,0.0
2007-05-08,13.851527381761848,13.851527381761848,13.751476051575871,13.807060241699219,13775300,0.0,0.0
2007-05-09,13.784826992748535,13.968254089355467,13.779269527555265,13.968254089355469,9178700,0.0,0.0
2007-05-10,13.857087213060705,13.912671408423817,13.573608770871143,13.59028434753418,9906900,0.0,0.0
2007-05-11,13.790384674505066,13.934903144836428,13.751476059450516,13.934903144836426,7728500,0.0,0.0
2007-05-14,14.57411822779857,14.57411822779857,14.368458108856412,14.42959976196289,18067000,0.0,0.0
2007-05-15,14.474062953495464,14.685281524226449,14.462945907620188,14.624138832092285,15268000,0.0,0.0
2007-05-16,14.86871692814132,14.902067024400646,14.729756956850279,14.81869125366211,7292700,0.0,0.0
2007-05-17,14.77422193162758,14.846480639588602,14.69084617315554,14.76866340637207,6375400,0.0,0.0
2007-05-18,14.92430116596431,15.063261137602375,14.8909510696217,15.029911041259766,11234300,0.0,0.0
2007-05-21,15.085490112082432,15.096607161257682,14.96320575169516,14.990997314453125,12282100,0.0,0.0
2007-05-22,14.857598927684469,14.857598927684469,14.66305476825802,14.690847396850586,9830400,0.0,0.0
2007-05-23,14.718638148674396,14.824248011106167,14.657496489523638,14.668612480163574,6262500,0.0,0.0
2007-05-24,14.757548452825613,14.779782557006985,14.512979667913156,14.596355438232422,9960700,0.0,0.0
2007-05-25,14.813129356938214,14.863155020034345,14.751987704405323,14.824246406555176,7403400,0.0,0.0
2007-05-29,14.846477993305129,14.879829138893562,14.679726506083366,14.7130765914917,5412000,0.0,0.0
2007-05-30,14.868714878906536,15.129959207263537,14.846480777677701,15.096609115600586,10773100,0.0,0.0
2007-05-31,15.28559333486822,15.324501948273598,15.129957821066508,15.218892097473145,16681300,0.0,0.0
2007-06-01,15.307829869050625,15.674684082627927,15.291154292004249,15.6691255569458,13150000,0.0,0.0
2007-06-04,15.730264199469516,15.874782658921553,15.724706735034585,15.841432571411133,9369300,0.0,0.0
2007-06-05,15.880343953633398,15.897019530387505,15.580190993321944,15.746942520141602,8229600,0.0,0.0
2007-06-06,15.813641642255536,15.852550255940335,15.62465603848919,15.685797691345215,5626500,0.0,0.0
2007-06-07,15.669120926759366,15.780288227011097,15.313382809485677,15.380084037780762,11649500,0.0,0.0
2007-06-08,15.469021360220971,15.66356549934721,15.430112744431778,15.59130573272705,10203400,0.0,0.0
2007-06-11,15.641331775690148,15.808084353322286,15.602423158963402,15.735824584960938,7208400,0.0,0.0
2007-06-12,15.418998292800097,15.502374063568741,15.28559684753418,15.28559684753418,9142500,0.0,0.0
2007-06-13,15.430108838623934,15.652444486982779,15.407874743698049,15.61353588104248,7719400,0.0,0.0
2007-06-14,15.65800721778872,15.924810067505309,15.65800721778872,15.88590145111084,7106700,0.0,0.0
2007-06-15,16.086001743963262,16.18605306288304,16.008183462481142,16.124910354614258,7534300,0.0,0.0
2007-06-18,16.163821698451542,16.169380223795898,15.885901792315734,15.924810409545898,4946200,0.0,0.0
2007-06-19,15.908135925563007,15.930368966804656,15.719150304197624,15.90257740020752,7440000,0.0,0.0
2007-06-20,16.19717055984851,16.224963184458886,15.669123414414061,15.72470760345459,17143200,0.0,0.0
2007-06-21,15.42455381155014,15.591305320575884,15.324502482062599,15.56351375579834,12464000,0.0,0.0
2007-06-22,15.59686338921755,15.624656013362147,15.357852122475059,15.4301118850708,7130400,0.0,0.0
2007-06-25,15.35785392186734,15.519047980251568,15.263361109064943,15.335620880126953,9172000,0.0,0.0
2007-06-26,15.46346544122207,15.469023967297373,15.252246751262811,15.28559684753418,6217500,0.0,0.0
2007-06-27,15.241129350025869,15.40788088774384,15.20222072857037,15.374530792236328,5946200,0.0,0.0
2007-06-28,15.574632854470632,15.669125671396214,15.519048657423753,15.541281700134277,10424600,0.0,0.0
2007-06-29,15.708033391625344,15.713591917029715,15.530164819406735,15.62465763092041,8225800,0.0,0.0
2007-07-02,15.674682424619656,15.897018127484987,15.663565374431323,15.86922550201416,6659700,0.0,0.0
2007-07-03,16.180500065923493,16.247200261202146,16.147148908103677,16.19161605834961,4545400,0.0,0.0
2007-07-05,16.041537696821724,16.0971208312054,15.841435020463429,15.941486358642578,7226600,0.0,0.0
2007-07-06,16.03041537832086,16.13602520727133,15.9859482493175,16.07488250732422,5008800,0.0,0.0
2007-07-09,16.041537386268157,16.202730381184825,16.01930328480086,16.136030197143555,4248000,0.0,0.0
2007-07-10,16.09156216447533,16.197170960063566,15.985952308706842,15.997069358825684,5888200,0.0,0.0
2007-07-11,16.008183277786237,16.080443034030214,15.963716143243836,16.041534423828125,9363500,0.0,0.0
2007-07-12,16.491766289864767,16.675193374577916,16.402832010014773,16.647401809692383,14152600,0.0,0.0
2007-07-13,16.830829033140706,16.847503548137375,16.575142181329177,16.625167846679688,8032800,0.0,0.0
2007-07-16,16.66408039298428,16.74189870198707,16.54179599338061,16.591821670532227,5970900,0.0,0.0
2007-07-17,16.669634651983895,16.80303607017772,16.619608987638685,16.714101791381836,6534400,0.0,0.0
2007-07-18,16.586256765827567,16.625165375276197,16.330569952025005,16.525114059448242,10365600,0.0,0.0
2007-07-19,16.56958399282853,16.675193850733653,16.53623390197754,16.53623390197754,6768500,0.0,0.0
2007-07-20,16.463977632233647,16.486210676031998,16.213849263374527,16.274991989135742,6802700,0.0,0.0
2007-07-23,16.152704339295802,16.197171481021133,16.074887106321544,16.119354248046875,6753900,0.0,0.0
2007-07-24,16.058211114494757,16.124912355444486,15.77473269577386,15.86922550201416,8033600,0.0,0.0
2007-07-25,15.902578476692119,15.930370045170534,15.56907435404924,15.646891593933105,12052600,0.0,0.0
2007-07-26,15.213336298891463,15.418996438036393,15.041025191825874,15.402320861816406,21109600,0.0,0.0
2007-07-27,15.680241662661288,15.985954216328938,15.28559587797116,15.541281700134277,13732900,0.0,0.0
2007-07-30,15.95260269363013,15.985952784799633,15.780291592197086,15.88590145111084,11670600,0.0,0.0
2007-07-31,16.086004017112757,16.213846915940405,15.841434209657045,15.919251441955566,9803000,0.0,0.0
2007-08-01,15.70803372999175,15.952603552150768,15.530165153941677,15.791409492492676,16401000,0.0,0.0
2007-08-02,16.99202039529328,17.203240086628135,16.85861898716713,17.175447463989258,30007600,0.0,0.0
2007-08-03,16.919763901408796,17.053165326916922,16.363924098368113,16.480649948120117,20059600,0.0,0.0
2007-08-06,16.63629000544581,16.803041567699847,16.44730433612827,16.769691467285156,13681700,0.0,0.0
2007-08-07,16.569585391266852,16.797479641646255,16.31945809850379,16.541793823242188,13637600,0.0,0.0
2007-08-08,16.941996851093183,17.314409559534166,16.908646759940638,17.11986541748047,15370500,0.0,0.0
2007-08-09,16.758572831082407,16.96979258751598,16.419511211829267,16.46953582763672,12307500,0.0,0.0
2007-08-10,16.36392215526381,16.686309160338933,16.197169598044162,16.61960792541504,14154100,0.0,0.0
2007-08-13,16.92531920098095,17.153213391980426,16.886409531632186,16.941993713378906,10182000,0.0,0.0
2007-08-14,16.947553553711938,16.986462165902243,16.552907847004363,16.586257934570312,8723700,0.0,0.0
2007-08-15,16.258310155907402,16.49732138081963,15.985948848038591,16.035974502563477,14071600,0.0,0.0
2007-08-16,15.785852432250977,15.930370928751312,15.202220980390003,15.785852432250977,20077300,0.0,0.0
2007-08-17,16.430624824469415,16.536234687390635,16.052653576271634,16.325016021728516,14756500,0.0,0.0
2007-08-20,16.602935861131463,16.6251689025992,16.219406089145053,16.46397590637207,10882600,0.0,0.0
2007-08-21,16.41395101627256,16.669636836269135,16.38615838789443,16.50844383239746,9054900,0.0,0.0
2007-08-22,16.96423097977364,17.053165263112977,16.875296696434297,16.969789505004883,12950200,0.0,0.0
2007-08-23,16.925324736629285,16.93644072847019,16.586262071241503,16.753013610839844,8483100,0.0,0.0
2007-08-24,16.95311494303913,17.214359283447266,16.925323375401366,17.214359283447266,6483400,0.0,0.0
2007-08-27,17.164332008598787,17.24770882407659,17.0865147783451,17.114307403564453,5544600,0.0,0.0
2007-08-28,17.02537381461832,17.080958010595293,16.641845088755968,16.680753707885742,5685900,0.0,0.0
2007-08-29,17.492277938550128,17.886924743652344,17.470044898080012,17.886924743652344,14009100,0.0,0.0
2007-08-30,18.070350571350204,18.259336184047278,17.87025002881259,18.048118591308594,19029200,0.0,0.0
2007-08-31,18.41497236459403,18.420529829393008,18.22042717086212,18.276012420654297,6766800,0.0,0.0
2007-09-04,18.26489586763756,18.770709992525685,18.242661767115756,18.67621612548828,7781400,0.0,0.0
2007-09-05,18.665100230198604,18.676215159524094,18.320478051016654,18.548372268676758,10672300,0.0,0.0
2007-09-06,18.8096177430831,19.09865467549029,18.731800515196632,19.015277862548828,16431600,0.0,0.0
2007-09-07,18.91522761662621,19.031955585490174,18.687333384631696,18.865201950073242,8572000,0.0,0.0
2007-09-10,19.243172420020887,19.293198084593683,18.731800844708296,18.92634391784668,9864600,0.0,0.0
2007-09-11,19.215384412840443,19.3432273303372,19.137567169178144,19.22650146484375,13974900,0.0,0.0
2007-09-12,18.80961607722263,18.870758785249915,18.6706561482007,18.71512222290039,13901600,0.0,0.0
2007-09-13,18.892994673049586,18.898552137778573,18.748475145770605,18.831851959228516,9534900,0.0,0.0
2007-09-14,18.78738381779173,18.81517538224311,18.620632310723018,18.69289207458496,7701600,0.0,0.0
2007-09-17,19.132004796089394,19.187590048008985,18.854084897573088,18.95969581604004,10834600,0.0,0.0
2007-09-18,19.23205379734323,20.02134731601706,19.115327963005647,19.976879119873047,15181200,0.0,0.0
2007-09-19,20.199220032447336,20.593865813126513,20.19366256696147,20.332622528076172,19913200,0.0,0.0
2007-09-20,20.42155497671391,20.67724077322007,20.315944058760095,20.4493465423584,10299500,0.0,0.0
2007-09-21,20.59942402639412,20.655007158992095,20.410438407056173,20.59386444091797,8860300,0.0,0.0
2007-09-24,20.42711722994141,20.488259960907843,20.232574104467336,20.321508407592773,8339000,0.0,0.0
2007-09-25,20.260359312807765,20.54939623726864,20.2103336504903,20.499370574951172,9004600,0.0,0.0
2007-09-26,20.877343997414435,21.005186899090425,20.71614994385578,20.805084228515625,12055400,0.0,0.0
2007-09-27,21.094123505173297,21.15526623017335,20.93292943387512,21.088563919067383,7891800,0.0,0.0
2007-09-28,21.12747199103837,21.144148628561677,20.91069478648239,21.083005905151367,11621900,0.0,0.0
2007-10-01,20.421558625834667,21.249758879978142,20.421558625834667,21.099681854248047,22854000,0.0,0.0
2007-10-02,20.677240310417037,20.838434356051945,20.5327207797235,20.72170639038086,12146000,0.0,0.0
2007-10-03,20.47158762159801,20.560521934193606,20.310393517405604,20.371536254882812,10991500,0.0,0.0
2007-10-04,19.982443450561,20.25480379536979,19.815691916136732,20.199220657348633,13042700,0.0,0.0
2007-10-05,20.421554703170365,20.488254883895806,20.227009505543762,20.304826736450195,15464300,0.0,0.0
2007-10-08,20.026908725797096,20.154751634356636,19.960208538800966,20.14363670349121,6242500,0.0,0.0
2007-10-09,19.932413330177305,20.14363302417238,19.810127909386416,20.12139892578125,17325400,0.0,0.0
2007-10-10,20.304829513960527,20.50493220386954,20.227012272409425,20.41044044494629,12552300,0.0,0.0
2007-10-11,21.133031113818287,21.39427651889622,20.79952593535185,20.843994140625,16876900,0.0,0.0
2007-10-12,20.582751110684924,20.743945192859925,20.532725434160305,20.73282814025879,14365100,0.0,0.0
2007-10-15,20.571625426747218,20.582742474683922,20.121396647291277,20.254796981811523,9138800,0.0,0.0
2007-10-16,20.07137856037297,20.215895997325283,19.498864158086775,19.626707077026367,25951700,0.0,0.0
2007-10-17,19.94908961210049,20.404878067718617,19.787895565016868,20.304826736450195,18206200,0.0,0.0
2007-10-18,21.149704387878707,21.188613005026113,20.76061609604402,20.921810150146484,36519100,0.0,0.0
2007-10-19,20.89401371172663,20.899571175583,20.377082638319465,20.443782806396484,16623500,0.0,0.0
2007-10-22,20.443789583486037,20.74950320593295,20.382646858996655,20.738386154174805,9602800,0.0,0.0
2007-10-23,21.166376771887048,21.394270963837,21.021857262634775,21.383153915405273,14013900,0.0,0.0
2007-10-24,21.522116396363604,21.599933624267578,21.055210908579337,21.599933624267578,14707400,0.0,0.0
2007-10-25,21.55546692728881,21.77224411165834,21.48320927940602,21.733335494995117,10693600,0.0,0.0
2007-10-26,22.178007455273153,22.194681969695505,21.872293888460472,21.994579315185547,13449500,0.0,0.0
2007-10-29,21.838948831447304,22.189126420165813,21.71110591678424,22.183568954467773,11554900,0.0,0.0
2007-10-30,21.883406990660436,22.066835097659556,21.80003231322815,21.92231559753418,11178200,0.0,0.0
2007-10-31,21.744453885398837,22.150216713004195,21.711104852124326,22.077959060668945,9278400,0.0,0.0
2007-11-01,22.09463380669382,22.09463380669382,21.611053735946435,21.66107940673828,9660800,0.0,0.0
2007-11-02,21.794477341084345,22.12242289724492,21.64995993073788,22.072397232055664,10823800,0.0,0.0
2007-11-05,21.883412899469036,22.07239852118155,21.77780409806169,21.950115203857422,11632100,0.0,0.0
2007-11-06,22.561531560523132,22.89503450359434,22.51150590702645,22.845008850097656,13254300,0.0,0.0
2007-11-07,23.17851756001267,23.467554478980826,22.689377995577296,22.750520706176758,13672700,0.0,0.0
2007-11-08,22.65047257320354,22.67826414001878,21.460975702481964,22.278060913085938,17205100,0.0,0.0
2007-11-09,21.699989048707103,21.733338083899252,21.02742331442816,21.088563919067383,19468000,0.0,0.0
2007-11-12,21.01074569328086,21.105239569412092,20.365971558620963,20.49381446838379,17910300,0.0,0.0
2007-11-13,21.06633467919091,21.627732088431415,20.97184078633195,21.56658935546875,15046800,0.0,0.0
2007-11-14,21.950113184987153,21.977904749079197,21.31645407374227,21.388713836669922,12451600,0.0,0.0
2007-11-15,21.160816192626953,21.46097012509147,20.988505130576566,21.160816192626953,11152900,0.0,0.0
2007-11-16,21.355362884053626,21.42762264764621,20.871782879248848,21.32201385498047,12682000,0.0,0.0
2007-11-19,21.599933939187526,21.655517068397767,21.138585909372768,21.255313873291016,7750500,0.0,0.0
2007-11-20,22.011253863291554,22.011253863291554,21.094119522531326,21.599933624267578,12964200,0.0,0.0
2007-11-21,21.305340354373822,21.3553639003642,20.60498102546091,20.960718154907227,11274900,0.0,0.0
2007-11-23,21.33312936381031,21.566581031901,21.244195092105247,21.4887638092041,3907200,0.0,0.0
2007-11-26,21.83338681858962,21.927880687839746,21.210846831925064,21.22196388244629,8786700,0.0,0.0
2007-11-27,21.09967844707339,21.22196388244629,20.79952444408205,21.22196388244629,11808600,0.0,0.0
2007-11-28,21.68887279718463,22.40034717901534,21.68887279718463,22.26694679260254,12817400,0.0,0.0
2007-11-29,21.994584453023506,22.366998284880257,21.961233296027686,22.244712829589844,8904700,0.0,0.0
2007-11-30,22.444810691038267,22.505953405499188,21.76668548754145,21.86117935180664,10680400,0.0,0.0
2007-12-03,22.239149835739774,22.561537942886645,22.20580080421465,22.366994857788086,11617200,0.0,0.0
2007-12-04,21.73889453227275,21.76112863276553,21.433183071758858,21.633283615112305,17851300,0.0,0.0
2007-12-05,21.727780762858004,22.083517943015664,21.511003551221982,21.627729415893555,13952900,0.0,0.0
2007-12-06,21.72222165282046,21.744453634626833,21.31089924417253,21.677753448486328,14095700,0.0,0.0
2007-12-07,21.927881102394625,22.044606954533368,21.677752761839734,21.950115203857422,9559500,0.0,0.0
2007-12-10,22.222475051879883,22.394786154003093,22.122423717790355,22.222475051879883,5781400,0.0,0.0
2007-12-11,22.383664948993133,22.417016094286367,21.549905399903864,21.683305740356445,8386200,0.0,0.0
2007-12-12,22.278057885216814,22.339198475756312,21.883410056779752,21.983461380004883,10295200,0.0,0.0
2007-12-13,21.59993894042473,21.755573434537293,21.188616479806015,21.572147369384766,9606100,0.0,0.0
2007-12-14,20.9829516448232,21.29422268420863,20.916251465083636,20.99962615966797,8693400,0.0,0.0
2007-12-17,20.510494456078412,20.5549605483046,20.076937864796875,20.138080596923828,12616500,0.0,0.0
2007-12-18,20.18809668227341,20.371524791486987,19.6767252026963,20.27703094482422,12686600,0.0,0.0
2007-12-19,20.271477158013596,20.52160335905932,20.138074679810146,20.29926872253418,10181000,0.0,0.0
2007-12-20,20.54939882417746,21.07188749165429,20.54939882417746,20.927370071411133,15175700,0.0,0.0
2007-12-21,21.38872186846496,21.66108438770833,21.34425577329207,21.416513442993164,13982100,0.0,0.0
2007-12-24,21.627725999411716,21.644400514484808,21.338689056101902,21.399831771850586,3307700,0.0,0.0
2007-12-26,21.34424986277905,21.583261154186363,21.12191308739902,21.577701568603516,5478400,0.0,0.0
2007-12-27,21.883411310401723,21.894528360325854,21.410948350608717,21.51099967956543,10123400,0.0,0.0
2007-12-28,21.777800449261676,21.81115159586799,21.494321004008658,21.533231735229492,8625000,0.0,0.0
2007-12-31,21.455419489965582,21.5110047526954,21.188616589945354,21.338693618774414,5529800,0.0,0.0
2008-01-02,21.31090472187458,21.333138829756642,20.621662220059232,20.788415908813477,11473900,0.0,0.0
2008-01-03,21.171934543433444,21.25531134770231,20.788405908589134,21.199726104736328,9791200,0.0,0.0
2008-01-04,20.671678642319677,20.671678642319677,19.86571273607519,19.999113082885742,15597700,0.0,0.0
2008-01-07,20.088051141335402,20.138076810910576,19.00972263315582,19.276525497436523,18557000,0.0,0.0
2008-01-08,19.721192014318014,20.05469710167663,19.015275351156454,19.054183959960938,18097200,0.0,0.0
2008-01-09,19.004158356947634,19.09865220742749,18.376061029968067,19.00971794128418,22213500,0.0,0.0
2008-01-10,18.815175233419396,19.504417476308234,18.698449391430618,19.36545753479004,21583900,0.0,0.0
2008-01-11,19.32654824439554,19.48774227980162,18.642865610497072,18.798500061035156,22391200,0.0,0.0
2008-01-14,19.81013073240129,19.860156400730006,19.50441925721942,19.64337921142578,14902100,0.0,0.0
2008-01-15,19.810129065915742,19.826803580502396,19.259848880951665,19.43771743774414,12537800,0.0,0.0
2008-01-16,19.30431485597116,19.560000639937826,18.72068352461753,18.97081184387207,19795000,0.0,0.0
2008-01-17,18.95969369057291,19.08753657511538,18.181517213820122,18.376062393188477,20562300,0.0,0.0
2008-01-18,18.509459025109113,18.67065302469406,17.914710798022476,18.120370864868164,19051100,0.0,0.0
2008-01-22,16.70298454036519,17.75352241878479,16.397273093207975,17.620121002197266,20763400,0.0,0.0
2008-01-23,16.808593408142848,18.1926342168689,16.4639733671901,18.025882720947266,55694000,0.0,0.0
2008-01-24,19.22649430583031,20.33817364789541,19.165351602759117,20.27703094482422,49032600,0.0,0.0
2008-01-25,20.243682633357537,20.343733957769548,19.426599644473267,19.498859405517578,29936200,0.0,0.0
2008-01-28,19.07086264879175,19.34322293978913,18.931902710832976,19.22093963623047,14981200,0.0,0.0
2008-01-29,19.05418784259163,19.337667330628467,18.831853192741388,19.26540756225586,14529900,0.0,0.0
2008-01-30,19.432160903826244,20.13252031148052,19.293200939490482,19.66005516052246,19295300,0.0,0.0
2008-01-31,19.54888887962635,20.66612830114206,19.487748269807966,20.64389419555664,22998900,0.0,0.0
2008-02-01,20.627216737751425,20.977396429567516,20.471582261549035,20.910694122314453,15115200,0.0,0.0
2008-02-04,20.793967110847632,20.838435313214486,20.482696055361423,20.59386444091797,9490900,0.0,0.0
2008-02-05,19.882390997686656,19.965765700071493,19.24317434426618,19.276525497436523,18760300,0.0,0.0
2008-02-06,19.48774123427778,19.704518384571475,19.204261791308912,19.298755645751953,14727100,0.0,0.0
2008-02-07,18.842972712353475,19.454395730009427,18.815179022164774,19.22650146484375,15316700,0.0,0.0
2008-02-08,19.315432494516642,19.75454643277491,19.309875029635116,19.676729202270508,15536200,0.0,0.0
2008-02-11,19.76010659914111,20.1714290285043,19.554446444639915,20.082494735717773,12230200,0.0,0.0
2008-02-12,20.493811126034814,20.89957389180874,20.34373413808659,20.477136611938477,16022500,0.0,0.0
2008-02-13,20.516047277428772,20.771733080832444,20.28259557528471,20.710590362548828,13427600,0.0,0.0
2008-02-14,20.721703688565178,20.749497370324224,19.999112490394612,20.13251495361328,14818600,0.0,0.0
2008-02-15,19.976882925908075,20.110285419395918,19.77678236621736,20.07137680053711,8476700,0.0,0.0
2008-02-19,20.471582302870317,20.482697233740883,19.95465108259958,20.049142837524414,11123800,0.0,0.0
2008-02-20,19.98799689657895,20.49937056905033,19.8434794945703,20.404876708984375,9578400,0.0,0.0
2008-02-21,20.477140458724303,20.64389199209441,20.088052133953532,20.12696075439453,10670200,0.0,0.0
2008-02-22,20.282593546279877,20.477136611938473,19.954648006769393,20.477136611938477,8021300,0.0,0.0
2008-02-25,20.39376237170428,20.688358920160812,20.29371103379235,20.649450302124023,10072900,0.0,0.0
2008-02-26,20.571631264527205,21.29978220831386,20.571631264527205,21.1663818359375,14493800,0.0,0.0
2008-02-27,20.905134762208178,21.477649065230676,20.905134762208178,21.26087188720703,9743900,0.0,0.0
2008-02-28,21.16081979146327,21.260871119300578,20.882899907550843,21.066328048706055,10340700,0.0,0.0
2008-02-29,20.504928619550274,20.504928619550274,19.954648438851823,20.015789031982422,13528500,0.0,0.0
2008-03-03,19.81569330757796,19.88239350195914,19.53221377082629,19.84348487854004,14097200,0.0,0.0
2008-03-04,18.981929790765253,19.159798355005773,18.587281926018594,19.14312171936035,26118300,0.0,0.0
2008-03-05,19.232053631999026,19.576675788071398,19.076419187553622,19.34878158569336,17393300,0.0,0.0
2008-03-06,19.09309936316504,19.132007985815402,18.73180470707442,18.78738784790039,13258700,0.0,0.0
2008-03-07,18.45388311075945,18.73736049618057,18.109263003684966,18.370506286621094,19029100,0.0,0.0
2008-03-10,18.520581714954584,18.531698765246936,18.12037638587198,18.281570434570312,15057800,0.0,0.0
2008-03-11,17.603446590011664,17.975859300145274,17.25882544593478,17.93695068359375,40318200,0.0,0.0
2008-03-12,17.892480571985505,18.092583218814255,17.836897445804343,17.84245491027832,21162600,0.0,0.0
2008-03-13,17.492277815519465,18.225987229117703,17.38666901871373,18.164844512939453,18159300,0.0,0.0
2008-03-14,18.181521087072376,18.18708067300573,17.336645316048305,17.525630950927734,21631300,0.0,0.0
2008-03-17,17.025378046210683,17.475609191365052,16.903093632812308,17.281064987182617,15674900,0.0,0.0
2008-03-18,17.797991067245228,18.287130696401096,17.747965399259282,18.198196411132812,14773300,0.0,0.0
2008-03-19,17.142096312341526,17.33108189382776,16.252752586555722,16.302778244018555,43998800,0.0,0.0
2008-03-20,15.997070212369161,16.397274496378575,15.824759106874005,16.28610610961914,31355300,0.0,0.0
2008-03-24,16.258314277682018,17.214358359525253,16.258314277682018,16.84194564819336,16950900,0.0,0.0
2008-03-25,16.64184540154577,17.647915232935024,16.558469636103414,17.55898094177246,29180200,0.0,0.0
2008-03-26,17.831344277453873,17.853576261066504,17.319970487867902,17.464488983154297,13751100,0.0,0.0
2008-03-27,17.5367445025101,17.547861552469417,17.125423195637566,17.181007385253906,10407300,0.0,0.0
2008-03-28,17.436693048217926,17.67014578059422,17.269940490703334,17.36443328857422,13014200,0.0,0.0
2008-03-31,17.659030813787787,17.898042098950725,17.55897947951676,17.692380905151367,12858200,0.0,0.0
2008-04-01,18.65953832321615,18.74291512530501,18.46499527882236,18.61507225036621,22563400,0.0,0.0
2008-04-02,18.898555429644137,18.98193225762513,18.626192962552274,18.73180389404297,17141200,0.0,0.0
2008-04-03,18.66509740128852,18.870757488406657,18.59839511328256,18.770706176757812,16019700,0.0,0.0
2008-04-04,18.792945518048302,19.03195681587973,18.553934220216878,18.881879806518555,11045800,0.0,0.0
2008-04-07,19.37101775226101,19.398811440802692,18.75959477083728,18.909671783447266,10272600,0.0,0.0
2008-04-08,18.559492301475263,18.887437898659638,18.5372581985297,18.748477935791016,10868200,0.0,0.0
2008-04-09,18.631750439786533,18.64842495535111,18.15928533530462,18.28713035583496,13797300,0.0,0.0
2008-04-10,18.342709929812823,18.481669853523528,18.12593278808175,18.242658615112305,13637900,0.0,0.0
2008-04-11,18.137053562961963,18.253779413975657,17.97585950945128,18.031442642211914,10289300,0.0,0.0
2008-04-14,17.992536348146267,18.0536790742932,17.831344394185383,17.89804458618164,10299700,0.0,0.0
2008-04-15,17.94806581852702,17.992531895399882,17.720170548427514,17.84245491027832,11864600,0.0,0.0
2008-04-16,18.448322165923017,18.804061418394426,18.287130235683172,18.726242065429688,15179000,0.0,0.0
2008-04-17,16.452857920932885,16.51955810172747,15.846992467784089,16.091562271118164,85932900,0.0,0.0
2008-04-18,16.21384705673574,16.241638622746468,15.869225913229206,16.119354248046875,25228100,0.0,0.0
2008-04-21,16.1638187787747,16.263870096540135,16.008183277786237,16.041534423828125,17476000,0.0,0.0
2008-04-22,15.985948407626505,16.063765619108015,15.846988495592388,15.913688659667969,12316300,0.0,0.0
2008-04-23,16.00818690751051,16.252756733037966,15.952603771864576,16.213848114013672,14880100,0.0,0.0
2008-04-24,15.908134085490163,16.013742874487896,15.719148485984494,15.891458511352539,20025900,0.0,0.0
2008-04-25,16.180494203145035,16.180494203145035,15.897015825474005,15.969274520874023,13696900,0.0,0.0
2008-04-28,16.191610438409977,16.49732291789907,16.0915601802184,16.402830123901367,19209600,0.0,0.0
2008-04-29,16.363926920099694,16.74745568700216,16.363926920099694,16.608495712280273,18354600,0.0,0.0
2008-04-30,16.708543266434564,17.10874858119626,16.586258898135284,16.714101791381836,18198500,0.0,0.0
2008-05-01,16.764125179933473,16.941993713378906,16.625165255656718,16.941993713378906,13373000,0.0,0.0
2008-05-02,16.736338873649284,16.775247495033614,16.34169201350731,16.55291175842285,25260600,0.0,0.0
2008-05-05,16.347245338145314,16.608489613018772,16.291661156633065,16.44173812866211,12993000,0.0,0.0
2008-05-06,16.263871386076897,16.51399864014256,16.213845723227724,16.47509002685547,12636200,0.0,0.0
2008-05-07,16.59182112506604,16.79748129310103,16.375042844475598,16.386159896850586,13640600,0.0,0.0
2008-05-08,16.46397672371062,16.57514405692874,16.35836685600009,16.519559860229492,11533700,0.0,0.0
2008-05-09,16.52756826094666,16.62478929563182,16.32168925692348,16.396034240722656,11502100,0.834,0.0
2008-05-12,16.44750291472345,16.458940939227826,16.19587182957746,16.356000900268555,16699800,0.0,0.0
2008-05-13,16.253059465383227,16.258778477144226,16.098649420206133,16.138681411743164,18414300,0.0,0.0
2008-05-14,16.06433480286801,16.355997828207734,16.04717776933396,16.178712844848633,25760900,0.0,0.0
2008-05-15,16.1844307652368,16.195868787592833,15.984270827955482,16.178712844848633,17840500,0.0,0.0
2008-05-16,16.693416251078084,16.727729236398176,16.516130130212314,16.681978225708008,21932100,0.0,0.0
2008-05-19,17.025112030748115,17.253867093328523,16.847825902806896,16.962203979492188,15075000,0.0,0.0
2008-05-20,17.0079475426043,17.0079475426043,16.727722577331797,16.91072654724121,13450100,0.0,0.0
2008-05-21,16.916449498528344,17.013670516540174,16.384593405333636,16.424625396728516,15863100,0.0,0.0
2008-05-22,16.476097577678864,16.630507642607572,16.430346568528517,16.550443649291992,11106200,0.0,0.0
2008-05-23,16.45322578199302,16.4703817319792,16.207313651481606,16.270221710205078,13626100,0.0,0.0
2008-05-27,16.05289764077227,16.178713711851294,15.989989605232756,16.144399642944336,14734900,0.0,0.0
2008-05-28,16.396030394744418,16.45893842913455,16.04717833609351,16.224464416503906,20596200,0.0,0.0
2008-05-29,16.01858823821551,16.132965221066094,15.858459153276511,16.024307250976562,15802000,0.0,0.0
2008-05-30,16.45894102840507,16.487534999030885,16.201590929612525,16.241622924804688,18914400,0.0,0.0
2008-06-02,16.104366137352073,16.138679112239057,15.824141145730461,15.95567512512207,15760000,0.0,0.0
2008-06-03,15.89848950895008,15.955678539860843,15.646859518206782,15.744080543518066,14358500,0.0,0.0
2008-06-04,15.664010333295456,15.795545388543882,15.446693395963168,15.50388240814209,15858600,0.0,0.0
2008-06-05,15.246537510259609,15.35519656074944,15.0749715069936,15.315164566040039,22793500,0.0,0.0
2008-06-06,15.28085168778917,15.303727738435011,14.914843603776776,14.943437576293945,16742200,0.0,0.0
2008-06-09,15.269413209487606,15.309445203280378,14.97775013798166,15.21794319152832,23162100,0.0,0.0
2008-06-10,14.857654054917496,14.994907081682797,14.69752606908636,14.754714012145996,21880500,0.0,0.0
2008-06-11,14.777587215772506,14.846213170542443,14.485924181025561,14.611739158630371,14286900,0.0,0.0
2008-06-12,14.834783237012408,15.006349295664535,14.583152072304278,14.73756217956543,16486300,0.0,0.0
2008-06-13,14.80618166042239,15.017780724514637,14.703241634149942,14.914840698242188,19322900,0.0,0.0
2008-06-16,14.674650806949574,14.731839843869151,14.531678760045708,14.57742977142334,13431100,0.0,0.0
2008-06-17,14.66320953190331,14.880527605879953,14.634615565175288,14.70896053314209,16906100,0.0,0.0
2008-06-18,14.560270260628599,14.646054346836031,14.445893297001968,14.531676292419434,10817400,0.0,0.0
2008-06-19,14.148509945001924,14.165666978845408,13.93119297026714,13.976943969726562,30491500,0.0,0.0
2008-06-20,13.668125765159095,14.0055398411318,13.502278778597438,13.891162872314453,25281200,0.0,0.0
2008-06-23,13.874001881783013,14.016973870147483,13.805374847420595,13.971222877502441,16960900,0.0,0.0
2008-06-24,13.91975253413779,14.28576046635049,13.81681253050555,14.10275650024414,17121600,0.0,0.0
2008-06-25,14.886248028138493,15.04637600225444,14.834778010518361,14.92628002166748,25781700,0.0,0.0
2008-06-26,14.748990523470209,14.760427453291213,14.280041495539145,14.331511497497559,17542300,0.0,0.0
2008-06-27,13.942631661090468,13.94835067309316,13.610936600464393,13.742471694946289,23673400,0.0,0.0
2008-06-30,13.845410998955213,14.125637140430033,13.811098016836064,14.011259078979492,13704100,0.0,0.0
2008-07-01,13.553751177274966,13.868289260263836,13.485124111297104,13.845413208007812,21437300,0.0,0.0
2008-07-02,13.811095613257876,13.87400364518664,13.485119612881268,13.536589622497559,17401000,0.0,0.0
2008-07-03,14.068448109704763,14.211420141122922,13.725315016143178,14.011259078979492,11965000,0.0,0.0
2008-07-07,14.405861615789131,14.468768565363588,13.879724517551,14.051290512084961,15576800,0.0,0.0
2008-07-08,13.965506738440702,14.400141803326276,13.885442757547809,14.371546745300293,20763000,0.0,0.0
2008-07-09,14.531674053364737,14.588863071761297,14.21141707744973,14.234292030334473,16067600,0.0,0.0
2008-07-10,14.388701828906878,14.76614781734609,14.388701828906878,14.714677810668945,20501300,0.0,0.0
2008-07-11,14.674649157486142,15.057814243751496,14.440175114182423,14.874810218811035,20842800,0.0,0.0
2008-07-14,14.794745673593138,14.817620630454467,14.182824488400257,14.280045509338379,20381800,0.0,0.0
2008-07-15,14.154228352437508,14.474485334990701,13.88544137842909,14.21713638305664,22114100,0.0,0.0
2008-07-16,14.234293739145365,14.680366827241333,14.079884788964774,14.371546745300293,26981100,0.0,0.0
2008-07-17,15.440978244282405,15.726922285843191,15.33231920306812,15.618263244628906,39174000,0.0,0.0
2008-07-18,15.664015120022876,15.915646196031641,15.54391913945802,15.73264217376709,21761800,0.0,0.0
2008-07-21,15.789831462824344,15.818425432726679,15.52676235840473,15.623983383178711,9390700,0.0,0.0
2008-07-22,15.074972276044914,15.309446334838865,15.01778324177539,15.309446334838867,21505100,0.0,0.0
2008-07-23,15.166471065426247,15.34947506349277,15.10356303204468,15.269411087036133,11745300,0.0,0.0
2008-07-24,15.78983079981329,15.995709774203364,15.549637754033215,15.606826782226562,22288900,0.0,0.0
2008-07-25,16.041456801136682,16.20730483269654,15.90992283245869,16.087207794189453,14884900,0.0,0.0
2008-07-28,16.081493258964837,16.150119217591957,15.74979821682723,15.789830207824707,10066600,0.0,0.0
2008-07-29,15.721205183716075,15.955679239013453,15.715486171295398,15.938523292541504,7979300,0.0,0.0
2008-07-30,15.869896371516843,15.972836414399044,15.578233280280642,15.852739334106445,9868200,0.0,0.0
2008-07-31,15.56679435258401,15.818425432726679,15.538200382681676,15.623983383178711,13284900,0.0,0.0
2008-08-01,15.59538648475481,15.623980449287734,15.309442476266264,15.509603500366211,8741800,0.0,0.0
2008-08-04,15.772675296720708,15.9270853606095,15.555358277417664,15.652579307556152,9791700,0.0,0.0
2008-08-05,15.864179515671216,15.938525597099678,15.772677485290219,15.89277458190918,11114400,0.0,0.0
2008-08-06,15.955675819843458,16.007145829809875,15.806984801139343,15.978551864624023,8302300,0.0,0.0
2008-08-07,15.66401541641334,15.66401541641334,15.400947402127846,15.481011390686035,9463200,0.0,0.0
2008-08-08,14.989187253451373,15.538200421423326,14.989187253451373,15.481011390686035,9426400,0.0,0.0
2008-08-11,15.37807195814807,15.652579098322066,15.35519699942778,15.469573974609375,9523600,0.0,0.0
2008-08-12,15.320881568984245,15.338037512586887,15.109282507969128,15.19506549835205,9516300,0.0,0.0
2008-08-13,14.840498362304874,14.874811346885929,14.474489193876543,14.794747352600098,13826900,0.0,0.0
2008-08-14,14.480204102138694,15.029217153772711,14.46304816010594,14.840494155883789,13126400,0.0,0.0
2008-08-15,14.743274625167482,14.794744637990158,14.474486538029081,14.565988540649414,18156000,0.0,0.0
2008-08-18,14.531674888323655,14.600301932500647,14.291481869888973,14.463048934936523,11268600,0.0,0.0
2008-08-19,14.262888919910678,14.360109936455796,14.10847887761138,14.348671913146973,12935900,0.0,0.0
2008-08-20,14.325799152102135,14.445896242808756,14.245735152157847,14.417301177978516,11318100,0.0,0.0
2008-08-21,14.388702147530982,14.69752219443238,14.37726412561838,14.64033317565918,15195900,0.0,0.0
2008-08-22,14.606016721761137,15.097839548169768,14.606016721761137,15.046369552612305,16382800,0.0,0.0
2008-08-25,14.771868568891632,14.874808594376367,14.514518505179792,14.70896053314209,10093800,0.0,0.0
2008-08-26,14.87480787872924,15.029217909527468,14.794743903110836,14.89196491241455,10188600,0.0,0.0
2008-08-27,14.800461079297818,14.914839116535266,14.697522154731882,14.840494155883789,8460500,0.0,0.0
2008-08-28,14.686089677303382,14.806185680031835,14.640338663293942,14.777591705322266,7756600,0.0,0.0
2008-08-29,14.280044482674528,14.503081568079669,14.268607550461116,14.39442253112793,11779400,0.0,0.0
2008-09-02,14.097042032226232,14.308641117960546,13.874006013017384,13.982665061950684,16424400,0.0,0.0
2008-09-03,13.513718521888876,13.53087556163452,13.273525419401095,13.456530570983887,27516900,0.0,0.0
2008-09-04,13.113393521803628,13.182019478849336,12.718790451026093,12.758822441101074,20223800,0.0,0.0
2008-09-05,11.008846392673858,11.809489548528497,11.008846392673858,11.792333602905273,63482200,0.0,0.0
2008-09-08,11.523547058677373,11.643644148376378,10.774373819053741,11.374855995178223,35681900,0.0,0.0
2008-09-09,11.111783855552664,11.494948853702404,11.094626823113801,11.277630805969238,47256900,0.0,0.0
2008-09-10,11.506388404803547,11.603609419967226,11.380572331774122,11.466355323791504,21916700,0.0,0.0
2008-09-11,11.380575130162125,11.815210299485257,11.266198142944582,11.786616325378418,22970200,0.0,0.0
2008-09-12,11.780894329641542,11.923866345557606,11.683673315187024,11.809488296508789,12675000,0.0,0.0
2008-09-15,11.494954720578967,11.729428829633777,11.42060863285505,11.483516693115234,22093900,0.0,0.0
2008-09-16,11.2090059550848,11.758017957395948,11.180410898220748,11.655077934265137,18213900,0.0,0.0
2008-09-17,11.191848302173868,11.380571303882649,10.6885873278804,11.123222351074219,20682900,0.0,0.0
2008-09-18,11.35769583185808,11.58073179893295,10.797244772588503,11.477791786193848,20284600,0.0,0.0
2008-09-19,12.135463595959031,12.307030659320455,11.769455606051757,12.221247673034668,26412700,0.0,0.0
2008-09-22,11.94102178063602,11.975335848362727,11.374852752623827,11.42060375213623,14279000,0.0,0.0
2008-09-23,11.506387989516755,11.62648395584862,11.260475954696398,11.340539932250977,12972000,0.0,0.0
2008-09-24,11.729423764035808,11.74658079782178,11.346258735801362,11.392009735107422,10214600,0.0,0.0
2008-09-25,11.672238012516189,11.820929074618391,11.472076925425142,11.575016975402832,13894300,0.0,0.0
2008-09-26,11.186131777694209,11.437762866171195,11.026003795673457,11.254758834838867,15307000,0.0,0.0
2008-09-29,10.81440446939258,10.854436464034121,9.847913222630899,10.065231323242188,20518900,0.0,0.0
2008-09-30,10.35117712899159,10.677153243922344,10.293988088121758,10.665715217590332,14769100,0.0,0.0
2008-10-01,10.534180248693234,10.791530364286036,10.328300156218992,10.579931259155273,13170500,0.0,0.0
2008-10-02,10.202483415946233,10.231077383578357,9.859350350411011,10.008041381835938,17788500,0.0,0.0
2008-10-03,10.219639463445686,10.557052393901346,10.151012420654297,10.151012420654297,26215700,0.0,0.0
2008-10-06,9.69350340755385,9.710659351875252,9.0015182624553,9.550531387329102,32323000,0.0,0.0
2008-10-07,9.98516618542853,10.076669289381554,9.54481315612793,9.54481315612793,27310400,0.0,0.0
2008-10-08,9.476186488525363,10.019480668347683,9.350371487976757,9.499062538146973,32967500,0.0,0.0
2008-10-09,9.91081943748483,9.94513241359091,9.075862898506312,9.264586448669434,20652900,0.0,0.0
2008-10-10,8.664104028208897,9.619157147182587,8.463943531272383,8.99579906463623,33460000,0.0,0.0
2008-10-13,9.350369744655358,10.01947880027484,9.150208710945451,9.79072380065918,25160400,0.0,0.0
2008-10-14,10.305424244267519,10.351175250502633,9.69350412682659,9.916540145874023,31192700,0.0,0.0
2008-10-15,9.493341280187634,9.590562286502662,8.578320236773797,8.641227722167969,37125700,0.0,0.0
2008-10-16,9.024392397602226,9.596280937313518,8.406753407372106,9.476183891296387,39912200,0.0,0.0
2008-10-17,9.293181911421732,9.97372907681782,9.184522863651596,9.624876976013184,26314000,0.0,0.0
2008-10-20,10.248235266993275,10.35117530425434,9.962291203841442,10.265392303466797,23074300,0.0,0.0
2008-10-21,9.77928541143933,10.008040402480926,9.659188359398842,9.693502426147461,24480200,0.0,0.0
2008-10-22,9.276023917047146,9.321774918099798,8.492537887671727,8.761324882507324,15955500,0.0,0.0
2008-10-23,8.789920177104172,9.298900790874539,8.612635168589721,9.115896224975586,18211100,0.0,0.0
2008-10-24,8.137968479186673,9.253150858222599,8.115092973972324,8.82995319366455,18793400,0.0,0.0
2008-10-27,8.35528476271257,8.921454383883816,8.343847284567028,8.429630279541016,19808600,0.0,0.0
2008-10-28,8.4810995958545,9.1845216237863,8.07505906533775,9.155927658081055,34084200,0.0,0.0
2008-10-29,9.110178762051447,9.418997807977025,8.89286119106358,8.972925186157227,20903400,0.0,0.0
2008-10-30,9.590565344257765,9.636316356475739,9.15021116991592,9.4933443069458,20395100,0.0,0.0
2008-10-31,9.041552598074892,9.06442810404682,8.584041933241236,8.681262969970703,33462300,0.0,0.0
2008-11-03,8.978641419809275,9.178801890987046,8.938609434652701,9.04726791381836,15576700,0.0,0.0
2008-11-04,9.550531263753218,9.750691216846004,9.356089231500283,9.573406219482422,16606100,0.0,0.0
2008-11-05,9.436153785536643,9.642033853546607,9.178803700524188,9.218836784362793,16559900,0.0,0.0
2008-11-06,9.030114808740388,9.144492341593681,8.298098053084205,8.4124755859375,17717900,0.0,0.0
2008-11-07,8.503976351870001,8.835671420682521,8.429630830185124,8.74988842010498,17606200,0.0,0.0
2008-11-10,9.09302051722571,9.09302051722571,8.378160396519444,8.492538452148438,17914900,0.0,0.0
2008-11-11,8.280939508824536,8.315253035140659,7.703332936562284,7.920650482177734,20475300,0.0,0.0
2008-11-12,7.6232694742463005,7.6861769783516785,7.177196841964816,7.274417877197266,23936300,0.0,0.0
2008-11-13,7.394514265654553,8.103655470645188,7.137164150992975,8.092217445373535,26881700,0.0,0.0
2008-11-14,7.108569796007853,7.52032886651463,6.988473264094618,7.200071811676025,52370500,0.0,0.0
2008-11-17,7.35448172422228,7.520329272932426,7.171477682995929,7.2401041984558105,20773700,0.0,0.0
2008-11-18,7.428826387509396,7.720489453306902,7.3087298630866,7.617549419403076,18616200,0.0,0.0
2008-11-19,7.834866724772122,8.03502777445186,7.360199653652157,7.423107147216797,33031300,0.0,0.0
2008-11-20,7.457421091559933,7.703333158628635,6.942721999745687,7.06281852722168,20278300,0.0,0.0
2008-11-21,7.497454065276369,7.526048584201376,6.908409375159597,7.394514560699463,21753900,0.0,0.0
2008-11-24,7.480295858147736,8.006432922393781,7.417388367242542,7.846304416656494,18163900,0.0,0.0
2008-11-25,8.195156811603388,8.218032314854538,7.8920562571769,8.115092277526855,26285500,0.0,0.0
2008-11-26,8.063622350212404,8.3838793776955,8.029308824570293,8.361003875732422,14685200,0.0,0.0
2008-11-28,8.046465830181258,8.178000383941805,7.960682828672875,8.103654861450195,7081800,0.0,0.0
2008-12-01,7.73192473428293,7.766237703148051,7.463137266330379,7.4802937507629395,12870600,0.0,0.0
2008-12-02,7.674739672720826,7.94352727890924,7.577518635278104,7.800555229187012,19996500,0.0,0.0
2008-12-03,7.520328459236999,7.70905149268071,7.377356431149641,7.606112003326416,25234200,0.0,0.0
2008-12-04,7.852024032977529,8.132249640808853,7.731928045129156,7.909213066101074,18239800,0.0,0.0
2008-12-05,7.697614277729419,7.731927805619635,7.360200192621561,7.6575822830200195,19290100,0.0,0.0
2008-12-08,7.99499615095849,8.269502749164706,7.949245142156627,8.200876235961914,22109500,0.0,0.0
2008-12-09,8.389599691944667,8.555447243272067,8.263784138918513,8.372443199157715,19895500,0.0,0.0
2008-12-10,8.606915829898552,8.841389858617815,8.503975799574981,8.704136848449707,18054500,0.0,0.0
2008-12-11,8.738449828294243,8.955767367091239,8.584040328203868,8.704136848449707,16665900,0.0,0.0
2008-12-12,8.561163907154517,8.847107920328998,8.492537409440033,8.789918899536133,11483200,0.0,0.0
2008-12-15,8.864264179862847,8.892858689522031,8.595476661698367,8.755605697631836,13592600,0.0,0.0
2008-12-16,8.972924064127517,9.350370668894548,8.87570358872729,9.327494621276855,21836000,0.0,0.0
2008-12-17,9.230273521253277,9.567687585188136,9.161647560569225,9.441872596740723,16457500,0.0,0.0
2008-12-18,9.481904464991484,9.481904464991484,8.961486391648709,9.06442642211914,16388400,0.0,0.0
2008-12-19,9.241712779931042,9.264588830409298,8.829953143038503,8.972925186157227,12943400,0.0,0.0
2008-12-22,8.881420667500395,8.915734188170397,8.646946670005917,8.755605697631836,11391800,0.0,0.0
2008-12-23,8.824235018644028,8.995801040735952,8.635511958026846,8.681262969970703,12183700,0.0,0.0
2008-12-24,8.584040751967594,8.681261775318207,8.503976219386205,8.601197242736816,2713900,0.0,0.0
2008-12-26,8.606915632719291,8.85282713395472,8.566883096624478,8.841389656066895,4385000,0.0,0.0
2008-12-29,8.73845076716204,8.761326271314491,8.486820221485075,8.572603225708008,7816900,0.0,0.0
2008-12-30,8.761325716962517,9.035832294818226,8.692699208847342,9.018675804138184,8973600,0.0,0.0
2008-12-31,8.835671833322,9.11589689671693,8.835671833322,8.921455383300781,10274800,0.0,0.0
2009-01-02,8.904296107504377,9.173084169293507,8.829950601038107,9.13877010345459,8119200,0.0,0.0
2009-01-05,9.104456901550293,9.247428899947257,8.961484903153329,9.104456901550293,11639000,0.0,0.0
2009-01-06,9.167365748100734,9.367525691089273,9.070144191487124,9.270304679870605,10237800,0.0,0.0
2009-01-07,9.047270604429412,9.173086698955455,8.847110073724945,8.955768585205078,19023100,0.0,0.0
2009-01-08,8.7613243891397,8.812794398774294,8.521131374441543,8.789918899536133,16105300,0.0,0.0
2009-01-09,8.824233193088679,8.910016186387875,8.624072148197262,8.698417663574219,16399000,0.0,0.0
2009-01-12,8.721293514057741,8.732731537832988,8.366722957950007,8.435349464416504,15653100,0.0,0.0
2009-01-13,8.246625212915443,8.38387820550389,8.029307701952947,8.183717727661133,18462800,0.0,0.0
2009-01-14,7.8234308118622495,7.920651850256071,7.663301721922371,7.714771747589111,28620400,0.0,0.0
2009-01-15,7.829146520184215,8.103653045197586,7.577516038867284,8.035026550292969,22057400,0.0,0.0
2009-01-16,8.160844684905175,8.200876683442388,7.909213577369649,8.012153625488281,25373100,0.0,0.0
2009-01-20,7.81771094219109,7.829148421421897,7.400232315063477,7.400232315063477,21726800,0.0,0.0
2009-01-21,7.543202723553516,7.874898276025392,7.423106217860484,7.840584754943848,21189500,0.0,0.0
2009-01-22,6.868377430422599,7.120007999090909,6.7940318987854615,7.034224987030029,55535400,0.0,0.0
2009-01-23,6.748279551604758,7.097131089155845,6.719685038108279,6.977034568786621,25615500,0.0,0.0
2009-01-26,7.028504142375189,7.079974154355808,6.7082465930485276,6.80546760559082,23772400,0.0,0.0
2009-01-27,7.17719572202543,7.285854220414967,7.08569371382477,7.182914733886719,18258100,0.0,0.0
2009-01-28,7.520328166158957,7.571798181527745,7.303011171882934,7.423107147216797,24216500,0.0,0.0
2009-01-29,7.19435320296285,7.228666733460976,6.9370036331096285,6.994192123413086,18059000,0.0,0.0
2009-01-30,7.0914124074013385,7.154320449100234,6.965597414793562,7.0170674324035645,12872900,0.0,0.0
2009-02-02,6.937002699110645,7.045661197833964,6.816906176629612,6.8798136711120605,22848200,0.0,0.0
2009-02-03,6.919844304962242,7.211506740401848,6.83977979687195,7.165755748748779,29809800,0.0,0.0
2009-02-04,7.137164298084053,7.4116709109154035,7.1028513123520565,7.274417877197266,28709900,0.0,0.0
2009-02-05,7.200071456082523,7.58895554886128,7.142882426416821,7.46314001083374,47014900,0.0,0.0
2009-02-06,7.451702991223801,7.743366100123728,7.451702991223801,7.623269557952881,36388800,0.0,0.0
2009-02-09,7.66329991331489,7.697613437459448,7.5260469075265854,7.560360431671143,15683300,0.0,0.0
2009-02-10,7.348760439641578,7.428824404285969,7.137161416351775,7.171474933624268,27984300,0.0,0.0
2009-02-11,7.211508763508805,7.245822289572297,6.959878238824835,7.097131252288818,23104400,0.0,0.0
2009-02-12,6.9484412544868865,7.120007819680591,6.87981473748842,7.114288806915283,19944400,0.0,0.0
2009-02-13,7.0570992647230835,7.1543202856778745,6.856938210899692,6.896970748901367,25498300,0.0,0.0
2009-02-17,6.490929252450913,6.519523217167106,6.32508174828037,6.365113735198975,29139100,0.0,0.0
2009-02-18,6.508086757816874,6.5138057698121745,6.239299193382753,6.307925701141357,27243400,0.0,0.0
2009-02-19,6.313644427436853,6.330800917251402,6.050575886902194,6.0848894119262695,22916200,0.0,0.0
2009-02-20,5.873292051934859,6.0105450884825755,5.770352001826529,5.919043064117432,25584600,0.0,0.0
2009-02-23,5.981949547129664,5.981949547129664,5.707442975555755,5.730319023132324,17689300,0.0,0.0
2009-02-24,5.67312873254264,5.816100725710761,5.587345754799716,5.804662704467773,28803600,0.0,0.0
2009-02-25,5.696005669494586,5.770351190182774,5.518720113177366,5.661692142486572,19269000,0.0,0.0
2009-02-26,5.621660045821444,5.655973572200858,5.415780523729961,5.444375038146973,22458700,0.0,0.0
2009-02-27,5.341434893381508,5.518719897371094,5.272808387444089,5.352872371673584,25023900,0.0,0.0
2009-03-02,5.2099005195027805,5.261370536999357,4.96970746811543,4.998301982879639,27522500,0.0,0.0
2009-03-03,5.329996316613232,5.370028849968886,5.232775306941537,5.278526306152344,31246800,0.0,0.0
2009-03-04,5.427217501432834,5.501563013898414,5.301402522240266,5.398622989654541,26716100,0.0,0.0
2009-03-05,5.261368950647322,5.404340935965971,5.152710481778879,5.209898948669434,21121700,0.0,0.0
2009-03-06,5.152712035369367,5.244214046298834,4.872486990549126,4.998301982879639,16477100,0.0,0.0
2009-03-09,4.855328903065829,5.141272897998728,4.8438914268738555,5.009738922119141,17932500,0.0,0.0
2009-03-10,5.324278792231383,5.604503848297501,5.2899652640582735,5.553033828735352,25002500,0.0,0.0
2009-03-11,6.033419550709232,6.073451543094126,5.6960054851937265,5.844696521759033,30765800,0.0,0.0
2009-03-12,6.107765818391775,6.325083388021658,6.039139303571032,6.313645362854004,30721000,0.0,0.0
2009-03-13,6.199266355933265,6.262173843129255,6.067731824929921,6.239298343658447,21542800,0.0,0.0
2009-03-16,6.519524527715101,6.713966581083293,6.4451795500343465,6.490930557250977,28093200,0.0,0.0
2009-03-17,6.37083323172151,6.570993726960546,6.307925195604847,6.565274715423584,15141300,0.0,0.0
2009-03-18,6.4737737321713755,6.771155834197997,6.445179760772315,6.771155834197998,24024300,0.0,0.0
2009-03-19,6.942721710989502,6.971315679593802,6.816906176629612,6.8798136711120605,18178300,0.0,0.0
2009-03-20,6.496650288190415,6.605309360518486,6.319365237079549,6.353678226470947,23735400,0.0,0.0
2009-03-23,6.45661724025293,6.771155834197997,6.422303711020994,6.771155834197998,14684500,0.0,0.0
2009-03-24,6.7425619633912195,6.919847548183907,6.7082484308717945,6.7768754959106445,16034800,0.0,0.0
2009-03-25,6.828344063223832,7.068537122545804,6.788312068468511,6.965597629547119,19897500,0.0,0.0
2009-03-26,6.771155024655662,7.022785542490375,6.748279523034324,6.919846057891846,17084100,0.0,0.0
2009-03-27,6.719682984581619,6.776871994097686,6.645337490368656,6.742558479309082,9892300,0.0,0.0
2009-03-30,6.428021127989228,6.4566156376860215,6.296487146936852,6.433740139007568,13812900,0.0,0.0
2009-03-31,6.570993483736785,6.805467494123634,6.565274472411511,6.673933506011963,17983100,0.0,0.0
2009-04-01,6.565275193774965,6.971315770769409,6.553837715262655,6.925564765930176,18557300,0.0,0.0
2009-04-02,7.308730024177889,7.789116132457235,7.262979018188904,7.537485599517822,28020900,0.0,0.0
2009-04-03,7.44026281961866,7.53748382075087,7.23438279585874,7.526045799255371,13514100,0.0,0.0
2009-04-06,7.463139337277326,7.62326784233651,7.394512835109103,7.6003923416137695,17699300,0.0,0.0
2009-04-07,7.160037432452184,7.268695903534831,7.125723915302749,7.228663921356201,15373700,0.0,0.0
2009-04-08,7.325887146284585,7.611831209762758,7.303011643022132,7.5832366943359375,19197800,0.0,0.0
2009-04-09,7.754802036392088,7.897774045913075,7.72048851413328,7.892055034637451,18295600,0.0,0.0
2009-04-13,7.686175099748066,8.08077815698531,7.686175099748066,8.023589134216309,13467100,0.0,0.0
2009-04-14,7.834866012671084,8.052183532590375,7.777677536099649,7.892055034637451,14106900,0.0,0.0
2009-04-15,7.623268238309087,7.743364759690343,7.434545211194966,7.640424728393555,25615300,0.0,0.0
2009-04-16,8.532571511683098,8.544008991439668,8.218032910149105,8.509696006774902,43969800,0.0,0.0
2009-04-17,8.481101271808242,8.652667826917726,8.406755746414298,8.561165809631348,18785100,0.0,0.0
2009-04-20,8.446787271177769,8.452505737523481,8.200875220277855,8.212312698364258,17928300,0.0,0.0
2009-04-21,8.18371711659171,8.532568583054376,8.160841619535057,8.521130561828613,16486900,0.0,0.0
2009-04-22,8.286658529383791,8.555446092055119,8.263783026947614,8.36672306060791,15810100,0.0,0.0
2009-04-23,8.578319052382817,8.595475537777027,8.303813104496088,8.46394157409668,15770400,0.0,0.0
2009-04-24,8.431878630595616,8.503133875969588,8.265616391389681,8.313119888305664,26924900,0.546,0.0
2009-04-27,8.075599774976546,8.206234065828568,7.933088764332081,8.00434398651123,18845500,0.0,0.0
2009-04-28,7.849960339402291,7.950905409723592,7.7727670170221,7.826208591461182,18759000,0.0,0.0
2009-04-29,8.004345678922045,8.3546843534252,7.986532011182339,8.247801780700684,15037000,0.0,0.0
2009-04-30,8.497194825362604,8.615953546154223,8.235925073334789,8.396249771118164,18054000,0.0,0.0
2009-05-01,8.152796400085938,8.53876307902293,8.152796400085938,8.491259574890137,10528600,0.0,0.0
2009-05-04,8.75846685907551,9.156309127807617,8.740653186735896,9.156309127807617,15841700,0.0,0.0
2009-05-05,9.108802555319848,9.144429887996347,8.716898498160896,8.746587753295898,21880900,0.0,0.0
2009-05-06,9.138495553978439,9.138495553978439,8.800032378158647,9.013798713684082,9972500,0.0,0.0
2009-05-07,9.090992429629956,9.114744182760246,8.491259955232078,8.592205047607422,12522600,0.0,0.0
2009-05-08,8.77627943702501,8.859410841387556,8.44375495214756,8.758465766906738,14402600,0.0,0.0
2009-05-11,8.485320554339479,8.574389473139739,8.366561807177007,8.509072303771973,8939900,0.0,0.0
2009-05-12,8.485321683597588,8.497197843037547,8.140920987849109,8.289369583129883,15180500,0.0,0.0
2009-05-13,8.241864800261096,8.259678470373046,7.96871940463694,8.028099060058594,23626800,0.0,0.0
2009-05-14,8.045912626594241,8.313119939979158,8.039974547871246,8.21811294555664,10013400,0.0,0.0
2009-05-15,8.491257239943485,8.59813981170822,8.289367119752134,8.372498512268066,17031800,0.0,0.0
2009-05-18,8.49125802270801,8.69908567372696,8.49125802270801,8.687210083007812,16208800,0.0,0.0
2009-05-19,8.924728731323446,9.126618896617257,8.829721727958454,9.03754997253418,16003700,0.0,0.0
2009-05-20,9.233503078448873,9.292882178967611,8.966295710398374,9.007861137390137,19548400,0.0,0.0
2009-05-21,8.8000311457777,8.871286392211914,8.639706982872308,8.871286392211914,17741400,0.0,0.0
2009-05-22,8.995983802758168,8.995983802758168,8.693149127199916,8.705024719238281,14571000,0.0,0.0
2009-05-26,8.568452636990296,8.984108568018879,8.556576478193218,8.835659980773926,16716700,0.0,0.0
2009-05-27,9.013797868742161,9.096928710288193,8.776279803343702,8.906914710998535,16561400,0.0,0.0
2009-05-28,9.132557365716089,9.19193646221056,8.877225608559206,9.138495445251465,14874800,0.0,0.0
2009-05-29,9.275066476384357,9.28100455502313,8.978169339881838,9.085052490234375,14743800,0.0,0.0
2009-06-01,9.47101914577376,9.750102630462134,9.370074067615972,9.601654052734375,16824000,0.0,0.0
2009-06-02,9.738226525001375,9.845109682754046,9.560088683795437,9.589777946472168,31205900,0.0,0.0
2009-06-03,9.340383642551826,9.370073469459347,8.990045497159384,9.085052490234375,31545300,0.0,0.0
2009-06-04,9.19787265873499,9.263190387679268,8.990045014121675,9.108803749084473,14710500,0.0,0.0
2009-06-05,9.257253809387326,9.275067480946658,8.954418561446607,9.03754997253418,15656300,0.0,0.0
2009-06-08,8.948479512974316,9.162245813679393,8.889100425445621,9.085052490234375,11637400,0.0,0.0
2009-06-09,9.423514804250276,9.50664620421346,9.298817987448666,9.411639213562012,20134600,0.0,0.0
2009-06-10,9.595715143559296,9.607591300567535,9.334445918527718,9.447266578674316,16372400,0.0,0.0
2009-06-11,9.399763046102892,9.583838948713172,9.3819493769472,9.476956367492676,12687900,0.0,0.0
2009-06-12,9.316633161353293,9.316633161353293,9.11474355675495,9.31069564819336,14990500,0.0,0.0
2009-06-15,9.073177461942068,9.090991700075033,8.76440469602742,8.883163452148438,15521500,0.0,0.0
2009-06-16,9.00785695469268,9.025670619948079,8.74064971071687,8.782215118408203,14944700,0.0,0.0
2009-06-17,8.847536058023191,8.877225890356112,8.627832204817903,8.794095039367676,13647300,0.0,0.0
2009-06-18,8.782217039161573,8.912851934273395,8.681271970159667,8.800030708312988,14026900,0.0,0.0
2009-06-19,8.75252675647171,8.841596230155096,8.526884882607952,8.71096134185791,21696700,0.0,0.0
2009-06-22,8.592203331152879,8.604078922202419,8.319057941577261,8.360623359680176,15269000,0.0,0.0
2009-06-23,8.627828108702676,8.633766185607412,8.408124359803114,8.586262702941895,17847300,0.0,0.0
2009-06-24,8.764404874509024,8.865349960839177,8.621894364261665,8.681273460388184,17932800,0.0,0.0
2009-06-25,8.56844856019565,8.740648816816925,8.509068927035424,8.722834587097168,15841500,0.0,0.0
2009-06-26,8.847534203574318,8.906913855794144,8.776278960682324,8.800030708312988,12535100,0.0,0.0
2009-06-29,8.9366021234324,8.972229455522108,8.853470738079354,8.912850379943848,13988800,0.0,0.0
2009-06-30,8.995980860383822,8.995980860383822,8.610014901651844,8.65751838684082,23645800,0.0,0.0
2009-07-01,8.859409826165729,8.924726986638781,8.740651095175497,8.770340919494629,18393300,0.0,0.0
2009-07-02,8.722835976859315,8.770340030727748,8.586263591632067,8.64564323425293,11924000,0.0,0.0
2009-07-06,8.485318587175612,8.61001538435916,8.46156684324952,8.568449974060059,13543500,0.0,0.0
2009-07-07,8.604079317232161,8.639707224589227,8.414065321424818,8.443755149841309,17785500,0.0,0.0
2009-07-08,8.449692702261306,8.491258688754561,8.253740626591203,8.41406536102295,17335000,0.0,0.0
2009-07-09,8.562512958474128,8.610016452217943,8.431878067535482,8.479381561279297,14406700,0.0,0.0
2009-07-10,8.408126780088864,8.491258181826048,8.271554369684575,8.420002937316895,13305800,0.0,0.0
2009-07-13,8.60408002173626,8.871287366790932,8.509073016053392,8.805970191955566,20974100,0.0,0.0
2009-07-14,8.776280887639315,8.800032640485014,8.520949686119668,8.734715461730957,25134600,0.0,0.0
2009-07-15,9.120681069914884,9.36413723063773,9.049425815417864,9.31069564819336,33034500,0.0,0.0
2009-07-16,8.134980742049729,8.200298469004622,7.873711533089053,7.9924702644348145,94473700,0.0,0.0
2009-07-17,7.743077570468358,7.950905799865722,7.6183807460872135,7.950905799865723,40332200,0.0,0.0
2009-07-20,7.867771672322249,7.956840559079353,7.630254263445857,7.654006004333496,47986000,0.0,0.0
2009-07-21,7.6955743143621795,7.719326064216005,7.54712573620418,7.606505393981934,36663400,0.0,0.0
2009-07-22,7.487745109781337,7.832145721251926,7.446179694485811,7.719325065612793,40666800,0.0,0.0
2009-07-23,7.766830319000676,7.992472247691698,7.737140487225409,7.915278911590576,21957700,0.0,0.0
2009-07-24,7.826209582229756,7.89746483507373,7.713388340511988,7.838085174560547,20116800,0.0,0.0
2009-07-27,7.814331062772436,7.826207217801652,7.713386010169058,7.790579319000244,21722800,0.0,0.0
2009-07-28,7.766829014336477,7.808394432067871,7.683697612587344,7.808394432067871,22239300,0.0,0.0
2009-07-29,7.7549529689277525,7.808393974470723,7.671821572050389,7.719325065612793,21234900,0.0,0.0
2009-07-30,7.725265026092529,7.867775541501546,7.70151327352436,7.725265026092529,25482000,0.0,0.0
2009-07-31,7.814331445187295,8.010283482468871,7.7668279553182025,7.921214580535889,23903000,0.0,0.0
2009-08-03,8.022160981259155,8.081540070394448,7.980594995949453,8.028099060058594,13688800,0.0,0.0
2009-08-04,7.998407893144732,8.034035227403418,7.885586679990935,7.921214580535889,14581200,0.0,0.0
2009-08-05,7.879651132935851,7.9271546346479695,7.713388310657026,7.885588645935059,17116900,0.0,0.0
2009-08-06,7.885587665861318,7.909339413765351,7.790580674245186,7.8499603271484375,13123400,0.0,0.0
2009-08-07,7.885587665861318,7.9568429095734166,7.820270500696813,7.8499603271484375,12312400,0.0,0.0
2009-08-10,7.861834509671348,7.879648742123073,7.778703690041578,7.844020843505859,8727100,0.0,0.0
2009-08-11,7.820268188191305,7.826206264982969,7.7015094837888824,7.766826629638672,10402700,0.0,0.0
2009-08-12,7.796518828695399,7.933091238901597,7.784642671484594,7.832146167755127,18330500,0.0,0.0
2009-08-13,7.921214184694901,7.927152262203366,7.68369618093248,7.8143310546875,19006200,0.0,0.0
2009-08-14,7.796519359366284,7.820271109118216,7.659946373577887,7.737139701843262,16446900,0.0,0.0
2009-08-17,7.481809267822156,7.4936848607203626,7.363049941121456,7.392739772796631,16927700,0.0,0.0
2009-08-18,7.404614436947379,7.452117931521857,7.363048454479968,7.428366184234619,15059700,0.0,0.0
2009-08-19,7.19678673696187,7.380863216286619,7.184911145614086,7.333359718322754,17421700,0.0,0.0
2009-08-20,7.291793811041817,7.2977318899225345,7.196786814095819,7.273980140686035,19761800,0.0,0.0
2009-08-21,7.297732748332164,7.481809251282161,7.291794668752969,7.416491508483887,14221900,0.0,0.0
2009-08-24,7.559002047643854,7.642133463189972,7.410553455352783,7.410553455352783,19336600,0.0,0.0
2009-08-25,7.570875694823914,7.618379183292458,7.458055051282685,7.493682384490967,25783100,0.0,0.0
2009-08-26,7.743078648651436,7.861837410720878,7.683698984473492,7.796520233154297,18626400,0.0,0.0
2009-08-27,8.05184889748479,8.093414306640625,7.903400360458263,8.093414306640625,22563800,0.0,0.0
2009-08-28,8.467508100224816,8.473446180007558,8.182486499804124,8.229990005493164,27517500,0.0,0.0
2009-08-31,8.164672697754678,8.336873044728593,8.11123111312718,8.319059371948242,18202200,0.0,0.0
2009-09-01,8.081540716570096,8.15279596900162,7.855898800727071,7.9093403816223145,32302600,0.0,0.0
2009-09-02,7.873713001498527,7.944968253594745,7.80839526236219,7.897464752197266,18054800,0.0,0.0
2009-09-03,8.283430590613337,8.301244261523838,8.093416590804294,8.259678840637207,28253700,0.0,0.0
2009-09-04,8.32499541888853,8.556574807346728,8.295305593979803,8.538761138916016,26718600,0.0,0.0
2009-09-08,8.966295387354872,8.966295387354872,8.728777294977961,8.794095039367676,23039800,0.0,0.0
2009-09-09,8.883162972727206,8.954418222554196,8.829721393785366,8.924728393554688,19914400,0.0,0.0
2009-09-10,9.007861137390137,9.031612890854927,8.912854123530979,9.007861137390137,22541800,0.0,0.0
2009-09-11,8.984107623780858,8.9900457025553,8.776279396966295,8.871286392211914,28226400,0.0,0.0
2009-09-14,8.794093089331238,8.972230911254883,8.782216932516954,8.972230911254883,10969500,0.0,0.0
2009-09-15,9.174121279060616,9.245376522891249,9.120679704616057,9.239439010620117,14339000,0.0,0.0
2009-09-16,9.352260008454323,9.50070858001709,9.269128604516084,9.50070858001709,17178600,0.0,0.0
2009-09-17,9.334447410202555,9.453206167831306,9.263192155625307,9.328509330749512,15256000,0.0,0.0
2009-09-18,9.405700285890365,9.405700285890365,9.28694155829807,9.322568893432617,10959000,0.0,0.0
2009-09-21,9.245374601895621,9.393823137269854,9.191933038555101,9.35225772857666,12241200,0.0,0.0
2009-09-22,9.364136777240756,9.41757779081117,9.292880959907407,9.304757118225098,10284000,0.0,0.0
2009-09-23,9.38788852758974,9.500709200175812,9.304757118225098,9.304757118225098,22279100,0.0,0.0
2009-09-24,9.245377259432564,9.269129009268314,8.8831629328658,8.954418182373047,29911100,0.0,0.0
2009-09-25,8.865346412192515,9.04942227267466,8.847532180827505,8.936601638793945,19235900,0.0,0.0
2009-09-28,8.972229905988463,9.174120018920508,8.96035431679107,9.049423217773438,16637900,0.0,0.0
2009-09-29,8.883164058588187,8.912853891216924,8.705025629102218,8.734715461730957,32128600,0.0,0.0
2009-09-30,8.764404874509024,8.829722050134123,8.58032837405803,8.681273460388184,42644100,0.0,0.0
2009-10-01,8.556575425431559,8.574389095149042,8.35468528101223,8.360623359680176,20359600,0.0,0.0
2009-10-02,8.123106431274499,8.330934102286436,8.099354681264952,8.27749252319336,21983600,0.0,0.0
2009-10-05,8.31905935807443,8.449693713294401,8.295307605644759,8.402190208435059,15244700,0.0,0.0
2009-10-06,8.520948883123424,8.663459386767729,8.50907272467653,8.562514305114746,23307800,0.0,0.0
2009-10-07,8.532823060677009,8.610016378925177,8.479381489098559,8.538761138916016,13259200,0.0,0.0
2009-10-08,8.68720925258001,8.693147330515119,8.53282262398486,8.550636291503906,14117700,0.0,0.0
2009-10-09,8.740648816816925,8.746586327104028,8.633765703642979,8.722834587097168,16343800,0.0,0.0
2009-10-12,8.966294896109682,8.972232409221801,8.794094557556994,8.835659980773926,17588400,0.0,0.0
2009-10-13,8.770341401385494,8.972230972018663,8.740651575435038,8.895037651062012,22844600,0.0,0.0
2009-10-14,9.138495445251465,9.263192284062217,9.025674199225033,9.138495445251465,37784200,0.0,0.0
2009-10-15,8.212174919073732,8.283430165343894,8.051850756537455,8.123106002807617,86497800,0.0,0.0
2009-10-16,8.016220140017506,8.03403380399075,7.933088764332081,8.00434398651123,42856300,0.0,0.0
2009-10-19,7.9330910756198705,8.200298944499785,7.897463737293437,7.97465705871582,37749800,0.0,0.0
2009-10-20,7.992470332631486,8.016222079103303,7.79058020447789,7.8915252685546875,28258900,0.0,0.0
2009-10-21,7.885587293081209,7.962780611691694,7.707448909079036,7.719325065612793,37477300,0.0,0.0
2009-10-22,7.796519706844006,7.939030211707052,7.725264454412484,7.9093403816223145,26183700,0.0,0.0
2009-10-23,7.998410384604962,8.0043478979734,7.75495478161923,7.8024582862854,20894000,0.0,0.0
2009-10-26,7.921216187135523,8.069664764656695,7.719326031100909,7.737139701843262,25522100,0.0,0.0
2009-10-27,7.826208641078935,7.867774058667814,7.70744933433412,7.731201648712158,28312500,0.0,0.0
2009-10-28,7.754952052478371,7.790579385296723,7.582751767093021,7.600565433502197,23258300,0.0,0.0
2009-10-29,7.802456868887913,7.844022286348411,7.719325467680578,7.820270538330078,17075400,0.0,0.0
2009-10-30,7.766827751740377,7.784641418402802,7.475868742346997,7.487744331359863,26301800,0.0,0.0
2009-11-02,7.582752755035758,7.695573412041389,7.458055941352523,7.570876598358154,23012600,0.0,0.0
2009-11-03,7.49962223649653,7.612442906730601,7.469932407607653,7.606505393981934,17276700,0.0,0.0
2009-11-04,7.778705717079107,7.8143330586941415,7.6718225596612335,7.68963623046875,22131500,0.0,0.0
2009-11-05,7.808395826218018,7.844023737982074,7.701513223498743,7.796520233154297,16944600,0.0,0.0
2009-11-06,7.754951946392182,7.861834509671348,7.743075791424364,7.844020843505859,20715000,0.0,0.0
2009-11-09,8.087477721342784,8.194360868932788,8.010284399892932,8.057787895202637,22388900,0.0,0.0
2009-11-10,7.992471243844552,8.022161071890805,7.867774419079386,7.986533164978027,25544400,0.0,0.0
2009-11-11,8.200298379859973,8.27749112968084,8.099353317741866,8.140918731689453,18039700,0.0,0.0
2009-11-12,8.152794410180018,8.182484234588033,7.939028693757646,7.9924702644348145,16884600,0.0,0.0
2009-11-13,8.051850359226293,8.11716752351267,7.992470707121345,8.105291366577148,18530500,0.0,0.0
2009-11-16,8.146857224878001,8.224050544918462,8.129042989747363,8.176547050476074,14738600,0.0,0.0
2009-11-17,8.099354254050896,8.15279526403875,8.022160929019963,8.123106002807617,10286500,0.0,0.0
2009-11-18,8.283431493713337,8.336873078557689,8.224052395442406,8.27155590057373,25119200,0.0,0.0
2009-11-19,8.117168014401898,8.123106093228767,7.9627813626215,8.08154010772705,12777800,0.0,0.0
2009-11-20,7.8321474958771145,7.921216991202918,7.826209982551212,7.915278911590576,9021500,0.0,0.0
2009-11-23,8.00434631855907,8.063725970818236,7.95684282326627,7.97465705871582,10289900,0.0,0.0
2009-11-24,7.956841914794574,7.974656148210185,7.849959345732249,7.921214580535889,15850900,0.0,0.0
2009-11-25,8.004344908105995,8.063724549901819,7.968717576057487,8.034034729003906,12131700,0.0,0.0
2009-11-27,7.707447892807151,7.927152229421866,7.695572304125571,7.844020843505859,7768500,0.0,0.0
2009-11-30,7.844022711469256,7.897464288978452,7.772767463552452,7.873712539672852,15812600,0.0,0.0
2009-12-01,8.051849949238598,8.075601695613909,7.873711568280615,7.962780475616455,13924200,0.0,0.0
2009-12-02,7.8737132316042135,7.8915269035772635,7.5827541354699095,7.683698654174805,29405900,0.0,0.0
2009-12-03,7.677759743311303,7.719325159110276,7.511496947542779,7.570876598358154,18703000,0.0,0.0
2009-12-04,7.6243177257337615,7.707448552478601,7.440241271981374,7.541186332702637,22597800,0.0,0.0
2009-12-07,7.446178854985683,7.600565474800735,7.4402407773882775,7.547123908996582,19143800,0.0,0.0
2009-12-08,7.576813789847972,7.594627456493009,7.440240835472693,7.446178913116455,18370900,0.0,0.0
2009-12-09,7.475872544170323,7.505562381230508,7.3927411136591115,7.469934463500977,13280600,0.0,0.0
2009-12-10,7.523374098225001,7.600567427969413,7.440242689357235,7.458056926727295,12314300,0.0,0.0
2009-12-11,7.642132735619478,7.671822564508355,7.541187657169127,7.606505393981934,15943600,0.0,0.0
2009-12-14,7.6955743497380995,7.6955743497380995,7.60650542894841,7.659946441650391,10535300,0.0,0.0
2009-12-15,7.5530629800038644,7.612442064928955,7.523373154398158,7.559000492095947,10517500,0.0,0.0
2009-12-16,7.588692602686044,7.642134191610519,7.559002768140615,7.582755088806152,12313100,0.0,0.0
2009-12-17,7.440241342566203,7.458055576711629,7.363048026794894,7.374924182891846,11197100,0.0,0.0
2009-12-18,7.446181356554658,7.481809267822156,7.303670844057544,7.392739772796631,14682800,0.0,0.0
2009-12-21,7.32148354745831,7.416490543214357,7.2086628815695954,7.35711145401001,22275100,0.0,0.0
2009-12-22,7.422426655612199,7.51149554896506,7.416488578379019,7.499619960784912,11950700,0.0,0.0
2009-12-23,7.541188707632434,7.559002380932594,7.487747121445492,7.523375034332275,6121300,0.0,0.0
2009-12-24,7.446179798241344,7.600566437613548,7.434304207828424,7.588690280914307,4353900,0.0,0.0
2009-12-28,7.511496509028215,7.541186332702638,7.446179349973515,7.541186332702637,8696600,0.0,0.0
2009-12-29,7.559000466868463,7.618380117881703,7.505559460500133,7.564938545227051,10734500,0.0,0.0
2009-12-30,7.54712712713829,7.677762058553511,7.529313453036461,7.671823978424072,14351200,0.0,0.0
2009-12-31,7.630255699157714,7.701510935228044,7.62431762124695,7.630255699157715,8322800,0.0,0.0
2010-01-04,7.873712013404079,7.986532673493304,7.838084108683814,7.927153587341309,19884300,0.0,0.0
2010-01-05,7.844021310965407,7.8974628789329255,7.82026956590054,7.867773056030273,18772900,0.0,0.0
2010-01-06,7.879650242873611,7.897463912431872,7.760890935721608,7.808394432067871,21103300,0.0,0.0
2010-01-07,7.844023208465021,7.939030211707052,7.826209536928743,7.9093403816223145,20528700,0.0,0.0
2010-01-08,7.897465239039992,7.921216991202918,7.7846439915512615,7.915278911590576,18874500,0.0,0.0
2010-01-11,7.9746572228530725,7.980594735172131,7.766829001954729,7.832146167755127,21044500,0.0,0.0
2010-01-12,7.737141160988437,7.814334503811683,7.630258550090974,7.671823978424072,27046300,0.0,0.0
2010-01-13,7.8262086679124785,7.838084258855871,7.707449360760476,7.808394432067871,30477900,0.0,0.0
2010-01-14,7.82620855612704,7.962780964600231,7.814332399066934,7.939029216766357,18946300,0.0,0.0
2010-01-15,7.950904446900444,7.962780036289742,7.772766075770806,7.867773056030273,22523800,0.0,0.0
2010-01-19,7.796520682590281,7.873714023956896,7.7905826025728935,7.861837863922119,16229200,0.0,0.0
2010-01-20,7.737138734127117,7.760890480908319,7.636193668735429,7.719325065612793,23475200,0.0,0.0
2010-01-21,7.749015928726467,7.772767678689477,7.612442941724372,7.659946441650391,34610900,0.0,0.0
2010-01-22,7.683698696551537,7.760892030575714,7.52931259478961,7.553064346313477,26767200,0.0,0.0
2010-01-25,7.642130952530892,7.6658826968428775,7.463992587047878,7.487744331359863,25843500,0.0,0.0
2010-01-26,7.475868187297536,7.594626900040163,7.43430277940917,7.5293097496032715,25803700,0.0,0.0
2010-01-27,7.559002721110679,7.731203647145487,7.475871864444485,7.671823978424072,25984700,0.0,0.0
2010-01-28,8.467506588559408,8.497196415886282,8.11716787193228,8.301243782043457,96874800,0.0,0.0
2010-01-29,8.402187989372553,8.592202524912526,8.093415289335331,8.129042625427246,47525200,0.0,0.0
2010-02-01,8.301241843120966,8.354683406569713,8.253738357007908,8.330931663513184,22497900,0.0,0.0
2010-02-02,8.455631173870481,8.562514335121474,8.390314001042876,8.515010833740234,25149000,0.0,0.0
2010-02-03,8.556575814732307,8.568451972608528,8.420003396874002,8.526885986328125,25748000,0.0,0.0
2010-02-04,8.36062156157033,8.37249771635203,8.15279338318044,8.158731460571289,26923000,0.0,0.0
2010-02-05,8.051850875140286,8.087478215656974,7.719325821361776,7.950905799865723,41139300,0.0,0.0
2010-02-08,7.968719079107839,7.9865327484920865,7.814332434347457,7.826208591461182,19594400,0.0,0.0
2010-02-09,8.01028442121137,8.081539664365565,7.814332360965749,7.927153587341309,36426500,0.0,0.0
2010-02-10,7.790579319000244,7.826207217801652,7.665882522624673,7.790579319000244,22140500,0.0,0.0
2010-02-11,7.66588438767095,7.820271042894317,7.582753547386351,7.772767543792725,26055000,0.0,0.0
2010-02-12,7.5768160560500855,7.713388484987502,7.559001817790614,7.683698654174805,20604100,0.0,0.0
2010-02-16,7.743076252868155,7.90340095677071,7.6896346849006365,7.867773056030273,16156100,0.0,0.0
2010-02-17,7.998407877532476,7.998407877532476,7.84402125261614,7.903400897979736,14301900,0.0,0.0
2010-02-18,7.950904424801587,8.01622158197686,7.915276524160175,7.980593681335449,12586700,0.0,0.0
2010-02-19,7.873712051794787,7.956842886070178,7.849960303960914,7.939029216766357,11679100,0.0,0.0
2010-02-22,8.028096293523781,8.051848034250163,7.933088764332081,8.00434398651123,14529900,0.0,0.0
2010-02-23,7.968719536895256,7.980595128404871,7.814332883265662,7.873712539672852,14052800,0.0,0.0
2010-02-24,7.879651117823987,7.974658121066017,7.855898800727071,7.9093403816223145,13849900,0.0,0.0
2010-02-25,7.677758637960084,7.855896432187439,7.659944405508358,7.844020843505859,14829900,0.0,0.0
2010-02-26,7.897465608761891,8.02216245502658,7.826210348937278,7.998410701751709,13528600,0.0,0.0
2010-03-01,7.897464804506293,7.9271546346479695,7.855898815793382,7.885588645935059,13704200,0.0,0.0
2010-03-02,7.962781824623473,8.045913234163839,7.909340244653694,8.022161483764648,13541700,0.0,0.0
2010-03-03,8.224052491996876,8.307183343809466,8.176548986307838,8.229990005493164,25520400,0.0,0.0
2010-03-04,8.218112531024524,8.247802356855555,8.111229384547338,8.18248462677002,14128000,0.0,0.0
2010-03-05,8.235926501553614,8.408126818134843,8.22405091055819,8.390313148498535,15791900,0.0,0.0
2010-03-08,8.372499940816072,8.425940952673608,8.354685703910514,8.41406536102295,12087800,0.0,0.0
2010-03-09,8.271554902699904,8.437817150601793,8.259678744706578,8.38437557220459,17441000,0.0,0.0
2010-03-10,8.42593889632748,8.67533248927712,8.42593889632748,8.64564323425293,26584200,0.0,0.0
2010-03-11,8.562514775918546,8.61001827974526,8.52094935164178,8.604080200195312,20516900,0.0,0.0
2010-03-12,8.859411268378642,8.865349347466381,8.752528109944905,8.811907768249512,20901600,0.0,0.0
2010-03-15,8.817846791976722,8.85941221747094,8.71096362209279,8.794095039367676,14392300,0.0,0.0
2010-03-16,8.877222434450246,9.025670972037329,8.847532613675584,8.990043640136719,20531500,0.0,0.0
2010-03-17,9.17412280014723,9.239440542536535,9.126619296383973,9.156309127807617,31675700,0.0,0.0
2010-03-18,9.102866211046624,9.132556038121082,8.99004554770731,9.073176383972168,17421300,0.0,0.0
2010-03-19,9.043487610759707,9.061301848852132,8.92472885490895,8.948480606079102,19630300,0.0,0.0
2010-03-22,8.829720427201437,9.049424231688748,8.829720427201437,8.972230911254883,16098900,0.0,0.0
2010-03-23,8.984107903769896,9.079114901976402,8.948479996299268,9.061301231384277,14899300,0.0,0.0
2010-03-24,8.942543093001376,9.025673938953696,8.912853262467083,8.948480606079102,15873800,0.0,0.0
2010-03-25,9.085051606965362,9.191934180640189,8.995982134902329,9.02567195892334,19456100,0.0,0.0
2010-03-26,9.215687338334376,9.292880095069869,9.12067977949388,9.180059432983398,21214000,0.0,0.0
2010-03-29,9.162247207349631,9.191936472486843,9.067240199823118,9.156309127807617,13085500,0.0,0.0
2010-03-30,9.215686416049614,9.22756200578723,9.090989609230071,9.150368690490723,8714700,0.0,0.0
2010-03-31,9.120677869624009,9.2869406380647,9.096926126459087,9.227560997009277,15310100,0.0,0.0
2010-04-01,9.38788663822467,9.435390129362291,9.197872107387898,9.275065422058105,16653200,0.0,0.0
2010-04-05,9.31069333853424,9.376010497381985,9.22756194576651,9.292879104614258,10148000,0.0,0.0
2010-04-06,9.180059357618086,9.245376522891249,9.150369531117072,9.239439010620117,10342000,0.0,0.0
2010-04-07,9.304755300701075,9.32256896841162,9.144430592447314,9.197872161865234,18330000,0.0,0.0
2010-04-08,9.067239418807642,9.11474291847914,8.906914682701549,8.954418182373047,35138900,0.0,0.0
2010-04-09,8.930664045988703,9.0850506618074,8.865346892966745,8.912850379943848,33813600,0.0,0.0
2010-04-12,9.061300323649922,9.061300323649922,8.906913683887161,8.966293334960938,46114300,0.0,0.0
2010-04-13,9.019734859591036,9.031611017002637,8.912852274318407,8.978169441223145,23624000,0.0,0.0
2010-04-14,9.144430078234063,9.185996055603027,9.03754751169477,9.185996055603027,23434100,0.0,0.0
2010-04-15,9.132556480039156,9.168183821223407,9.03754948183265,9.061301231384277,20772400,0.0,0.0
2010-04-16,8.936604126158048,8.972231466231975,8.764403805703774,8.871286392211914,28555500,0.0,0.0
2010-04-19,8.871286302212878,9.01973487234974,8.859410711070835,8.995983123779297,19392700,0.0,0.0
2010-04-20,9.138496064589715,9.15630973811669,8.990047463863162,9.007861137390137,22078400,0.0,0.0
2010-04-21,9.007858862717395,9.096927774146975,8.705023657798698,8.87722396850586,46076200,0.0,0.0
2010-04-22,7.553062395831689,7.814331595124805,7.493682749212842,7.713386535644531,154607400,0.0,0.0
2010-04-23,7.541187222456263,7.576815128326417,7.463993898309558,7.576815128326416,48093000,0.0,0.0
2010-04-26,7.398677852388953,7.434305763656451,7.327422596140397,7.392739772796631,43034600,0.0,0.0
2010-04-27,7.297733380486954,7.416492150925969,7.184912690141511,7.202726364135742,45886000,0.0,0.0
2010-04-28,7.2027249750842754,7.220538645643126,7.083966227547983,7.1314697265625,33826300,0.0,0.0
2010-04-29,7.184911743175356,7.202725414821758,7.143345754285204,7.161159992218018,30499800,0.0,0.0
2010-04-30,7.214600537256241,7.268042115001104,7.137407776387411,7.22053861618042,32778900,0.0,0.0
2010-05-03,7.256167044482711,7.291794388013329,7.149283881318026,7.190849304199219,16536500,0.0,0.0
2010-05-04,7.072089684171067,7.190848425234148,6.977082691320602,7.006772518157959,32083700,0.0,0.0
2010-05-05,6.888013365809323,7.012710178051457,6.870199130998795,6.92957878112793,21600000,0.0,0.0
2010-05-06,6.810821172679758,6.852386594867268,6.306095762032534,6.662372589111328,43692700,0.0,0.0
2010-05-07,6.673546314239502,6.803913289175863,6.468684009630399,6.673546314239502,57756400,0.488,0.0
2010-05-10,7.058437641366883,7.077061321803657,6.89082333336366,6.971526145935059,37008200,0.0,0.0
2010-05-11,6.803912967562716,6.897031977242951,6.772873100323896,6.810121059417725,28502200,0.0,0.0
2010-05-12,6.87220052774261,6.915656580752158,6.779081513646621,6.841161251068115,23536800,0.0,0.0
2010-05-13,6.748041167727637,6.8101209007589745,6.599050518895878,6.623882293701172,31903600,0.0,0.0
2010-05-14,6.505932373611825,6.524556652906015,6.3010700376664825,6.381773471832275,35815500,0.0,0.0
2010-05-17,6.437644950665702,6.487308510027657,6.270030585828188,6.46247673034668,25453300,0.0,0.0
2010-05-18,6.592842087239584,6.617673860764478,6.263820940025676,6.325900077819824,36867700,0.0,0.0
2010-05-19,6.251405875356582,6.356941079722206,6.16449494849286,6.338317394256592,36226300,0.0,0.0
2010-05-20,6.108622214056406,6.307276402469238,6.040334392762359,6.2265729904174805,54724300,0.0,0.0
2010-05-21,6.0899985302446495,6.356939947842712,6.083790438849393,6.251404762268066,31355300,0.0,0.0
2010-05-24,6.1582857940632,6.270029071660551,6.1210378375186885,6.220365524291992,40180900,0.0,0.0
2010-05-25,5.996880279830494,6.350733280181885,5.98446468629278,6.350733280181885,54429500,0.0,0.0
2010-05-26,6.369355644180958,6.443850959126005,6.1458691073096805,6.17690896987915,36997400,0.0,0.0
2010-05-27,6.33831784742065,6.425229372534481,6.226574542565199,6.412813186645508,33831100,0.0,0.0
2010-05-28,6.419021473145202,6.419021473145202,6.220367229222152,6.282446384429932,30373700,0.0,0.0
2010-06-01,6.238989206546155,6.375564257827786,6.20794934143176,6.220365524291992,24920400,0.0,0.0
2010-06-02,6.2265725141750785,6.313484010976316,6.170700879948293,6.30106782913208,27773700,0.0,0.0
2010-06-03,6.363148544009036,6.3693566358967635,6.226573482660161,6.34452486038208,16996100,0.0,0.0
2010-06-04,6.071374428345873,6.1396622515591375,5.922383782848891,5.947215557098389,32723900,0.0,0.0
2010-06-07,5.9472157244683235,5.965839407670515,5.785808891286091,5.792016983032227,35207000,0.0,0.0
2010-06-08,5.829265548996823,6.02791976928711,5.760977716744828,6.027919769287109,42770400,0.0,0.0
2010-06-09,5.74235552198261,5.860306347884061,5.649236480062329,5.686483860015869,55653600,0.0,0.0
2010-06-10,5.829265110013864,5.903760437012722,5.779601558681293,5.8789286613464355,25573900,0.0,0.0
2010-06-11,5.816849533315756,5.934800924069359,5.8044339402048095,5.922384738922119,20832400,0.0,0.0
2010-06-14,5.984463338414821,5.990670837767409,5.835472105265287,5.86030387878418,32515500,0.0,0.0
2010-06-15,6.052750731376935,6.152077828140405,6.003087182995199,6.096206188201904,31964700,0.0,0.0
2010-06-16,5.438163609035004,5.580946155610801,5.431955517783143,5.444371700286865,126452500,0.0,0.0
2010-06-17,5.475411256847004,5.599570720187949,5.431955799899392,5.580946445465088,45084900,0.0,0.0
2010-06-18,5.5250749588012695,5.5685310089918625,5.512659367344111,5.5250749588012695,18262700,0.0,0.0
2010-06-21,5.506450805245354,5.518866987678157,5.388500032314542,5.400915622711182,20109800,0.0,0.0
2010-06-22,5.338836974054549,5.394708023994312,5.27675724029541,5.27675724029541,34440600,0.0,0.0
2010-06-23,5.2953809171548425,5.394708017419434,5.25813355057373,5.326420783996582,25411300,0.0,0.0
2010-06-24,5.276757548048725,5.295381232448158,5.158806757470646,5.214677810668945,20085500,0.0,0.0
2010-06-25,5.158806626115951,5.183638402028341,5.102934982304015,5.121558666229248,30474600,0.0,0.0
2010-06-28,5.152599334716797,5.239510267895875,5.096727682223772,5.152599334716797,25797000,0.0,0.0
2010-06-29,5.102934854541758,5.102934854541758,4.96635979442493,4.978775978088379,25556100,0.0,0.0
2010-06-30,5.071893509299107,5.1588049935056555,5.040853651222765,5.05947732925415,33014000,0.0,0.0
2010-07-01,5.233302091838011,5.233302091838011,5.0967270247007175,5.189846038818359,26767100,0.0,0.0
2010-07-02,5.363668114560878,5.376083704622053,5.165013345256746,5.233301162719727,28066400,0.0,0.0
2010-07-06,5.338836984047666,5.338836984047666,5.152598374457869,5.202261924743652,20888500,0.0,0.0
2010-07-07,5.214677487818922,5.487827604935238,5.202261896333389,5.425747871398926,37538300,0.0,0.0
2010-07-08,5.3822924259044695,5.400916109195026,5.251925458798138,5.326420783996582,30772400,0.0,0.0
2010-07-09,5.245718145154146,5.270549923903753,5.202262680351408,5.264341831207275,19314600,0.0,0.0
2010-07-12,5.183639332767556,5.245718487676924,5.1525994592947,5.220886707305908,19879000,0.0,0.0
2010-07-13,5.2581327874351675,5.338836192696323,5.239508514811425,5.314004421234131,19466100,0.0,0.0
2010-07-14,5.282966446669663,5.351253694582867,5.251926573241355,5.33883810043335,39025200,0.0,0.0
2010-07-15,5.506450323950146,5.518866505297704,5.413331331987909,5.500242233276367,27570500,0.0,0.0
2010-07-16,5.51265937994252,5.518867471703395,5.407124188152518,5.425747871398926,22882000,0.0,0.0
2010-07-19,5.512659853667151,5.54990722336078,5.4071246528080925,5.475411891937256,15107700,0.0,0.0
2010-07-20,5.562323415586545,5.611986969937082,5.506451768933124,5.593363285064697,34336600,0.0,0.0
2010-07-21,5.630610647078663,5.636818739373024,5.431956429949267,5.475411891937256,23914800,0.0,0.0
2010-07-22,5.717522628466548,5.7671861867912435,5.65544288454252,5.692690849304199,42193700,0.0,0.0
2010-07-23,5.723729598244831,5.885135835113309,5.686481640791367,5.847888469696045,27130700,0.0,0.0
2010-07-26,5.823056547574853,5.8665120034705165,5.760976817407176,5.854096412658691,14458300,0.0,0.0
2010-07-27,5.854095902030486,5.8727195826418495,5.754768816055034,5.785808086395264,11356400,0.0,0.0
2010-07-28,5.75476947388585,5.792016839366346,5.723729607961305,5.748561382293701,14859700,0.0,0.0
2010-07-29,5.829265770668951,5.860305049742446,5.698898785636856,5.723730564117432,21306500,0.0,0.0
2010-07-30,5.674066360423275,5.953423984497495,5.661650176580041,5.9037604331970215,29206400,0.0,0.0
2010-08-02,5.965840516622859,5.996880389087127,5.909969456630766,5.978256702423096,24547600,0.0,0.0
2010-08-03,6.034126759726354,6.040334258949604,5.934799667720352,6.0092949867248535,19876100,0.0,0.0
2010-08-04,5.990671197758021,5.990671197758021,5.90376028123735,5.934800148010254,35395000,0.0,0.0
2010-08-05,5.903759334188051,5.984462738037109,5.89134315265614,5.984462738037109,16244300,0.0,0.0
2010-08-06,5.909969329833984,5.959632887896764,5.854097679004278,5.909969329833984,16078200,0.0,0.0
2010-08-09,5.916175691277468,5.965839239776462,5.897552008599394,5.947215557098389,7615000,0.0,0.0
2010-08-10,5.85409499476267,5.959630155264779,5.8168470472764975,5.928590297698975,13672300,0.0,0.0
2010-08-11,5.66165033444074,5.692690202878061,5.611986781755524,5.630610466003418,19393800,0.0,0.0
2010-08-12,5.525075301871991,5.636818592106015,5.512659709643906,5.62440299987793,19519900,0.0,0.0
2010-08-13,5.5374901852829295,5.6119854972599414,5.500242233276367,5.500242233276367,14831500,0.0,0.0
2010-08-16,5.506450323950146,5.531282094609151,5.444371193320692,5.500242233276367,20546800,0.0,0.0
2010-08-17,5.549907391329092,5.5685316687758375,5.494036335097708,5.537491798400879,25296800,0.0,0.0
2010-08-18,5.568531185357616,5.568531185357616,5.525075133790689,5.562323093414307,21962500,0.0,0.0
2010-08-19,5.705105159730948,5.705105159730948,5.593362474650608,5.661649703979492,34631700,0.0,0.0
2010-08-20,5.630610168395545,5.686481810222358,5.611986485132013,5.643026351928711,14717200,0.0,0.0
2010-08-23,5.587154541908796,5.636818090473978,5.531282901763916,5.531282901763916,12736100,0.0,0.0
2010-08-24,5.456787918021616,5.481619693847348,5.376084498578929,5.438164234161377,16503700,0.0,0.0
2010-08-25,5.345045253371885,5.425748682214806,5.320213474653778,5.407124996185303,30797400,0.0,0.0
2010-08-26,5.425747576283862,5.475411123597146,5.3822921203937835,5.413331985473633,10609900,0.0,0.0
2010-08-27,5.38229289685371,5.394708489455036,5.2767576955792235,5.376084804534912,17215200,0.0,0.0
2010-08-30,5.345043691534771,5.376083553871544,5.314004421234131,5.314004421234131,8147900,0.0,0.0
2010-08-31,5.270548377148198,5.338836192696323,5.2581327874351675,5.314004421234131,12746000,0.0,0.0
2010-09-01,5.469203909189733,5.5747385087023344,5.438164042492514,5.5250749588012695,19560600,0.0,0.0
2010-09-02,5.574737730198875,5.624401865200635,5.549905958716061,5.611985683441162,15175500,0.0,0.0
2010-09-03,5.698899400819681,5.748562963141897,5.65544333976047,5.742354869842529,14355800,0.0,0.0
2010-09-07,5.885136161235834,5.978255764011579,5.866512477495177,5.8789286613464355,34185700,0.0,0.0
2010-09-08,6.0713758633992825,6.096207643518113,6.003088616081583,6.021712303161621,19894500,0.0,0.0
2010-09-09,6.152078015302814,6.158286107048446,6.021711048825602,6.058959007263184,17975200,0.0,0.0
2010-09-10,6.325900240279054,6.332108331828757,6.133454138527838,6.170701503753662,61721800,0.0,0.0
2010-09-13,6.301067532430266,6.325899302913333,6.245196492870447,6.288651943206787,19740600,0.0,0.0
2010-09-14,6.183117686853068,6.207949461015683,6.034127041877379,6.170701503753662,25445600,0.0,0.0
2010-09-15,6.089998065127997,6.17690896987915,6.065166293479648,6.17690896987915,20331200,0.0,0.0
2010-09-16,6.201743098213722,6.301070222551807,6.183119410409421,6.276238441467285,16208100,0.0,0.0
2010-09-17,6.232780935617247,6.245197118119903,6.127245752489335,6.183117389678955,18040100,0.0,0.0
2010-09-20,6.270028445886595,6.387979211105918,6.251404173455024,6.375563621520996,15822800,0.0,0.0
2010-09-21,6.158286726503667,6.176910411577686,6.034127839283085,6.127246856689453,71179600,0.0,0.0
2010-09-22,6.195533277916278,6.2265731436285945,6.121037955428433,6.170701503753662,25770500,0.0,0.0
2010-09-23,6.0962065235157175,6.170701850185838,6.003087513187124,6.052751064300537,27023200,0.0,0.0
2010-09-24,6.158285322053787,6.2700285910864375,6.139661641227059,6.24519681930542,18858500,0.0,0.0
2010-09-27,6.121039433760512,6.13966371290769,6.040336000231752,6.090000152587891,30470500,0.0,0.0
2010-09-28,6.077581082888378,6.121036529541016,5.9968776876505805,6.121036529541016,28783300,0.0,0.0
2010-09-29,6.096206188201904,6.108622371315436,6.034127048742833,6.096206188201904,15111600,0.0,0.0
2010-09-30,6.276236537520688,6.338316267417789,6.139662079004957,6.2265729904174805,42516300,0.0,0.0
2010-10-01,6.4003963470458975,6.425228121954362,6.307276747111998,6.400396347045898,21850200,0.0,0.0
2010-10-04,6.307275620295086,6.325899300140195,6.195532357152217,6.238988399505615,15173300,0.0,0.0
2010-10-05,6.381771089934738,6.487306265067066,6.350731228065914,6.456266403198242,20642300,0.0,0.0
2010-10-06,6.54938746465232,6.561803056975922,6.462475950242082,6.4997239112854,16284800,0.0,0.0
2010-10-07,6.654923111824164,6.667338704984048,6.549387905801821,6.648715019226074,24594300,0.0,0.0
2010-10-08,6.673545358265415,6.735625086784678,6.623881812264473,6.723208904266357,15379900,0.0,0.0
2010-10-11,6.816327275278733,6.822535365964355,6.735624464510105,6.8039116859436035,22919300,0.0,0.0
2010-10-12,6.710792512775471,6.803911502403394,6.654920882184277,6.766663551330566,15787300,0.0,0.0
2010-10-13,6.952903595242929,7.033607012963572,6.921863728114031,6.983943462371826,26357400,0.0,0.0
2010-10-14,6.897030678083476,6.903238768769097,6.754248144530856,6.8039116859436035,25599200,0.0,0.0
2010-10-15,6.81632823540893,6.822536326969008,6.673545681744333,6.754249095916748,25262400,0.0,0.0
2010-10-18,6.791498661041261,6.853578412677911,6.760459377259323,6.79149866104126,20261000,0.0,0.0
2010-10-19,6.5742186013870265,6.648713924185869,6.518346961278844,6.5804266929626465,19926600,0.0,0.0
2010-10-20,6.580426357522692,6.735625086784678,6.574218266263531,6.723208904266357,28030300,0.0,0.0
2010-10-21,7.052230842882895,7.213637681676182,6.878408412201943,7.002567291259766,86435400,0.0,0.0
2010-10-22,6.97152762920483,6.97152762920483,6.85978493077356,6.865993022918701,26557100,0.0,0.0
2010-10-25,6.915656061956613,6.934279744971458,6.853576329192188,6.872200012207031,25005200,0.0,0.0
2010-10-26,6.785287822885029,6.791495321367085,6.679752652220797,6.766663551330566,33068500,0.0,0.0
2010-10-27,6.710792985482319,6.785288300839312,6.64871326000009,6.692168712615967,23990400,0.0,0.0
2010-10-28,6.785289099602409,6.8597844237289785,6.754249233207286,6.847368240356445,19528400,0.0,0.0
2010-10-29,6.698378726832262,6.754250377401096,6.586635425694594,6.642507076263428,28580600,0.0,0.0
2010-11-01,6.530763450649628,6.555595226080241,6.419020165193758,6.493515491485596,28192700,0.0,0.0
2010-11-02,6.561801762407893,6.611465305976767,6.5307624917044516,6.568009853363037,18643800,0.0,0.0
2010-11-03,6.580426035273326,6.58663353419233,6.443850994440853,6.568009853363037,28350000,0.0,0.0
2010-11-04,6.741833702616476,6.748041794903844,6.617674817050441,6.6673383712768555,29993100,0.0,0.0
2010-11-05,6.667338400059449,6.692170177279853,6.599051160712404,6.685962677001953,15225700,0.0,0.0
2010-11-08,6.543180606570069,6.62388404402171,6.518348825203131,6.561804294586182,17993100,0.0,0.0
2010-11-09,6.717001301211967,6.754249259438012,6.586634335475127,6.623882293701172,12523300,0.0,0.0
2010-11-10,6.685962498536419,6.685962498536419,6.536971247154683,6.673546314239502,18904300,0.0,0.0
2010-11-11,6.524556918553958,6.574220481287834,6.468685262469255,6.561804294586182,16294000,0.0,0.0
2010-11-12,6.487308686353979,6.561804027421708,6.338318004218519,6.381773471832275,27348700,0.0,0.0
2010-11-15,6.437643713390487,6.456267396562781,6.387980163573559,6.400396347045898,8600400,0.0,0.0
2010-11-16,6.319693396773777,6.332108989125772,6.152078459749911,6.257613658905029,34698400,0.0,0.0
2010-11-17,6.251405557018208,6.338317071492449,6.238989964685462,6.307277202606201,23383500,0.0,0.0
2010-11-18,6.356940296928926,6.412811938482023,6.270029380767409,6.400396347045898,34778200,0.0,0.0
2010-11-19,6.270030790202915,6.282446384429932,6.21415913609047,6.282446384429932,27156200,0.0,0.0
2010-11-22,6.152078617487357,6.21415835694781,6.114831247440102,6.201742172241211,20618300,0.0,0.0
2010-11-23,5.984463183861496,6.021710547159802,5.93479963810631,5.941007137298584,40194700,0.0,0.0
2010-11-24,5.934801236194916,5.990672296187008,5.909969456630766,5.978256702423096,16048200,0.0,0.0
2010-11-26,5.9099666199739085,5.9347983876193435,5.90375853005354,5.928590297698975,5681700,0.0,0.0
2010-11-29,5.7671850600968995,5.798224925994873,5.705105328300951,5.798224925994873,19228500,0.0,0.0
2010-11-30,5.6492342544513585,5.798224899641006,5.6368180713341225,5.7299370765686035,21136100,0.0,0.0
2010-12-01,5.89755265821804,5.996879766156963,5.891344565962791,5.959632396697998,19126400,0.0,0.0
2010-12-02,5.897551102103862,6.077581585749799,5.891343011486667,6.065165996551514,16394500,0.0,0.0
2010-12-03,6.1769102462205865,6.251405576558682,6.152078469441221,6.207950115203857,18595000,0.0,0.0
2010-12-06,6.127246554120358,6.17691010655616,6.058959317530193,6.164494514465332,17513400,0.0,0.0
2010-12-07,6.3383190259367455,6.3445271200355355,6.226575700304287,6.232783794403076,22339100,0.0,0.0
2010-12-08,6.2514058936672,6.288653856743815,6.22036661514569,6.263822078704834,19017800,0.0,0.0
2010-12-09,6.207949656941078,6.2203658404323425,6.034127232316868,6.058959007263184,37681900,0.0,0.0
2010-12-10,6.046544093280812,6.102415746649671,6.040336000231752,6.090000152587891,12879100,0.0,0.0
2010-12-13,6.15828561670981,6.238989026868575,6.133453843740663,6.183117389678955,11762500,0.0,0.0
2010-12-14,6.108621745855225,6.195532650606379,6.0837899742068755,6.17690896987915,16033400,0.0,0.0
2010-12-15,6.164492568229711,6.201739924778813,6.102412851266465,6.121036529541016,14733900,0.0,0.0
2010-12-16,6.1210382843227364,6.158286243586156,6.083790917095544,6.152078151702881,9972300,0.0,0.0
2010-12-17,6.20174188277406,6.207949974837597,6.08999918581163,6.164494514465332,10786300,0.0,0.0
2010-12-20,6.164494963123495,6.176910556117943,6.11483140707313,6.145870685577393,6852600,0.0,0.0
2010-12-21,6.226572983720243,6.363148034125257,6.220365484366154,6.325900077819824,20621100,0.0,0.0
2010-12-22,6.363148540348509,6.450060050618019,6.344524856732267,6.369356632232666,16882800,0.0,0.0
2010-12-23,6.3383159632358,6.381771416856592,6.319692281974911,6.363147735595703,5189300,0.0,0.0
2010-12-27,6.319693084867397,6.356940452121307,6.301068809204212,6.34452486038208,5156500,0.0,0.0
2010-12-28,6.3507314055573705,6.356939496511865,6.301067861993695,6.319692134857178,5341800,0.0,0.0
2010-12-29,6.33831676484811,6.387980315848908,6.332108672963954,6.369356632232666,5616600,0.0,0.0
2010-12-30,6.363146451968248,6.37556263166158,6.344522774464284,6.356938362121582,7061100,0.0,0.0
2010-12-31,6.356940263614725,6.443851771356988,6.356940263614725,6.406603813171387,6760900,0.0,0.0
2011-01-03,6.568010800011635,6.667337901465416,6.549387116498107,6.617674350738525,14712100,0.0,0.0
2011-01-04,6.72941761836019,6.741833209991455,6.555595191268928,6.741833209991455,28762700,0.0,0.0
2011-01-05,6.605258759074915,6.685962177015168,6.59284257537508,6.617674350738525,22561900,0.0,0.0
2011-01-06,6.6487135922424345,6.6549216835081095,6.524554727109781,6.574218273162842,14851500,0.0,0.0
2011-01-07,6.561801613437483,6.592841475472376,6.468682619368929,6.524554252624512,15043800,0.0,0.0
2011-01-10,6.437643051147462,6.468682914599011,6.387979506439443,6.437643051147461,13992300,0.0,0.0
2011-01-11,6.474892432465353,6.499724210291145,6.425228876813769,6.487308025360107,9928600,0.0,0.0
2011-01-12,6.592842745173574,6.698377941195329,6.5804271531902,6.679754257202148,11201800,0.0,0.0
2011-01-13,6.8287444185290855,6.84116060164924,6.71700113859248,6.754249095916748,15873700,0.0,0.0
2011-01-14,6.729415580001954,6.834950741063819,6.723207490048658,6.822534561157227,12029700,0.0,0.0
2011-01-18,6.704585860528696,6.741833227555752,6.586634483525162,6.617674350738525,21898600,0.0,0.0
2011-01-19,6.505932373611825,6.505932373611825,6.3321099111204555,6.381773471832275,25929800,0.0,0.0
2011-01-20,6.443851759757755,6.555595042077204,6.431435576372834,6.5059309005737305,20528300,0.0,0.0
2011-01-21,6.667336940830303,6.754248438098197,6.574217944643097,6.692168712615967,26578100,0.0,0.0
2011-01-24,6.648713583007333,6.7852886304816336,6.642505491750281,6.772872447967529,21368000,0.0,0.0
2011-01-25,6.592841954923698,6.599050046189372,6.437643225498838,6.574218273162842,22027000,0.0,0.0
2011-01-26,6.574218561256532,6.673545657715341,6.561802378181083,6.661129474639893,30905400,0.0,0.0
2011-01-27,6.574219082001382,6.6238826341646435,6.456267701586453,6.555595397949219,48722500,0.0,0.0
2011-01-28,6.599052262654772,6.766666638872513,6.549388699920896,6.561804294586182,33524200,0.0,0.0
2011-01-31,6.599051611170472,6.673546947916814,6.549388053339578,6.642507076263428,14540900,0.0,0.0
2011-02-01,6.568009885792013,6.7604565620986925,6.561801794806217,6.73562479019165,27057400,0.0,0.0
2011-02-02,6.915656397336871,7.114310604558994,6.890824621434106,7.046023368835449,46800500,0.0,0.0
2011-02-03,6.95911198880032,6.95911198880032,6.834953106937831,6.946695804595947,24959600,0.0,0.0
2011-02-04,6.865993022918701,6.872200523027589,6.772873416850348,6.865993022918701,17626600,0.0,0.0
2011-02-07,6.977735841834155,7.058439265005728,6.959112157113411,7.00877571105957,21301300,0.0,0.0
2011-02-08,6.971527423486251,7.02739906707133,6.921863871863122,7.002567291259766,11377300,0.0,0.0
2011-02-09,7.0708558578120515,7.294341863474809,7.064647765201235,7.281925678253174,57301000,0.0,0.0
2011-02-10,6.996359338433992,7.014983021078026,6.685961864864487,6.754249095916748,56983800,0.0,0.0
2011-02-11,5.965840536393829,6.046543968253849,5.643027400990077,5.810641765594482,194472900,0.0,0.0
2011-02-14,5.593362000963862,5.599570091841518,5.456786961836082,5.487826824188232,95956500,0.0,0.0
2011-02-15,5.500243492195667,5.667858426535453,5.487827900042487,5.630610466003418,53511800,0.0,0.0
2011-02-16,5.686480700475083,5.692688791030124,5.599569800848917,5.649233341217041,39756300,0.0,0.0
2011-02-17,5.618194249949175,5.6492341149395155,5.580946293553529,5.636817932128906,22547800,0.0,0.0
2011-02-18,5.667857939423376,5.717521487840362,5.636818073653711,5.705105304718018,23752400,0.0,0.0
2011-02-22,5.512659698870524,5.543699567434453,5.4692042381027735,5.506451606750488,43332300,0.0,0.0
2011-02-23,5.4071242009706175,5.4319559760367655,5.239509275246956,5.326420783996582,48519700,0.0,0.0
2011-02-24,5.376084660066634,5.431956305361871,5.314005514655679,5.357460975646973,31828600,0.0,0.0
2011-02-25,5.382292090675808,5.394707681417485,5.314004861506131,5.369875907897949,29379900,0.0,0.0
2011-02-28,5.388500844370577,5.4009164366382665,5.33262919907534,5.357460975646973,12878800,0.0,0.0
2011-03-01,5.419540272151055,5.469204418715177,5.351253032684327,5.351253032684326,20667900,0.0,0.0
2011-03-02,5.3388371387354665,5.419539966260989,5.3326290467608155,5.388500690460205,16116800,0.0,0.0
2011-03-03,5.425747546325948,5.438163729103806,5.307796770117202,5.369875907897949,16837700,0.0,0.0
2011-03-04,5.30158964473418,5.307797737254289,5.214678125561515,5.270549774169922,18943200,0.0,0.0
2011-03-07,5.282964858769655,5.282964858769655,5.152597903184213,5.177429676055908,23163000,0.0,0.0
2011-03-08,5.202262238011986,5.314005528902034,5.158806776904193,5.282965660095215,21171900,0.0,0.0
2011-03-09,5.332630007340419,5.382293568011175,5.3077982270050414,5.33883810043335,23076700,0.0,0.0
2011-03-10,5.276757548048725,5.301589324593387,5.202262218414741,5.214677810668945,18897200,0.0,0.0
2011-03-11,5.165014569473218,5.2891740517302495,5.158807068989398,5.270549774169922,12797200,0.0,0.0
2011-03-14,5.115351369042671,5.152599334716797,5.084311496320288,5.152599334716797,18266400,0.0,0.0
2011-03-15,4.804952955713916,5.034647025003802,4.798745159904571,5.003607749938965,55357800,0.0,0.0
2011-03-16,4.991192033577204,5.04706368118277,4.842201367986548,4.898072719573975,40185800,0.0,0.0
2011-03-17,5.016023345006282,5.047063212128682,4.96635979442493,4.978775978088379,13868200,0.0,0.0
2011-03-18,5.1650137925891615,5.18363806734816,5.115350243970896,5.140182018280029,19233200,0.0,0.0
2011-03-21,5.251925771504064,5.251925771504064,5.165014257579622,5.214677810668945,14301400,0.0,0.0
2011-03-22,5.220885608091766,5.227093699886544,5.152598374457869,5.202261924743652,13758900,0.0,0.0
2011-03-23,5.109142323930644,5.220885608091766,5.0843105487877525,5.202261924743652,11033600,0.0,0.0
2011-03-24,5.2333014578835915,5.270548822204056,5.20226159292575,5.2457170486450195,16218300,0.0,0.0
2011-03-25,5.214676890193253,5.239508662354702,5.158805846857106,5.183637619018555,15323200,0.0,0.0
2011-03-28,5.394708004630769,5.462995829927957,5.376084321384362,5.425747871398926,29648400,0.0,0.0
2011-03-29,5.369876414536251,5.413332466322574,5.3264209547861645,5.388500690460205,15311900,0.0,0.0
2011-03-30,5.345044940359278,5.382292902273301,5.314005662806573,5.351253032684326,14051400,0.0,0.0
2011-03-31,5.307797436733419,5.338837305540238,5.282965660095215,5.282965660095215,17721000,0.0,0.0
2011-04-01,5.2395096022251435,5.332629208561607,5.18984604899353,5.307797431945801,23591400,0.0,0.0
2011-04-04,5.351252255313935,5.425747576283862,5.3326285730805,5.413331985473633,19630600,0.0,0.0
2011-04-05,5.431955517783143,5.487827154977556,5.413331836063728,5.444371700286865,30418500,0.0,0.0
2011-04-06,5.475411287161827,5.624402525588617,5.46920378758937,5.5995707511901855,35952100,0.0,0.0
2011-04-07,5.5871547196723865,5.643026361594905,5.537491169527085,5.568531036376953,21776600,0.0,0.0
2011-04-08,5.624402525588617,5.6368181167697315,5.574738384755553,5.5995707511901855,13513300,0.0,0.0
2011-04-11,5.643026654714714,5.661650338977532,5.580946917790326,5.605778694152832,16018100,0.0,0.0
2011-04-12,5.556114990744226,5.562323082675549,5.39470815274722,5.419539928436279,29986800,0.0,0.0
2011-04-13,5.51265937994252,5.51265937994252,5.369876229623488,5.425747871398926,28284400,0.0,0.0
2011-04-14,5.357460822623184,5.407124374347923,5.3388371387354665,5.388500690460205,15701200,0.0,0.0
2011-04-15,5.32021315773827,5.394708489455036,5.307797565136943,5.376084804534912,12280700,0.0,0.0
2011-04-18,5.202262218414741,5.2581338636492925,5.146390573180189,5.214677810668945,24853900,0.0,0.0
2011-04-19,5.183638064880749,5.202261747594683,5.127766424702745,5.165013790130615,17348500,0.0,0.0
2011-04-20,5.295381242887834,5.382292756983619,5.282965650609153,5.332629203796387,24045700,0.0,0.0
2011-04-21,5.469204266237447,5.475411766353165,5.251925777208471,5.357460975646973,42053000,0.0,0.0
2011-04-25,5.369876414536251,5.444372334159595,5.3264209547861645,5.388500690460205,13491200,0.0,0.0
2011-04-26,5.376083379981346,5.543698275956708,5.363667790669901,5.500242233276367,27247400,0.0,0.0
2011-04-27,5.605778709783459,5.742353776176177,5.568531341153967,5.6988983154296875,34229500,0.0,0.0
2011-04-28,5.773393156626098,5.847888479623288,5.723729607961305,5.748561382293701,27826300,0.0,0.0
2011-04-29,5.78580871652377,5.78580871652377,5.680273528172054,5.7299370765686035,20246400,0.0,0.0
2011-05-02,5.785810009538099,5.792018102484103,5.711314670295037,5.736146450042725,15994400,0.0,0.0
2011-05-03,5.779600620269775,5.823056072621023,5.748560757717683,5.779600620269775,19049100,0.0,0.0
2011-05-04,5.859626003596629,5.866239728593081,5.654605574462856,5.687673568725586,47975600,0.571,0.0
2011-05-05,5.628149320668285,5.661217303270994,5.568627078127273,5.6016950607299805,39858000,0.0,0.0
2011-05-06,5.681057813920348,5.707512073734674,5.542172792215312,5.581853866577148,18165900,0.0,0.0
2011-05-09,5.581855121414148,5.614923111295779,5.52233349649055,5.562014579772949,15588500,0.0,0.0
2011-05-10,5.628151063026429,5.819944664634263,5.608309888890806,5.7802629470825195,38758400,0.0,0.0
2011-05-11,5.753807658866329,5.7934893693829315,5.667831145013182,5.707512855529785,19851000,0.0,0.0
2011-05-12,5.714126280340512,5.747193634869664,5.647990309843491,5.727353096008301,11329900,0.0,0.0
2011-05-13,5.700899231381057,5.7075129550356944,5.57524163553996,5.647990703582764,14946100,0.0,0.0
2011-05-16,5.720739656126278,5.773648182856371,5.654604313073356,5.6942853927612305,41291400,0.0,0.0
2011-05-17,5.667831259304611,5.707512970621393,5.621536455034536,5.661218166351318,17549300,0.0,0.0
2011-05-18,5.6612183427500895,5.6942857007051195,5.628150354075634,5.681058883666992,17393800,0.0,0.0
2011-05-19,5.63476341953135,5.661217681235844,5.588467988508973,5.654603958129883,12694500,0.0,0.0
2011-05-20,5.628149524076462,5.628149524076462,5.489264496701061,5.495878219604492,21202000,0.0,0.0
2011-05-23,5.35038011310003,5.396674917555721,5.304085308644338,5.363606929779053,16253800,0.0,0.0
2011-05-24,5.423129678078386,5.449583944577521,5.3569943271902805,5.376834869384766,14686700,0.0,0.0
2011-05-25,5.337152384310201,5.429742619059343,5.330539291679056,5.396674633026123,11525100,0.0,0.0
2011-05-26,5.390061503722492,5.403288951881347,5.31731243100712,5.3503804206848145,20178400,0.0,0.0
2011-05-27,5.416515834404335,5.436357006881025,5.390061568488201,5.423129558563232,9154600,0.0,0.0
2011-05-31,4.695636381062339,4.735317777958337,4.4906156727531625,4.642727851867676,152606600,0.0,0.0
2011-06-01,4.305436236056388,4.649342024369115,4.265754519971303,4.424480438232422,216431800,0.0,0.0
2011-06-02,4.450935612818452,4.470776474906056,4.325277660556439,4.345118522644043,49128800,0.0,0.0
2011-06-03,4.325276448684936,4.450934365739663,4.305435907516131,4.40463924407959,54988400,0.0,0.0
2011-06-06,4.444321575185202,4.49723043192008,4.364958763122559,4.364958763122559,50317500,0.0,0.0
2011-06-07,4.358343402381017,4.384797661227911,4.3054348846872275,4.325275421142578,25718700,0.0,0.0
2011-06-08,4.212846367364872,4.212846367364872,4.113642698883548,4.120256423950195,51976300,0.0,0.0
2011-06-09,4.120255509394562,4.199618300419891,4.107028377557008,4.159936904907227,41140600,0.0,0.0
2011-06-10,4.153323496668299,4.193004892180963,4.080574113881897,4.159936904907227,42531000,0.0,0.0
2011-06-13,4.12025538973365,4.153323376047022,4.040892601013184,4.040892601013184,37258200,0.0,0.0
2011-06-14,4.1863909893612465,4.23929951444643,4.133482464276062,4.140096187591553,55934000,0.0,0.0
2011-06-15,3.9615300263297173,4.021052283504133,3.9020080845150336,3.9350757598876953,78320300,0.0,0.0
2011-06-16,3.88216643713213,3.9416886821960584,3.8424850455427335,3.9284615516662598,49938000,0.0,0.0
2011-06-17,4.060733726067835,4.067347450428079,3.9549166591818152,3.9813709259033203,27003500,0.0,0.0
2011-06-20,3.921847681432825,3.9350748114658662,3.8292577712015348,3.868939161300659,23244800,0.0,0.0
2011-06-21,3.9350755119543344,4.034279162541358,3.9086212471790898,4.007824897766113,24478100,0.0,0.0
2011-06-22,4.060733818563501,4.060733818563501,3.981371016591255,3.994598150253296,24970800,0.0,0.0
2011-06-23,3.8755538590173,3.987984650263564,3.8557130012963037,3.9813709259033203,37340100,0.0,0.0
2011-06-24,3.987985219594364,3.9945986295390132,3.8887815475463867,3.8887815475463867,19588000,0.0,0.0
2011-06-27,3.9549167492671726,4.087188085887583,3.948303024756281,3.994598150253296,30659800,0.0,0.0
2011-06-28,4.00121120665295,4.040892601013184,3.98798407519954,4.040892601013184,16304500,0.0,0.0
2011-06-29,4.093801426652121,4.245913607186713,4.054120029385668,4.186391353607178,30925800,0.0,0.0
2011-06-30,4.226072649716039,4.3054357577089775,4.2062321092375825,4.245913505554199,26832800,0.0,0.0
2011-07-01,4.226072649716039,4.285594901870817,4.166550712920965,4.245913505554199,23735200,0.0,0.0
2011-07-05,4.140095755711277,4.1930042752772305,4.126868310460137,4.179777145385742,17912200,0.0,0.0
2011-07-06,4.1996185969012005,4.206232320966738,4.133482933044434,4.133482933044434,17961000,0.0,0.0
2011-07-07,4.259141296938322,4.292208974640911,4.219459894479364,4.272368431091309,28575900,0.0,0.0
2011-07-08,4.166550580998245,4.1731639891617665,4.087187475518127,4.113641738891602,17039500,0.0,0.0
2011-07-11,3.9615302730779924,3.987984856527499,3.92184887094336,3.9416897296905518,28272100,0.0,0.0
2011-07-12,3.8953948376752305,3.9086219725174645,3.829259163464061,3.8358728885650635,23823600,0.0,0.0
2011-07-13,3.7432816109420495,3.8028038592188347,3.723441071756244,3.7498953342437744,36764300,0.0,0.0
2011-07-14,3.7763497498251897,3.809417736955027,3.6440784320252364,3.663918972015381,36096400,0.0,0.0
2011-07-15,3.6903732355753713,3.696986959145218,3.6440784320252364,3.663918972015381,21650700,0.0,0.0
2011-07-18,3.6110110862671023,3.6374653545257827,3.511807422617176,3.584556818008423,28443500,0.0,0.0
2011-07-19,3.611010067539495,3.690372849925939,3.6043963446607927,3.6771457195281982,25603000,0.0,0.0
2011-07-20,3.7961904533705093,3.8887806951793347,3.756509056320889,3.829258441925049,41387000,0.0,0.0
2011-07-21,3.928461684967802,4.133482372816331,3.9020074230105517,4.05411958694458,71095500,0.0,0.0
2011-07-22,3.954915916361961,3.9681430472383683,3.855712277109067,3.8755531311035156,32426100,0.0,0.0
2011-07-25,3.809417855653415,3.8226449878455573,3.7697361437172816,3.782963275909424,28637000,0.0,0.0
2011-07-26,3.8358709753228393,3.91523374479196,3.822643847077986,3.895392894744873,27919400,0.0,0.0
2011-07-27,3.829257440289371,3.868938826959357,3.782962331494573,3.7895760536193848,32158700,0.0,0.0
2011-07-28,3.776349782943725,3.842485442423711,3.7565089274198797,3.7763497829437256,42346300,0.0,0.0
2011-07-29,3.8028048937795935,3.842486298306295,3.7697368989941236,3.8358728885650635,29798300,0.0,0.0
2011-08-01,3.8292582850975236,3.8358720086814504,3.6242375843912655,3.670532703399658,35342700,0.0,0.0
2011-08-02,3.5647160761748635,3.644079198916386,3.5316483974456787,3.5316483974456787,66015700,0.0,0.0
2011-08-03,3.604397361522556,3.6176244956518957,3.4919668791030425,3.584556818008423,30294000,0.0,0.0
2011-08-04,3.4390587074876837,3.465512980979142,3.3200144767761235,3.320014476776123,40847800,0.0,0.0
2011-08-05,3.478739254054138,3.5316477831050483,3.286945363205026,3.47212553024292,53610600,0.0,0.0
2011-08-08,3.300172255546883,3.3729216353828955,3.2075823364390312,3.2274231910705566,41858900,0.0,0.0
2011-08-09,3.3663080510746055,3.445670834724069,3.273717821457229,3.4390571117401123,31287600,0.0,0.0
2011-08-10,3.3729216353828955,3.392762490014421,3.220809467740153,3.2274231910705566,33557300,0.0,0.0
2011-08-11,3.2208097621189085,3.432444197639715,3.187742088523595,3.372921943664551,32597700,0.0,0.0
2011-08-12,3.5184196955229905,3.5713282102082102,3.439056608135537,3.5448739528656006,21131100,0.0,0.0
2011-08-15,3.9416890719077227,4.193004892180963,3.888780544557503,4.159936904907227,115151600,0.0,0.0
2011-08-16,4.093802244072342,4.193005914726587,3.9681443032916013,4.0276665687561035,76647600,0.0,0.0
2011-08-17,3.935075429228694,4.0276656693552715,3.895394032900034,3.9218482971191406,31027400,0.0,0.0
2011-08-18,3.7763506706868832,3.9152357459237566,3.63746559545001,3.7961912155151367,56653200,0.0,0.0
2011-08-19,3.8094186188805956,3.9615305118863997,3.7961911686785914,3.8358728885650635,48085600,0.0,0.0
2011-08-22,3.9284629532936215,3.9350763632382706,3.8358730065500732,3.8887815475463867,27733100,0.0,0.0
2011-08-23,3.948302365479617,4.040892601013184,3.9020075630725235,4.040892601013184,26204200,0.0,0.0
2011-08-24,3.9879843568645357,4.040892886415025,3.9152349710527568,4.007824897766113,19429300,0.0,0.0
2011-08-25,4.007823642505934,4.03427789899564,3.8689386382551665,3.895392894744873,16672000,0.0,0.0
2011-08-26,3.8358722467965736,3.9483027164652658,3.7366685943974054,3.9152350425720215,20722200,0.0,0.0
2011-08-29,3.987984429982643,4.087187767028809,3.9747572973525065,4.087187767028809,12023500,0.0,0.0
2011-08-30,4.0673469248578025,4.285594754788761,4.040892661554637,4.259140491485596,45186200,0.0,0.0
2011-08-31,4.305435609945982,4.3583441365523115,4.239299636328375,4.259140491485596,27202300,0.0,0.0
2011-09-01,4.424479441714733,4.523683078864504,4.331889527542791,4.384798049926758,37850800,0.0,0.0
2011-09-02,4.219459349883033,4.259140747220401,4.140096555208298,4.193005084991455,28752600,0.0,0.0
2011-09-06,3.9813709936510486,4.100415195923499,3.9681438600652212,4.060733795166016,24534000,0.0,0.0
2011-09-07,4.193004641464577,4.226072311401367,4.133482394074802,4.226072311401367,17669300,0.0,0.0
2011-09-08,4.272367879666191,4.318663000906309,4.173164228642914,4.193005084991455,14500700,0.0,0.0
2011-09-09,4.087188297509538,4.126869700550241,3.941689819693626,3.9549169540405273,21667500,0.0,0.0
2011-09-12,3.8292585697408583,3.908621366489129,3.8028043041581014,3.882167100906372,21881900,0.0,0.0
2011-09-13,3.862326559399165,3.908621366489129,3.81603143694948,3.882167100906372,21435500,0.0,0.0
2011-09-14,3.921848379566712,4.034279162541358,3.842485585240978,4.007824897766113,18107700,0.0,0.0
2011-09-15,4.1533233188628484,4.1930047126767365,4.0276654141056945,4.140096187591553,24111500,0.0,0.0
2011-09-16,4.10041513337215,4.10041513337215,3.935075808391664,3.9879846572875977,35545100,0.0,0.0
2011-09-19,3.862326559399165,3.9020079577733005,3.8028043041581014,3.882167100906372,21130900,0.0,0.0
2011-09-20,3.9350742794794336,3.948301407724287,3.822643847077986,3.895392894744873,27281500,0.0,0.0
2011-09-21,3.849099237185008,3.8623263693254497,3.67714620399956,3.683759927749634,26486700,0.0,0.0
2011-09-22,3.5448751660360567,3.564715708153275,3.4390577850918773,3.4787395000457764,32125500,0.0,0.0
2011-09-23,3.399376371558139,3.511807160960444,3.3927629626660956,3.4655120372772217,23989500,0.0,0.0
2011-09-26,3.54487520708505,3.644078864899096,3.4456715492710046,3.617624282836914,23225500,0.0,0.0
2011-09-27,3.756509516463496,3.802804643038694,3.703600980583126,3.7234418392181396,19862500,0.0,0.0
2011-09-28,3.7565089024728198,3.7829631660891305,3.663918979815732,3.670532703399658,19582100,0.0,0.0
2011-09-29,3.829258349606056,3.855712613668021,3.723441293358195,3.8160312175750732,29515300,0.0,0.0
2011-09-30,3.6969860948762654,3.829257381754283,3.690372372852553,3.7432808876037598,22384700,0.0,0.0
2011-10-03,3.7829631727425275,3.7961903045739467,3.5911696035071023,3.597783327102661,28621100,0.0,0.0
2011-10-04,3.45228437485323,3.5779422781343575,3.37292158815768,3.5647151470184326,28368700,0.0,0.0
2011-10-05,3.5647152745210957,3.6969869057711158,3.5250338797539977,3.690373182296753,34104400,0.0,0.0
2011-10-06,3.677146339885961,3.915235042572021,3.6705329312511994,3.9152350425720215,35794600,0.0,0.0
2011-10-07,3.9483018539637826,3.9483018539637826,3.8557119457852407,3.862325668334961,13779000,0.0,0.0
2011-10-10,4.02105257949963,4.1004153846677065,4.00782544530495,4.093801975250244,15936800,0.0,0.0
2011-10-11,4.0342792365082625,4.100414899658945,4.014438695242916,4.087187767028809,10391000,0.0,0.0
2011-10-12,4.219459681244549,4.265754490760567,4.193005414275471,4.20623254776001,20554300,0.0,0.0
2011-10-13,4.186391168582336,4.193004892180963,4.047506126608162,4.159936904907227,19650400,0.0,0.0
2011-10-14,4.186391361088703,4.2128456259802824,4.113641974957006,4.193005084991455,9727000,0.0,0.0
2011-10-17,4.10702875633649,4.126869298242809,3.9681437015533447,3.9681437015533447,14857600,0.0,0.0
2011-10-18,3.981371438354849,4.08718851886083,3.935076307953594,4.0276665687561035,27274300,0.0,0.0
2011-10-19,4.047506809234619,4.093801936153748,3.9681440048244703,4.047506809234619,29805100,0.0,0.0
2011-10-20,4.40463849173158,4.444319882651003,4.199617814301396,4.298821449279785,84417200,0.0,0.0
2011-10-21,4.265754165660972,4.3715715408325195,4.259140757102589,4.3715715408325195,32556800,0.0,0.0
2011-10-24,4.371571943848982,4.5104570053357245,4.358344810153089,4.470775604248047,38568400,0.0,0.0
2011-10-25,4.437707901000977,4.543524977451509,4.364958503261355,4.437707901000977,28362300,0.0,0.0
2011-10-26,4.5633653825292475,4.5765925157683585,4.318663259925844,4.477388858795166,56557800,0.0,0.0
2011-10-27,4.774999042269014,4.880816413079867,4.649341446600622,4.834521293640137,60983600,0.0,0.0
2011-10-28,4.70886329791274,4.7617718246866385,4.70224988974585,4.748544692993164,17779700,0.0,0.0
2011-10-31,4.649341715918783,4.6757959813139625,4.450934410095215,4.450934410095215,42547500,0.0,0.0
2011-11-01,4.133481552107232,4.265752835630817,4.093800167050156,4.173162937164307,37854300,0.0,0.0
2011-11-02,4.272368283327192,4.338503951804754,4.20623261484963,4.285595417022705,25460100,0.0,0.0
2011-11-03,4.398025024418536,4.556750585936605,4.298821390789914,4.530296325683594,31250300,0.0,0.0
2011-11-04,4.457547300000686,4.457547300000686,4.318662580519072,4.411252498626709,27599200,0.0,0.0
2011-11-07,4.457548181605303,4.517070441269386,4.411253371075235,4.503843307495117,23075700,0.0,0.0
2011-11-08,4.5104570388793945,4.569978983273695,4.424480511536826,4.5104570388793945,24500100,0.0,0.0
2011-11-09,4.318663189036198,4.318663189036198,4.206232400669416,4.219459533691406,23869800,0.0,0.0
2011-11-10,4.318663068845075,4.338503610146023,4.219459416261183,4.265754222869873,24423400,0.0,0.0
2011-11-11,4.36495728013553,4.497228903993985,4.331889610690673,4.464160919189453,23014500,0.0,0.0
2011-11-14,4.378183938836367,4.391411068259814,4.2789803104806925,4.325275421142578,15522900,0.0,0.0
2011-11-15,4.278980966025617,4.364957478129547,4.245913295080813,4.3517303466796875,17192100,0.0,0.0
2011-11-16,4.358343737250578,4.42447938944929,4.331889476371094,4.338502883911133,22366000,0.0,0.0
2011-11-17,4.364957100812157,4.424479344871123,4.278980596140243,4.298821449279785,30794300,0.0,0.0
2011-11-18,4.331889921096583,4.351730461113257,4.265753946748479,4.305435657501221,16351700,0.0,0.0
2011-11-21,4.173164517314099,4.186391650674851,3.9681437925425675,3.9813709259033203,34709400,0.0,0.0
2011-11-22,3.8424850071797882,3.88216639837301,3.6573051816114197,3.6771457195281982,44943400,0.0,0.0
2011-11-23,3.696987398303991,3.7234416650064386,3.5647157494320187,3.617624282836914,38136600,0.0,0.0
2011-11-25,3.544874618832441,3.6110102746137085,3.4853523709494594,3.498579502105713,11031900,0.0,0.0
2011-11-28,3.7631233912781794,3.7631233912781794,3.6705334497931656,3.710214853286743,29095500,0.0,0.0
2011-11-29,3.7036016353699774,3.7234424975128024,3.5845574085924454,3.6374659538269043,34221100,0.0,0.0
2011-11-30,3.763122780175681,3.8358721657798407,3.7366685154759343,3.829258441925049,28039000,0.0,0.0
2011-12-01,3.8358718450080893,3.8490989762518546,3.683759678024949,3.7498953342437744,23140500,0.0,0.0
2011-12-02,3.763122751548942,3.769736159993714,3.6506919697504427,3.716827630996704,23438900,0.0,0.0
2011-12-05,3.6506925414267117,3.657306266266861,3.5184211982212994,3.5514888763427734,25363900,0.0,0.0
2011-12-06,3.5382621558585297,3.597784424942588,3.51842160973704,3.5779435634613037,19985300,0.0,0.0
2011-12-07,3.4853527909734305,3.5316479132792384,3.439057668667622,3.525034189224243,25669800,0.0,0.0
2011-12-08,3.366308553044473,3.386149094235543,3.2935591661712125,3.306786298751831,44396200,0.0,0.0
2011-12-09,3.3067858550134073,3.4324437553470775,3.300172131930737,3.4126029014587402,26146300,0.0,0.0
2011-12-12,3.3200137281788558,3.3266274527403645,3.2406509255992204,3.280332326889038,21990300,0.0,0.0
2011-12-13,3.359694821526474,3.4258304842809886,3.2803320262210574,3.3001725673675537,26369700,0.0,0.0
2011-12-14,3.3530824763203535,3.412604433996226,3.2803330665389363,3.320014476776123,24617300,0.0,0.0
2011-12-15,3.2935587522298113,3.313399606286957,3.2075822435816406,3.214195966720581,22652900,0.0,0.0
2011-12-16,3.1943555545341966,3.2075826872820925,3.05547050300143,3.095151901245117,31942300,0.0,0.0
2011-12-19,3.114992651698461,3.128219783994772,2.9496533403147196,2.9827213287353516,37176800,0.0,0.0
2011-12-20,3.141447255355229,3.194355790251021,3.1017658541833844,3.1745152473449707,44274800,0.0,0.0
2011-12-21,3.181128919376865,3.20758318901062,3.1083795202041538,3.20758318901062,26476300,0.0,0.0
2011-12-22,3.207583160428278,3.286945968622352,3.187742616059643,3.27371883392334,16658800,0.0,0.0
2011-12-23,3.2538774013519287,3.267104532440364,3.2141960080866223,3.2538774013519287,10989000,0.0,0.0
2011-12-27,3.2141967987828797,3.227423933125206,3.148061127071248,3.161288261413574,11188300,0.0,0.0
2011-12-28,3.1745143256308084,3.1745143256308084,3.088537823708387,3.1348326206207275,22659400,0.0,0.0
2011-12-29,3.148060644714185,3.2274234386078926,3.1282197885609024,3.1546740531921387,28688700,0.0,0.0
2011-12-30,3.161287494174957,3.247263688853936,3.154673770929053,3.187741756439209,18602700,0.0,0.0
2012-01-03,3.4192174896916674,3.4390580332405,3.3795360872342486,3.399376630783081,25547800,0.0,0.0
2012-01-04,3.32662681055124,3.3663082041807577,3.2869451015620386,3.359694480895996,21273900,0.0,0.0
2012-01-05,3.4522856150392887,3.670533829894238,3.4456722047853905,3.5779435634613037,61179300,0.0,0.0
2012-01-06,3.5382614272480772,3.5382614272480772,3.432444362097545,3.4655120372772217,40782300,0.0,0.0
2012-01-09,3.4456716489960577,3.472125916464148,3.3993765232470277,3.4588987827301025,31513400,0.0,0.0
2012-01-10,3.531647476908461,3.597783132488086,3.5118066225547326,3.5647151470184326,31613800,0.0,0.0
2012-01-11,3.5250336270619744,3.5316473500622325,3.458897973857745,3.5184202194213867,19813700,0.0,0.0
2012-01-12,3.525034097279531,3.544874953567281,3.465511843775992,3.5118069648742676,15669700,0.0,0.0
2012-01-13,3.45228472851717,3.4721255849034636,3.3927627900777155,3.445671319961548,22962700,0.0,0.0
2012-01-17,3.577941758261204,3.7498947531432254,3.5448740929559475,3.7300539016723633,46357300,0.0,0.0
2012-01-18,3.736668203000009,3.7565087421858143,3.690373085966989,3.7498953342437744,30267700,0.0,0.0
2012-01-19,3.7102143111108212,3.8226450955929243,3.696987178545851,3.809417963027954,33164500,0.0,0.0
2012-01-20,3.756509666349369,3.769736800847228,3.7036011283579326,3.710214853286743,25520700,0.0,0.0
2012-01-23,3.723440409169408,3.809416904634192,3.723440409169408,3.7895760536193848,26897400,0.0,0.0
2012-01-24,3.4853525161743164,3.551488174711271,3.4721253844669255,3.4853525161743164,57750500,0.0,0.0
2012-01-25,3.4390573975186003,3.5051933714152503,3.4126031341038185,3.4853525161743164,43313700,0.0,0.0
2012-01-26,3.611010271841001,3.6506916652792922,3.5448746161105156,3.57132887840271,51429800,0.0,0.0
2012-01-27,3.458898122649632,3.491966108354072,3.353081072970918,3.359694480895996,45289500,0.0,0.0
2012-01-30,3.286945395487226,3.359694781326578,3.2604911307019546,3.3398542404174805,43319200,0.0,0.0
2012-01-31,3.3530816050950683,3.3596950140696746,3.286945623190604,3.3332407474517822,40435900,0.0,0.0
2012-02-01,3.372921943664551,3.439057606214892,3.3596948111544824,3.372921943664551,32026700,0.0,0.0
2012-02-02,3.333241613521852,3.3530824763203535,3.3067873400303944,3.320014476776123,38912500,0.0,0.0
2012-02-03,3.3464665912850036,3.39937510413384,3.3398531848587054,3.386147975921631,19539300,0.0,0.0
2012-02-06,3.30678648083389,3.339854471786122,3.2935593475249436,3.3332407474517822,16131500,0.0,0.0
2012-02-07,3.405990032295964,3.445671430987446,3.3861491752703614,3.3927628993988037,27040600,0.0,0.0
2012-02-08,3.412603331104296,3.4655118609881277,3.405989922548674,3.445671319961548,14794500,0.0,0.0
2012-02-09,3.419217128544387,3.432444261299773,3.33985433201207,3.353081464767456,23767800,0.0,0.0
2012-02-10,3.313400318977092,3.3332408619421283,3.2737186023275298,3.280332326889038,31170100,0.0,0.0
2012-02-13,3.3398542700692375,3.379535667599442,3.293559148604141,3.372921943664551,29833700,0.0,0.0
2012-02-14,3.3729220423732005,3.399376308167522,3.3464677765788795,3.3927628993988037,21585700,0.0,0.0
2012-02-15,3.405989932619579,3.432444197639715,3.366308535089374,3.372921943664551,17613200,0.0,0.0
2012-02-16,3.3927627900777155,3.45228472851717,3.3861490661623797,3.445671319961548,21256400,0.0,0.0
2012-02-17,3.5316479303418538,3.6374649928552594,3.525034206254905,3.6308512687683105,37384600,0.0,0.0
2012-02-21,3.6639189191186876,3.736668300538214,3.644078379414985,3.690373182296753,22962200,0.0,0.0
2012-02-22,3.7035999803236797,3.723440833600123,3.67053231200916,3.6771457195281982,21558200,0.0,0.0
2012-02-23,3.597783313115404,3.663918972015381,3.5779424577655625,3.663918972015381,26321100,0.0,0.0
2012-02-24,3.829259163464061,3.8821677028329966,3.8028048937795935,3.8358728885650635,59628300,0.0,0.0
2012-02-27,3.597783327102661,3.6308509990013595,3.571329063439823,3.597783327102661,33487400,0.0,0.0
2012-02-28,3.597784004144547,3.611011138465088,3.5316483325418404,3.5514888763427734,31612900,0.0,0.0
2012-02-29,3.538260895574473,3.5779422890432335,3.4588981086369524,3.498579502105713,36802700,0.0,0.0
2012-03-01,3.511806633261966,3.544874618832441,3.392762452855685,3.498579502105713,52410600,0.0,0.0
2012-03-02,3.4456716489960577,3.465512191917253,3.4059902477939223,3.4588987827301025,22194600,0.0,0.0
2012-03-05,3.445671375044997,3.445671375044997,3.38614912029429,3.419217109680176,17383200,0.0,0.0
2012-03-06,3.2935594606523106,3.3200137281788558,3.2737186023275298,3.280332326889038,50595600,0.0,0.0
2012-03-07,3.333241313085394,3.3729227197459597,3.3001733165216955,3.346468448638916,21970800,0.0,0.0
2012-03-08,3.339853941761079,3.405989597810275,3.3200130872664784,3.359694480895996,15309200,0.0,0.0
2012-03-09,3.3729227197459597,3.3861498552994815,3.3398550385420487,3.346468448638916,11241100,0.0,0.0
2012-03-12,3.3200134313324496,3.333240563913068,3.306786298751831,3.306786298751831,12829100,0.0,0.0
2012-03-13,3.3332405165413066,3.3398542404174805,3.3001725278798615,3.3398542404174805,26650300,0.0,0.0
2012-03-14,3.3200133938455583,3.3266271177410487,3.2406505992579464,3.2671048641204834,35534100,0.0,0.0
2012-03-15,3.3266272090606113,3.571329323436279,3.293559219394831,3.452284812927246,58885600,0.0,0.0
2012-03-16,3.4787393822781554,3.571329311530051,3.452284801417893,3.525034189224243,59430300,0.0,0.0
2012-03-19,3.5581017472566128,3.6308508108803053,3.5581017472566128,3.57132887840271,28898800,0.0,0.0
2012-03-20,3.630851629781236,3.644079079270329,3.5713296838790827,3.584556818008423,25939900,0.0,0.0
2012-03-21,3.584556444280322,3.591169852975597,3.5118070564739723,3.525034189224243,19515700,0.0,0.0
2012-03-22,3.4522846741689746,3.498579794768375,3.4258304096435195,3.47212553024292,16106000,0.0,0.0
2012-03-23,3.465511516535238,3.538260895574473,3.4324438463244453,3.498579502105713,13075100,0.0,0.0
2012-03-26,3.551488941611237,3.5647160761748635,3.4985804033567307,3.5316483974456787,25565800,0.0,0.0
2012-03-27,3.5845568698240053,3.630851682266021,3.544875466862382,3.5514888763427734,23654300,0.0,0.0
2012-03-28,3.663918972015381,3.6837598273652223,3.6110104448953995,3.663918972015381,41733200,0.0,0.0
2012-03-29,3.5977839521377626,3.630851629781236,3.5316482814910626,3.584556818008423,32650800,0.0,0.0
2012-03-30,3.6308512687683105,3.657305849756384,3.5845564615985563,3.6308512687683105,23742800,0.0,0.0
2012-04-02,3.571329473787498,3.644078864899096,3.558102340436274,3.617624282836914,17611900,0.0,0.0
2012-04-03,3.6440786042866087,3.650692012809384,3.5051935563514927,3.5118069648742676,31916300,0.0,0.0
2012-04-04,3.432444261299773,3.439057669997606,3.346467740709903,3.353081464767456,46989500,0.0,0.0
2012-04-05,3.366308542509604,3.4192170726665014,3.359694818560134,3.379535675048828,25050400,0.0,0.0
2012-04-09,3.3861494966306083,3.4126037649355543,3.3200138258682435,3.399376630783081,22630400,0.0,0.0
2012-04-10,3.3861489525091555,3.425830348590157,3.3133998840405043,3.326627016067505,35305400,0.0,0.0
2012-04-11,2.8835179906129835,2.9165856672493424,2.7777006054413027,2.804154872894287,186901800,0.0,0.0
2012-04-12,2.7247917567131883,2.804154549931699,2.652042687276074,2.7975411415100098,80518400,0.0,0.0
2012-04-13,2.7247912932289533,2.731405015885362,2.6520422361663796,2.6586556434631348,59425800,0.0,0.0
2012-04-16,2.6057476345373436,2.7644732250952897,2.5792933694443523,2.704951286315918,59353000,0.0,0.0
2012-04-17,2.6983374626393206,2.751245990869942,2.67188319852401,2.685110330581665,53757100,0.0,0.0
2012-04-18,2.6388155500213606,2.678497106605638,2.6123612840850843,2.6255884170532227,38302600,0.0,0.0
2012-04-19,2.5329976800097493,2.599133485595901,2.5065434208472177,2.526384115219116,58298700,0.0,0.0
2012-04-20,2.4668624202875997,2.4933166836129605,2.440408156962239,2.447021722793579,59959400,0.0,0.0
2012-04-23,2.40072712430609,2.427181391624085,2.3808862661377233,2.413954257965088,46226200,0.0,0.0
2012-04-24,2.3412050092256584,2.44040867545246,2.3412050092256584,2.4007272720336914,45247400,0.0,0.0
2012-04-25,2.4800896644592285,2.526384627378775,2.460248966065137,2.4800896644592285,36475400,0.0,0.0
2012-04-26,2.4470220174415274,2.473476283952268,2.413954184303101,2.420567750930786,32582400,0.0,0.0
2012-04-27,2.440408376750428,2.466862642458314,2.4139541110425413,2.4271812438964844,20840300,0.0,0.0
2012-04-30,2.4205678247945865,2.427181391624085,2.3808862661377233,2.413954257965088,20811400,0.0,0.0
2012-05-01,2.4404083030895314,2.4800897004536235,2.4073404719527876,2.4337947368621826,15161200,0.0,0.0
2012-05-02,2.361045049727962,2.427180861251223,2.347817918959277,2.3676586151123047,39671400,0.0,0.0
2012-05-03,2.374272716048739,2.394113416677128,2.341204881668091,2.341204881668091,23982900,0.0,0.0
2012-05-04,2.3433414908578216,2.3504641026609945,2.2222569203874243,2.2436249256134033,48928200,0.253,0.0
2012-05-07,2.229379842641746,2.3077285774190743,2.229379842641746,2.286360740661621,26689000,0.0,0.0
2012-05-08,2.3290963647712033,2.357586813176795,2.27211546796002,2.343341588973999,35001900,0.0,0.0
2012-05-09,2.2649927610229215,2.3006058200387853,2.2293797020070576,2.2436249256134033,38022900,0.0,0.0
2012-05-10,2.2863609288785316,2.357587057266825,2.2721157032008725,2.3077287673950195,44640900,0.0,0.0
2012-05-11,2.2934834491321365,2.407445419769381,2.264992998926945,2.279238224029541,58124200,0.0,0.0
2012-05-14,2.172398328781128,2.193766161151461,2.1439078856206835,2.172398328781128,42404300,0.0,0.0
2012-05-15,2.1082949095283907,2.1225401316346817,2.0513140211032264,2.058436632156372,39229600,0.0,0.0
2012-05-16,2.0655593114959405,2.079804534073172,1.994333028793335,1.994333028793335,31591400,0.0,0.0
2012-05-17,2.0085782513705666,2.0370686965250293,1.9872104175047194,1.994333028793335,24851900,0.0,0.0
2012-05-18,2.0085787267054553,2.051314574367137,2.0085787267054553,2.0299465656280518,32186000,0.0,0.0
2012-05-21,2.0441914331866053,2.1581533906103427,2.0441914331866053,2.1510307788848877,33964600,0.0,0.0
2012-05-22,2.0726821905693837,2.086927414987059,2.044191571917563,2.051314353942871,39937200,0.0,0.0
2012-05-23,1.9943330970490274,2.001455708581413,1.9088617586603973,1.9444748163223267,54749300,0.0,0.0
2012-05-24,1.9515975713729858,1.9587201834291605,1.9231071231482872,1.9515975713729858,28075700,0.0,0.0
2012-05-25,1.9373521858485885,2.0228235234015712,1.93022957438584,2.008578300476074,26219500,0.0,0.0
2012-05-29,2.065559389418028,2.10117244720459,2.0513141663034036,2.10117244720459,32235200,0.0,0.0
2012-05-30,1.9943332437100338,2.0014558557662085,1.9444749593168111,1.9515975713729858,33849300,0.0,0.0
2012-05-31,1.9159845835530696,1.9302298082041616,1.8732489095997937,1.9017393589019775,27557300,0.0,0.0
2012-06-01,1.887494183097029,1.9088620206266418,1.8590035632410684,1.8803715705871582,19564100,0.0,0.0
2012-06-04,1.9017392663340342,1.915984490291734,1.8590034246444702,1.8590034246444702,17364900,0.0,0.0
2012-06-05,1.8874941085418844,1.965842843055725,1.8803714963133533,1.965842843055725,34496900,0.0,0.0
2012-06-06,2.0014558986645374,2.051314353942871,1.9943332864557,2.051314353942871,32174900,0.0,0.0
2012-06-07,2.051314527824765,2.065559753449952,2.008578681132719,2.0157012939453125,24032300,0.0,0.0
2012-06-08,2.1082951085321584,2.1581533906103427,2.0370688214611503,2.1510307788848877,76742100,0.0,0.0
2012-06-11,2.101172924273021,2.1082955374475123,1.965843104141182,1.9729657173156738,43843400,0.0,0.0
2012-06-12,2.0157004443938833,2.0513136632635356,1.9943326149619398,2.0441908836364746,18380500,0.0,0.0
2012-06-13,1.9872105121612549,2.0228235703006856,1.9800879005333687,1.9872105121612549,18353600,0.0,0.0
2012-06-14,1.7379190482366145,1.7877773328698259,1.6382023091537243,1.673815369606018,107309500,0.0,0.0
2012-06-15,1.6880604987258536,1.7735320088146016,1.680937887036496,1.7664093971252441,47419100,0.0,0.0
2012-06-18,1.7664097042842302,1.8162679947795346,1.752164478428429,1.7877775430679321,26266400,0.0,0.0
2012-06-19,1.7948999876537082,1.8376356612129698,1.7806547631339542,1.809145212173462,27646600,0.0,0.0
2012-06-20,1.7877772806905567,1.8020225044557037,1.7521642212776896,1.7806546688079834,37757700,0.0,0.0
2012-06-21,1.7735321302886684,1.7735321302886684,1.6809380021685376,1.6951833963394165,24765400,0.0,0.0
2012-06-22,1.7165512328710306,1.7307964572254402,1.6880606143457424,1.6951833963394165,18710600,0.0,0.0
2012-06-25,1.5954662479202746,1.6025888582755086,1.5242401443679334,1.559853196144104,46734300,0.0,0.0
2012-06-26,1.5028726510463,1.5669763357093707,1.4886274255248362,1.5384858846664429,41402800,0.0,0.0
2012-06-27,1.5740984168545722,1.5883436375650404,1.5242401443679334,1.559853196144104,26419900,0.0,0.0
2012-06-28,1.5242402307150469,1.5384854522324967,1.481504396346262,1.5028722286224365,34083900,0.0,0.0
2012-06-29,1.5598530522418401,1.566975661939987,1.4530137369532279,1.4743815660476685,68689800,0.0,0.0
2012-07-02,1.50287248799403,1.524240493774414,1.481504652030111,1.524240493774414,17660400,0.0,0.0
2012-07-03,1.5028725824545526,1.5242405895779867,1.4957499700188999,1.517117977142334,10320700,0.0,0.0
2012-07-05,1.4530142068907883,1.4601368188925485,1.4245237588837478,1.438768982887268,36552700,0.0,0.0
2012-07-06,1.3960329108055314,1.4031555207661142,1.3675423860549927,1.3675423860549927,36046100,0.0,0.0
2012-07-09,1.3319296104417018,1.3532974447222095,1.303439164734358,1.3105617761611938,34546700,0.0,0.0
2012-07-10,1.2963164198821027,1.3034390305758328,1.2607032815052361,1.2820711135864258,39153500,0.0,0.0
2012-07-11,1.3105615716881212,1.3817877597520365,1.3034389613725508,1.353297233581543,48743900,0.0,0.0
2012-07-12,1.3746653792581403,1.381788076112666,1.3319297075803789,1.3390523195266724,29599400,0.0,0.0
2012-07-13,1.3248069990148659,1.3604200561490454,1.296316553307522,1.3105617761611938,20665000,0.0,0.0
2012-07-16,1.3105616412695626,1.3390520840444824,1.2820711135864258,1.2820711135864258,38347900,0.0,0.0
2012-07-17,1.2820711998626912,1.2820711998626912,1.2037224769592285,1.2037224769592285,66647800,0.0,0.0
2012-07-18,1.1823547675984138,1.2322131395339966,1.1609869303009803,1.2322131395339966,51607100,0.0,0.0
2012-07-19,1.3889104868458169,1.396033097760249,1.2607033205695957,1.317684292793274,101267800,0.0,0.0
2012-07-20,1.2322129715650882,1.253580805949769,1.1894772178875006,1.2179677486419678,49446300,0.0,0.0
2012-07-23,1.1894772985952173,1.3034392595291138,1.1894772985952173,1.3034392595291138,32430700,0.0,0.0
2012-07-24,1.2678260315932124,1.2963165624088104,1.2464581971626836,1.2535808086395264,29231900,0.0,0.0
2012-07-25,1.296316553307522,1.3248069990148659,1.2820712455456245,1.3105617761611938,23672000,0.0,0.0
2012-07-26,1.3889106988749471,1.438768982887268,1.360420165959674,1.438768982887268,45943500,0.0,0.0
2012-07-27,1.474381785587537,1.5384854522324967,1.474381785587537,1.5028722286224365,56225300,0.0,0.0
2012-07-30,1.538485433000964,1.5669758756797245,1.49574959916639,1.5456080436706543,36486800,0.0,0.0
2012-07-31,1.6310796711121485,1.7165511846542358,1.5954666112264724,1.7165511846542358,88326400,0.0,0.0
2012-08-01,1.7307964572254402,1.9373523801808463,1.6524475534597187,1.6951833963394165,164822900,0.0,0.0
2012-08-02,1.6738155431339274,1.688060768791677,1.5456085122141823,1.6168346405029297,64136300,0.0,0.0
2012-08-03,1.6524475798343161,1.7165512602687822,1.6310797429616515,1.6880606412887573,35844600,0.0,0.0
2012-08-06,1.7592870913563297,1.809145381851634,1.7236740267168265,1.7877775430679321,31034900,0.0,0.0
2012-08-07,1.9088616825457885,1.9159842937941647,1.8376354002455773,1.8874938488006592,53883900,0.0,0.0
2012-08-08,1.816267841178953,1.9159845835530696,1.7877773918767692,1.9017393589019775,39243500,0.0,0.0
2012-08-09,1.9729654488397117,2.0869274139404297,1.9444750000186497,2.0869274139404297,56183100,0.0,0.0
2012-08-10,1.9943332919698489,2.029946353112504,1.9231071696845392,1.965842843055725,49622900,0.0,0.0
2012-08-13,1.9729653861225334,1.994333222059083,1.8376355887079205,1.8590034246444702,42513700,0.0,0.0
2012-08-14,1.7806542856888434,1.787776896038942,1.7165507925379584,1.7735316753387451,51174600,0.0,0.0
2012-08-15,1.7949000506522306,1.8803715705871582,1.7877774381423597,1.8803715705871582,42692700,0.0,0.0
2012-08-16,1.8946167956069,1.944475083175996,1.8376357257114557,1.8803715705871582,32315400,0.0,0.0
2012-08-17,1.9658427954853352,1.9872106316538591,1.930229735204462,1.9515975713729858,28725100,0.0,0.0
2012-08-20,1.9515978326232928,2.0014561236907866,1.9231073805847247,1.9587204456329346,19560000,0.0,0.0
2012-08-21,1.980088067512787,2.029946353112504,1.9444750063701322,1.965842843055725,23772900,0.0,0.0
2012-08-22,2.051314353942871,2.058436966151709,2.0014558986645374,2.051314353942871,35493400,0.0,0.0
2012-08-23,2.1011727404306155,2.2863608365808386,2.079804902776722,2.279238224029541,102944400,0.0,0.0
2012-08-24,2.1937661170959473,2.2863602253243407,2.1795208958017995,2.1937661170959473,56949900,0.0,0.0
2012-08-27,2.3575864736436554,2.4145675320650506,2.3148508071899414,2.3148508071899414,83242200,0.0,0.0
2012-08-28,2.2792378593308853,2.286360470742501,2.1367854612821207,2.1581532955169678,68326200,0.0,0.0
2012-08-29,2.086927221856096,2.1082950565051606,1.9800878787943184,2.0655593872070312,91130800,0.0,0.0
2012-08-30,2.08692764962298,2.094050262632622,1.9444752196136508,1.9587204456329346,69091800,0.0,0.0
2012-08-31,2.008578300476074,2.0370687463270687,1.9587200202368342,2.008578300476074,43245600,0.0,0.0
2012-09-04,2.065559753449952,2.10117281751292,2.008578681132719,2.0157012939453125,68465600,0.0,0.0
2012-09-05,2.058436957009796,2.0655595691870006,1.6809380021685376,1.6951833963394165,211194300,0.0,0.0
2012-09-06,1.7023059608086644,1.7877773045397447,1.6168344472611194,1.7521642446517944,121457200,0.0,0.0
2012-09-07,1.7949000506522306,1.887494183097029,1.7664096006127472,1.8803715705871582,90506000,0.0,0.0
2012-09-10,1.8874941595881047,1.9088619968515788,1.8447583152446814,1.8732489347457886,36463400,0.0,0.0
2012-09-11,1.9872105121612549,2.0014557354170273,1.9515974540218242,1.9872105121612549,42621300,0.0,0.0
2012-09-12,2.094050262632622,2.12254071467119,1.9302299935943668,1.9587204456329346,140961600,0.0,0.0
2012-09-13,1.9943329673681252,2.1154175253616514,1.9800877452296448,2.0940496921539307,61149300,0.0,0.0
2012-09-14,2.1439080697246644,2.236502187763887,2.065559344305396,2.122540235519409,100446300,0.0,0.0
2012-09-17,2.172398367813436,2.2008888114857794,2.072681814960235,2.11541748046875,48404700,0.0,0.0
2012-09-18,2.0441913827415124,2.101172444955472,2.015700936542759,2.0655593872070312,47398300,0.0,0.0
2012-09-19,2.0441912402336384,2.0655592432095173,2.015700796021056,2.058436632156372,27038500,0.0,0.0
2012-09-20,2.015701339679654,2.0441917915764494,2.0014561137312565,2.0299465656280518,28255300,0.0,0.0
2012-09-21,1.9872109436646574,2.008578783188133,1.901739585570755,1.9729657173156738,53553200,0.0,0.0
2012-09-24,1.9231071231482872,1.9729654075415097,1.9017392869797634,1.9515975713729858,23505800,0.0,0.0
2012-09-25,1.9729655545339149,1.9800881671207475,1.908862041252421,1.9231072664260864,30358000,0.0,0.0
2012-09-26,1.880371624772381,1.8874942374874986,1.8020227150896038,1.84475839138031,50607100,0.0,0.0
2012-09-27,1.8874941342508857,1.9159845835530696,1.851880902806683,1.9017393589019775,29255000,0.0,0.0
2012-09-28,1.8803712351634863,1.90173906888147,1.8162675641930879,1.8376353979110718,60624700,0.0,0.0
2012-10-01,1.8447582653542278,1.987210679741318,1.8447582653542278,1.965842843055725,70242400,0.0,0.0
2012-10-02,1.9800878969319065,2.0014557317767,1.8447581064317564,1.8661259412765503,53093700,0.0,0.0
2012-10-03,1.8732492399436613,1.9017396942700815,1.8376360022191331,1.8946170806884766,30106100,0.0,0.0
2012-10-04,1.8946167956069,1.9159846331365127,1.8518809507311975,1.8803715705871582,26096200,0.0,0.0
2012-10-05,1.92310709947102,1.930229711439501,1.8874940396286142,1.9088618755340576,15780400,0.0,0.0
2012-10-08,1.8874940396286142,1.9088618755340576,1.8874940396286142,1.9088618755340576,10680600,0.0,0.0
2012-10-09,1.9444749353764634,1.9658427712819069,1.9017392635655763,1.9088618755340576,21231000,0.0,0.0
2012-10-10,1.8732483119416121,1.8874935320477795,1.794899431541273,1.8518803119659424,33201800,0.0,0.0
2012-10-11,1.8305134331523287,1.8518812744167714,1.7949003643782575,1.8162682056427002,29076600,0.0,0.0
2012-10-12,1.8162681088993513,1.844758562401067,1.8020228821484934,1.8233907222747803,25442000,0.0,0.0
2012-10-15,1.851880809969744,1.9159844875025387,1.8376355860327815,1.9088618755340576,22022700,0.0,0.0
2012-10-16,1.9587200202368342,2.02994613486432,1.9515974087740855,2.008578300476074,48245600,0.0,0.0
2012-10-17,2.0441912448528066,2.0940496921539307,2.0014555784373655,2.0940496921539307,49744900,0.0,0.0
2012-10-18,2.0085782513705666,2.1011723679390193,1.9515973610616406,1.994333028793335,125718200,0.0,0.0
2012-10-19,2.0228236919347324,2.029946303990907,1.9231071231482872,1.9515975713729858,42623200,0.0,0.0
2012-10-22,2.022823619244666,2.044191454645338,1.9658427248428743,2.001455783843994,47336300,0.0,0.0
2012-10-23,1.8661260339067063,1.9373523234079821,1.859003421938225,1.9088618755340576,60021600,0.0,0.0
2012-10-24,1.8874944124701383,1.9017396392209962,1.82339072227478,1.8233907222747803,27844400,0.0,0.0
2012-10-25,1.8732489347457886,1.8946167720092628,1.8590035400869973,1.8732489347457886,22867000,0.0,0.0
2012-10-26,1.8518811757764957,1.8590037891519247,1.82339072227478,1.8233907222747803,26625600,0.0,0.0
2012-10-31,1.9231071958786157,1.9373524205297075,1.8874941342508857,1.9017393589019775,24822200,0.0,0.0
2012-11-01,1.965843048860262,2.0370691786022506,1.9515978229118642,2.0299465656280518,35760200,0.0,0.0
2012-11-02,2.0014556400819505,2.0299460852364137,1.965842583638872,1.994333028793335,29246300,0.0,0.0
2012-11-05,1.9729657173156738,2.015701396362625,1.951597877792198,1.9729657173156738,21756200,0.0,0.0
2012-11-06,1.9729657173156738,2.008578783188133,1.95872049096669,1.9729657173156738,21711600,0.0,0.0
2012-11-07,1.9159846331365127,1.9302298581562543,1.8518809507311975,1.8803715705871582,41941000,0.0,0.0
2012-11-08,1.8803713343228687,1.9088617807825938,1.8518807180466876,1.8661259412765503,23227300,0.0,0.0
2012-11-09,1.8661258452390828,1.901739071297412,1.8590032339907065,1.8874938488006592,22222700,0.0,0.0
2012-11-12,1.9373525149400985,1.951597740285384,1.9017394515768853,1.930229902267456,15221600,0.0,0.0
2012-11-13,1.8803715680827937,1.9231072430851015,1.873248955582409,1.9159846305847168,20052100,0.0,0.0
2012-11-14,1.9800880944829833,1.9872107068085294,1.8732489095997937,1.9017393589019775,34390700,0.0,0.0
2012-11-15,1.9302298065799834,1.9800880928168525,1.915984581940878,1.9373524188995361,34720700,0.0,0.0
2012-11-16,1.95872049096669,1.9943335568391494,1.8946169723962631,1.9729657173156738,33315000,0.0,0.0
2012-11-19,2.0513140257384896,2.101172303223171,2.037068633783566,2.0940496921539307,45610300,0.0,0.0
2012-11-20,2.1154176703192142,2.1581533396630883,2.079804612532653,2.10117244720459,49847400,0.0,0.0
2012-11-21,2.186643775832635,2.421690295775514,2.172398552783546,2.357586622238159,147661800,0.0,0.0
2012-11-23,2.4501803588733035,2.5570195150408903,2.407444696406269,2.535651683807373,95862700,0.0,0.0
2012-11-26,2.521407110812206,2.528529723053397,2.386077308413106,2.393199920654297,75027400,0.0,0.0
2012-11-27,2.3860772124831393,2.393199824437972,2.243624973386476,2.2578701972961426,72293700,0.0,0.0
2012-11-28,2.2792378002830413,2.3647091350081375,2.2578699666017674,2.3290960788726807,56154900,0.0,0.0
2012-11-29,2.4145678308032448,2.4359356666738003,2.321973705547708,2.3647093772888184,67252300,0.0,0.0
2012-11-30,2.34334139679238,2.3789544543786794,2.314850950723341,2.3219735622406006,34648600,0.0,0.0
2012-12-03,2.34334139679238,2.3575866198269,2.307728339206081,2.3219735622406006,23716900,0.0,0.0
2012-12-04,2.357587107124411,2.4644264717827458,2.3362192681560425,2.450181245803833,47247000,0.0,0.0
2012-12-05,2.535651900081837,2.777821014349991,2.5285292890631528,2.763575792312622,144779500,0.0,0.0
2012-12-06,2.7564529767309067,2.7778209793340465,2.606878147224006,2.6709816455841064,85861600,0.0,0.0
2012-12-07,2.7422080039978027,2.7778212316941406,2.6638592766620603,2.7422080039978027,68348400,0.0,0.0
2012-12-10,2.642491051583528,2.656736272631167,2.5570195554812627,2.6282458305358887,65132500,0.0,0.0
2012-12-11,2.6496141446218613,2.7564533219353673,2.6496141446218613,2.699472427368164,46368800,0.0,0.0
2012-12-12,2.7279622554779053,2.7422074758864254,2.7065944248651257,2.7279622554779053,31642500,0.0,0.0
2012-12-13,2.6781046390533447,2.7350855346236935,2.62824635542929,2.6781046390533447,55650400,0.0,0.0
2012-12-14,2.7350856787447797,2.7635762978476865,2.699472617136737,2.7208404541015625,55682800,0.0,0.0
2012-12-17,2.7350854632309143,2.877537868254875,2.727962851470539,2.813434362411499,79283700,0.0,0.0
2012-12-18,2.9701317601763195,3.0413578722457855,2.920273311911247,2.991499423980713,97643300,0.0,0.0
2012-12-19,3.062726336185944,3.0983392277588844,2.948764200106881,2.9986226558685303,79778000,0.0,0.0
2012-12-20,2.984377411181439,3.04135830902013,2.9558869622620936,2.977254629135132,48289300,0.0,0.0
2012-12-21,2.8704152827918437,2.913150951217335,2.827679444549901,2.8419246673583984,65942700,0.0,0.0
2012-12-24,2.884660892441161,2.8917833349840976,2.7991893743117657,2.8490476608276367,21078400,0.0,0.0
2012-12-26,2.8775381769029424,2.8917834019516517,2.7991894391350405,2.8846609592437744,30315500,0.0,0.0
2012-12-27,2.8917833349840976,2.8989061171599815,2.7991893743117657,2.8490476608276367,39851800,0.0,0.0
2012-12-28,2.756453370732855,2.792066600284279,2.7065950871039113,2.7137176990509033,39740200,0.0,0.0
2012-12-31,2.713717627949789,2.8419248094529994,2.699472404429039,2.813434362411499,33022900,0.0,0.0
2013-01-02,2.9772541670910924,2.99149938934003,2.8917828335974662,2.927396059036255,54166100,0.0,0.0
2013-01-03,2.941642164318361,3.00574551386492,2.9060289281890577,2.963009834289551,50209000,0.0,0.0
2013-01-04,2.9914998535948047,3.0057450780544777,2.9416417378024207,2.977254629135132,34043600,0.0,0.0
2013-01-07,2.998622016302584,3.055602902372383,2.9772540142099735,3.005744457244873,37033500,0.0,0.0
2013-01-08,2.8917834019516517,2.9273966343899027,2.834802501756814,2.8846609592437744,56754700,0.0,0.0
2013-01-09,2.7849435902629467,2.834801866765247,2.614000758152906,2.6709816455841064,92931100,0.0,0.0
2013-01-10,3.1695644855499268,3.2051777070368095,3.0271122788680978,3.1695644855499268,279831700,0.0,0.0
2013-01-11,3.1481976006791905,3.3832439694807976,3.1410748187722644,3.347630739212036,124064700,0.0,0.0
2013-01-14,3.312017417368338,3.3761207480200714,3.2123008610845054,3.2906494140625,79814600,0.0,0.0
2013-01-15,3.2336683397699617,3.3476301118606795,3.2265458988307274,3.30489444732666,51595600,0.0,0.0
2013-01-16,3.255036354064941,3.3120172403240686,3.2336683519013323,3.2550363540649414,39915600,0.0,0.0
2013-01-17,3.283526937817479,3.283526937817479,3.20517804603931,3.226546049118042,52572400,0.0,0.0
2013-01-18,3.155320167541504,3.1980558417716813,3.098339268567934,3.155320167541504,56266000,0.0,0.0
2013-01-22,3.198055299125353,3.2906494140625,3.1909328577786673,3.2906494140625,52680500,0.0,0.0
2013-01-23,3.354752892432785,3.490082666606948,3.2906492258153204,3.30489444732666,77342100,0.0,0.0
2013-01-24,2.977254715166494,3.162442978126419,2.9630094902951885,3.034235954284668,156197400,0.0,0.0
2013-01-25,2.998622205004106,3.034235430855285,2.920273311911247,2.991499423980713,82278900,0.0,0.0
2013-01-28,2.9772540384449124,3.098338592145303,2.963008816811506,3.0271124839782715,53682100,0.0,0.0
2013-01-29,3.034235887074414,3.062726336185944,2.977254649218411,2.9986226558685303,37524000,0.0,0.0
2013-01-30,2.984377141637433,3.012867587983569,2.8917830211960376,2.9131510257720947,43433100,0.0,0.0
2013-01-31,2.8063117978570533,2.863292692898549,2.7422081211189084,2.7920665740966797,85477100,0.0,0.0
2013-02-01,2.863292885546457,2.9345190091405584,2.8276798237494063,2.8490476608276367,40926400,0.0,0.0
2013-02-04,2.792066600284279,2.856170277623671,2.7137176990509033,2.7137176990509033,61015600,0.0,0.0
2013-02-05,2.749330686751664,2.820556974171874,2.7422080749912894,2.813434362411499,43223700,0.0,0.0
2013-02-06,2.7849432856827856,2.955886099097368,2.7706980653829385,2.9345180988311768,72723300,0.0,0.0
2013-02-07,2.9487631619449366,2.955885941531596,2.8632918447019704,2.891782283782959,38376600,0.0,0.0
2013-02-08,2.927396440720495,2.955886888933055,2.8917832106383283,2.8989059925079346,25105800,0.0,0.0
2013-02-11,2.9558873176574707,2.9701325438298904,2.9202740824099296,2.9558873176574707,26138600,0.0,0.0
2013-02-12,2.95588650353413,2.9701317257830677,2.9202732780953418,2.927396059036255,18373900,0.0,0.0
2013-02-13,2.913151048608838,2.927396271893577,2.81343431579921,2.8348021507263184,35762500,0.0,0.0
2013-02-14,2.7635760343026243,2.8419247623686874,2.7422080295590594,2.8348021507263184,30052200,0.0,0.0
2013-02-15,2.863292501571144,2.8989057284088378,2.8205568331456528,2.8419246673583984,24690300,0.0,0.0
2013-02-19,2.8205574061193697,2.841925244672821,2.784944341863617,2.799189567565918,26789000,0.0,0.0
2013-02-20,2.7778215224909037,2.792066747134121,2.7137178417799537,2.7208404541015625,53132900,0.0,0.0
2013-02-21,2.6852268674419064,2.7065947002286066,2.6211233690818063,2.6709816455841064,39837500,0.0,0.0
2013-02-22,2.713717506643463,2.7350853409694214,2.663859226549561,2.692349672317505,43821000,0.0,0.0
2013-02-25,2.7778214266050623,2.78494403868081,2.571265336775446,2.585510730743408,49052600,0.0,0.0
2013-02-26,2.5997559827276735,2.6211238191836785,2.5214070792391854,2.5427749156951904,49172500,0.0,0.0
2013-02-27,2.578388268331748,2.699472858439163,2.578388268331748,2.685227632522583,55260100,0.0,0.0
2013-02-28,2.5997560024261475,2.6496142878679385,2.571265383785797,2.5997560024261475,55473400,0.0,0.0
2013-03-01,2.542774488629292,2.571264932452251,2.521406655762072,2.5570197105407715,31846300,0.0,0.0
2013-03-04,2.4786711687508056,2.5285294490359878,2.464425945812182,2.471548557281494,62764700,0.0,0.0
2013-03-05,2.5570200436311157,2.57126526739825,2.5000391485625775,2.514284372329712,31837400,0.0,0.0
2013-03-06,2.6140009645470292,2.635368799020873,2.5427746798177635,2.57838773727417,33565700,0.0,0.0
2013-03-07,2.6353684410597085,2.678104104202626,2.5926327779167906,2.6282458305358887,43781600,0.0,0.0
2013-03-08,2.6638592208834035,2.6709818323102392,2.5855104951882084,2.6211235523223877,33438100,0.0,0.0
2013-03-11,2.5712651257828885,2.5997557415644668,2.535652068326482,2.57838773727417,28441100,0.0,0.0
2013-03-12,2.599755399179226,2.628245841392188,2.5285291238303906,2.5498969554901123,48966900,0.0,0.0
2013-03-13,2.5285293988790003,2.5285293988790003,2.457303285598755,2.457303285598755,47328500,0.0,0.0
2013-03-14,2.500039003158741,2.5142842260973643,2.464425945812182,2.471548557281494,35810100,0.0,0.0
2013-03-15,2.4501808642147815,2.5570200424175855,2.4288130285742207,2.4430582523345947,109213400,0.0,0.0
2013-03-18,2.3433412605658717,2.4359353747238877,2.3362186494626735,2.3860769271850586,56873500,0.0,0.0
2013-03-19,2.407445002964897,2.457303282191945,2.3860769991939983,2.4216902256011963,50135400,0.0,0.0
2013-03-20,2.4359354516146814,2.4715485082548043,2.414567617630608,2.457303285598755,38049400,0.0,0.0
2013-03-21,2.4074450063025834,2.478671119582829,2.4074450063025834,2.457303285598755,41930900,0.0,0.0
2013-03-22,2.421690102001102,2.4573031567742043,2.3575864335930783,2.3718316555023193,44608800,0.0,0.0
2013-03-25,2.34334139679238,2.34334139679238,2.272115281619782,2.3219735622406006,44264000,0.0,0.0
2013-03-26,2.336218645008265,2.3718317004563523,2.3290960339186477,2.3504638671875,20849700,0.0,0.0
2013-03-27,2.3290961308506617,2.3789544105529785,2.3290961308506617,2.3789544105529785,33441600,0.0,0.0
2013-03-28,2.3433416847343813,2.371832134304232,2.3219738475569938,2.336219072341919,35469400,0.0,0.0
2013-04-01,2.3504640083096398,2.36470923134416,2.314850950723341,2.3219735622406006,17051000,0.0,0.0
2013-04-02,2.300605727688821,2.33621878527512,2.2863605046543016,2.3219735622406006,29894500,0.0,0.0
2013-04-03,2.343341308867703,2.4074449799342568,2.3290960863676795,2.400322198867798,43190900,0.0,0.0
2013-04-04,2.4145675650914993,2.421690176264541,2.364709117063759,2.407444953918457,36519800,0.0,0.0
2013-04-05,2.4074450259136104,2.4145676372996556,2.364709187780888,2.3789544105529785,21996400,0.0,0.0
2013-04-08,2.357586813176795,2.378954649480989,2.336218976872601,2.343341588973999,20091800,0.0,0.0
2013-04-09,2.3575865313677267,2.4145675911842686,2.350463920117715,2.400322198867798,17064100,0.0,0.0
2013-04-10,2.4288128910337807,2.5427746746632676,2.4216902795569375,2.5071616172790527,62872600,0.0,0.0
2013-04-11,2.5071617598597586,2.51428437174166,2.4644260885683504,2.4786713123321533,24780100,0.0,0.0
2013-04-12,2.4857938289642334,2.5000390521821925,2.443058159310356,2.4857938289642334,18154500,0.0,0.0
2013-04-15,2.4430579348649637,2.4573031567742043,2.3718316555023193,2.3718316555023193,32233700,0.0,0.0
2013-04-16,2.4644264717827458,2.4786716977616585,2.4216907938460075,2.450181245803833,16832400,0.0,0.0
2013-04-17,2.471548239404467,2.585510178072745,2.4430577971915053,2.5498969554901123,54824000,0.0,0.0
2013-04-18,2.2934832570703083,2.3219737048896407,2.2151343557506795,2.2578701972961426,130024600,0.0,0.0
2013-04-19,2.200889302314076,2.215134527327127,2.151031014768398,2.1866440773010254,57174800,0.0,0.0
2013-04-22,2.208011696781079,2.2863605964324396,2.1937664731747333,2.2436249256134033,44087600,0.0,0.0
2013-04-23,2.2365024561510882,2.286360741946498,2.229379843894601,2.2507476806640625,21490600,0.0,0.0
2013-04-24,2.2507477738243495,2.2934834491321365,2.2436251612730516,2.279238224029541,27872500,0.0,0.0
2013-04-25,2.293482978470561,2.386076922635587,2.2863603673809436,2.3504638671875,35548300,0.0,0.0
2013-04-26,2.3433412514924172,2.3718316957948935,2.3148508071899414,2.3148508071899414,21607700,0.0,0.0
2013-04-29,2.350464153375115,2.386077213159374,2.350464153375115,2.3647093772888184,28091200,0.0,0.0
2013-04-30,2.378954339409843,2.421690176264541,2.364709117063759,2.407444953918457,22174600,0.0,0.0
2013-05-01,2.4074450259136104,2.4145676372996556,2.3789544105529785,2.3789544105529785,12808200,0.0,0.0
2013-05-02,2.34334139679238,2.3575866198269,2.314850950723341,2.3219735622406006,21301100,0.0,0.0
2013-05-03,2.364709089366735,2.386076922635587,2.3433412560978826,2.3504638671875,21986800,0.0,0.0
2013-05-06,2.4216902256011963,2.450180670873795,2.400322221830298,2.4216902256011963,26755000,0.0,0.0
2013-05-07,2.5285296441089553,2.5570200921842052,2.4573035239208303,2.4929165840148926,40445900,0.0,0.0
2013-05-08,2.5214068402327388,2.5641425090937964,2.50003900580221,2.5071616172790527,25576400,0.0,0.0
2013-05-09,2.549897480068073,2.571265316123695,2.5142844199753696,2.528529644012451,25528900,0.0,0.0
2013-05-10,2.599755907113388,2.6068785190582275,2.5783879014624054,2.6068785190582275,24115200,0.0,0.0
2013-05-13,2.699471722307072,2.7920658216110628,2.6852265023859068,2.7350847721099854,56888900,0.0,0.0
2013-05-14,2.606878471002568,2.6211236946296483,2.549897406677787,2.5926332473754883,71897200,0.0,0.0
2013-05-15,2.628245980010706,2.6852268674419064,2.592632925366206,2.6709816455841064,49193100,0.0,0.0
2013-05-16,2.6852267147264457,2.699471935774085,2.6282458305358887,2.6282458305358887,36987100,0.0,0.0
2013-05-17,2.6567368507385254,2.670982074885933,2.635369014517414,2.6567368507385254,25192400,0.0,0.0
2013-05-20,2.692349862945932,2.706595086838519,2.6638594151607577,2.6781046390533447,22870000,0.0,0.0
2013-05-21,2.685227202826143,2.699472426463168,2.6424915319150677,2.6638593673706055,22928700,0.0,0.0
2013-05-22,2.6709819773244288,2.699472424578589,2.5712652421184075,2.5926332473754883,34516500,0.0,0.0
2013-05-23,2.542774395091662,2.5783874485603118,2.5000387309292824,2.5641422271728516,28709200,0.0,0.0
2013-05-24,2.535652322755946,2.621123839044058,2.528529710549976,2.5997560024261475,23958300,0.0,0.0
2013-05-28,2.6068781570473907,2.6211233789588704,2.542774488629292,2.5570197105407715,22948700,0.0,0.0
2013-05-29,2.54277453784907,2.585510374227175,2.5356519267554596,2.5712649822235107,17183200,0.0,0.0
2013-05-30,2.5783877293211694,2.5783877293211694,2.471548557281494,2.471548557281494,33553100,0.0,0.0
2013-05-31,2.4359360198249203,2.5000395367300277,2.414568180856551,2.450181245803833,24696900,0.0,0.0
2013-06-03,2.4501808648045476,2.4786713123321533,2.435935641040745,2.4786713123321533,18438500,0.0,0.0
2013-06-04,2.50003929051639,2.528529739668365,2.50003929051639,2.521407127380371,19145200,0.0,0.0
2013-06-05,2.478671503932949,2.5000393412303823,2.435935829338082,2.464426279067993,27511000,0.0,0.0
2013-06-06,2.457303477261174,2.5285295960968464,2.450180865377607,2.514284372329712,23224400,0.0,0.0
2013-06-07,2.50003929051639,2.528529739668365,2.4857940659404028,2.521407127380371,18297000,0.0,0.0
2013-06-10,2.5570195660433526,2.5641421765965933,2.5285291238303906,2.5498969554901123,9716600,0.0,0.0
2013-06-11,2.500039003158741,2.5142842260973643,2.464425945812182,2.471548557281494,11799500,0.0,0.0
2013-06-12,2.4715486057462743,2.5000390521821925,2.435935547701377,2.4857938289642334,16060500,0.0,0.0
2013-06-13,2.5000391485625775,2.521406984213279,2.4644260891447414,2.514284372329712,13280400,0.0,0.0
2013-06-14,2.6211235760383107,2.635368799020873,2.5712651257828885,2.57838773727417,28451600,0.0,0.0
2013-06-17,2.6496136621073476,2.678104104202626,2.621123220012069,2.6282458305358887,19947800,0.0,0.0
2013-06-18,2.6282461280197444,2.934518585026544,2.6140009053597284,2.749330520629883,126890100,0.0,0.0
2013-06-19,2.720840169269873,2.770698620118164,2.699472334541943,2.7422080039978027,41372500,0.0,0.0
2013-06-20,2.7635754763156277,2.834801578358227,2.6923492044566055,2.7279622554779053,60031900,0.0,0.0
2013-06-21,2.7422084949402286,2.8063121804170685,2.720840656386777,2.799189567565918,34476800,0.0,0.0
2013-06-24,2.7208396877942262,2.7422075187409374,2.692349246531945,2.706594467163086,38509500,0.0,0.0
2013-06-25,2.7350847721099854,2.7493299920311505,2.692349112346489,2.7350847721099854,22308300,0.0,0.0
2013-06-26,2.7422077453854614,2.7849435806274414,2.720839912672691,2.7849435806274414,22209200,0.0,0.0
2013-06-27,2.784943988337287,2.792066600284279,2.692349863209927,2.7137176990509033,23058200,0.0,0.0
2013-06-28,2.685227202826143,2.6923498146446554,2.635368920096555,2.6638593673706055,18915500,0.0,0.0
2013-07-01,2.8134341924164055,2.8205568037464137,2.713717463979842,2.749330520629883,34092900,0.0,0.0
2013-07-02,2.7706980865198876,2.7778206967241474,2.7208396452736454,2.7279622554779053,14540700,0.0,0.0
2013-07-03,2.7564537206425292,2.8348026318216704,2.7422084949402286,2.799189567565918,18311100,0.0,0.0
2013-07-05,2.8704156177790776,2.913151291191967,2.8348023867851992,2.9060285091400146,31306100,0.0,0.0
2013-07-08,2.9131513579612265,2.955887032353615,2.9060285757460202,2.9416418075561523,29976600,0.0,0.0
2013-07-09,3.012867237820034,3.055602902372383,2.998622016302584,3.005744457244873,36162800,0.0,0.0
2013-07-10,2.9060274739064558,2.9630083514916303,2.884659814628426,2.948763132095337,29326800,0.0,0.0
2013-07-11,3.0128678804242948,3.0199903228857057,2.8989060839781757,2.9986226558685303,38411600,0.0,0.0
2013-07-12,2.9487645347547695,2.9701325438298904,2.9273968653126308,2.9558873176574707,21512700,0.0,0.0
2013-07-15,2.9273956584976744,2.9630085394308705,2.906027658231483,2.9345180988311768,16737800,0.0,0.0
2013-07-16,2.884660892441161,2.9131513418788018,2.8276798237494063,2.8490476608276367,26251300,0.0,0.0
2013-07-17,2.8989059715962817,2.9060284137815766,2.8490475177674957,2.877537965774536,30180700,0.0,0.0
2013-07-18,2.770698713887591,2.898905896410571,2.7635761020705623,2.870415449142456,62367900,0.0,0.0
2013-07-19,2.8419250950816686,2.8917833824153187,2.8348024826054328,2.863292932510376,30134300,0.0,0.0
2013-07-22,2.8419248094529994,2.8632926447341247,2.8063117506511244,2.813434362411499,19623100,0.0,0.0
2013-07-23,2.849047374011057,2.870415378754622,2.8348021507263184,2.8348021507263184,13015800,0.0,0.0
2013-07-24,2.86329285835359,2.8775380829371224,2.8276797968947585,2.856170415878296,20279700,0.0,0.0
2013-07-25,2.841925114281169,2.898906184292484,2.841925114281169,2.8846609592437744,15408400,0.0,0.0
2013-07-26,2.86329285835359,2.8704156404618284,2.841925021478291,2.856170415878296,10684300,0.0,0.0
2013-07-29,2.841924857857618,2.85617025143746,2.8205570222125487,2.8276796340942383,8948000,0.0,0.0
2013-07-30,2.856170155469883,2.8632925972957954,2.8205569274415794,2.8348021507263184,9330900,0.0,0.0
2013-07-31,2.8205570697830535,2.841924905788505,2.792066621775785,2.806311845779419,14606300,0.0,0.0
2013-08-01,2.834802245975928,2.8490474697393076,2.8205570222125487,2.8276796340942383,8332900,0.0,0.0
2013-08-02,2.827679539083949,2.849047374011057,2.827679539083949,2.8348021507263184,9176900,0.0,0.0
2013-08-05,2.8490465963212817,2.9630083514916303,2.8419239866231347,2.948763132095337,25472700,0.0,0.0
2013-08-06,2.9416407219911016,2.9843763806125847,2.884659843829124,2.891782283782959,17487800,0.0,0.0
2013-08-07,2.9345186907152407,2.94164147211823,2.8917830211960376,2.9131510257720947,11079500,0.0,0.0
2013-08-08,2.9558859116098937,2.9630083514916303,2.934517912699043,2.948763132095337,12592300,0.0,0.0
2013-08-09,2.9701318740844727,2.9986223200049023,2.955886651124258,2.9701318740844727,18987800,0.0,0.0
2013-08-12,2.9630094046754594,3.0057450780544777,2.9487641802157865,2.977254629135132,13260800,0.0,0.0
2013-08-13,2.9701326173686073,2.9843778438937307,2.934519381239304,2.963009834289551,15923500,0.0,0.0
2013-08-14,2.9630094046754594,2.984377411181439,2.9487641802157865,2.977254629135132,10244500,0.0,0.0
2013-08-15,2.934518500344279,2.948763722593217,2.8989056145383794,2.927396059036255,13101400,0.0,0.0
2013-08-16,2.9558859116098937,2.9630083514916303,2.913150253421013,2.948763132095337,10474800,0.0,0.0
2013-08-19,2.934519025340946,2.963009474935872,2.9202738005434834,2.9416418075561523,10313900,0.0,0.0
2013-08-20,2.877537064242465,2.913150282910113,2.8704146242886295,2.891782283782959,16439500,0.0,0.0
2013-08-21,2.8348022202408507,2.8917831147770814,2.820556996606793,2.870415449142456,28571700,0.0,0.0
2013-08-22,2.8917824379316364,2.941640878797521,2.884659997598134,2.9345180988311768,17800700,0.0,0.0
2013-08-23,2.920274154714181,2.9843778438937307,2.9131517112681147,2.963009834289551,22885800,0.0,0.0
2013-08-26,2.941641428164043,2.977254315748127,2.934518646867483,2.9701318740844727,12480200,0.0,0.0
2013-08-27,2.863292501571144,2.891782947188138,2.827679444549901,2.8419246673583984,20289700,0.0,0.0
2013-08-28,2.7849439628040997,2.841924857857618,2.77069873904072,2.8276796340942383,19353100,0.0,0.0
2013-08-29,2.806311986671176,2.870415667722341,2.806311986671176,2.8490476608276367,12660600,0.0,0.0
2013-08-30,2.784944153201158,2.7991893779384345,2.756453533910131,2.7778215408325195,20593700,0.0,0.0
2013-09-03,3.8818278557552124,3.974421999452286,3.5399420741016288,3.6467814445495605,565716200,0.0,0.0
2013-09-04,3.6966386930155104,3.817723250417297,3.6823934709466464,3.7963552474975586,156090700,0.0,0.0
2013-09-05,3.8960724349946925,3.95305367216107,3.8747047682361226,3.9103176593780518,98676200,0.0,0.0
2013-09-06,3.89607311734717,3.9103183442254177,3.803479312455061,3.8248469829559326,56056500,0.0,0.0
2013-09-09,3.9031952371973264,3.9388084681564517,3.8889500127402643,3.93168568611145,42023200,0.0,0.0
2013-09-10,3.9672992423937674,4.045647813515813,3.9530540167685806,4.031402587890625,41367800,0.0,0.0
2013-09-11,4.123996628878455,4.2379584312438965,4.123996628878455,4.2379584312438965,77965900,0.0,0.0
2013-09-12,4.323429064948187,4.608333501161512,4.302061062415749,4.529984951019287,125591900,0.0,0.0
2013-09-13,4.58696697250739,4.6083346406906545,4.42314671135952,4.565598964691162,96979700,0.0,0.0
2013-09-16,4.4801265455896795,4.551352655290453,4.4302680989826975,4.444513320922852,57755700,0.0,0.0
2013-09-17,4.458758906464326,4.537107457739905,4.4302681227979805,4.46588134765625,30711200,0.0,0.0
2013-09-18,4.636823694191216,4.8006435543446955,4.594087694566234,4.779275894165039,60606000,0.0,0.0
2013-09-19,4.793521781700333,4.829135006469645,4.665314783869999,4.765031337738037,53295900,0.0,0.0
2013-09-20,4.70805118406866,4.800644971570366,4.643947505339611,4.686683177947998,37047700,0.0,0.0
2013-09-23,4.67243787962211,4.786399671436597,4.5940889779331835,4.750786781311035,48904100,0.0,0.0
2013-09-24,4.70805118406866,4.7365416324742515,4.658192729542407,4.686683177947998,29567500,0.0,0.0
2013-09-25,4.70805006345909,4.772153387297338,4.69380484264694,4.72229528427124,24009300,0.0,0.0
2013-09-26,4.70092830675023,4.74366397849134,4.679560640696139,4.729418754577637,16098000,0.0,0.0
2013-09-27,4.722295647957218,4.77215375482312,4.700927645276916,4.743663311004639,18783900,0.0,0.0
2013-09-30,4.6581941883773235,4.700929874369505,4.629703731049203,4.636826515197754,24644000,0.0,0.0
2013-10-01,4.743663690574497,4.807767364111852,4.68668279837814,4.715173244476318,34945800,0.0,0.0
2013-10-02,4.7650309467076895,4.7650309467076895,4.686682062424437,4.72229528427124,43085500,0.0,0.0
2013-10-03,4.779275894165039,4.786398334347313,4.679559354183363,4.779275894165039,27681400,0.0,0.0
2013-10-04,4.757909602184735,4.807768059888479,4.736541934335241,4.793522834777832,21369800,0.0,0.0
2013-10-07,4.708051088523546,4.772154426318748,4.6866830828365265,4.729418754577637,31363000,0.0,0.0
2013-10-08,4.765031403998,4.779276626177235,4.651069626564122,4.700927734375,28947700,0.0,0.0
2013-10-09,4.6297018790470545,4.643947102012652,4.430268417895779,4.622579097747803,60526200,0.0,0.0
2013-10-10,4.651070287257476,4.71517362635359,4.643947505339611,4.686683177947998,30029900,0.0,0.0
2013-10-11,4.708050824977143,4.743663712951406,4.672437597369971,4.736541271209717,15382200,0.0,0.0
2013-10-14,4.700928021427229,4.750786471915495,4.68668279837814,4.715173244476318,21166900,0.0,0.0
2013-10-15,4.814890759216341,4.957343007865898,4.807767976967387,4.928852558135986,43676500,0.0,0.0
2013-10-16,4.985833188801259,5.0356916429571275,4.928852292413371,5.007201194763184,29391300,0.0,0.0
2013-10-17,5.08554858843709,5.106916589487035,5.021445264552966,5.071303367614746,31248600,0.0,0.0
2013-10-18,5.12116279514607,5.1282852371105125,5.064181900898852,5.092672348022461,22419100,0.0,0.0
2013-10-21,5.114040013548708,5.14965324226968,5.0784271244606565,5.092672348022461,16021500,0.0,0.0
2013-10-22,5.128284774287692,5.277859778004098,5.099794329735318,5.235124111175537,62574500,0.0,0.0
2013-10-23,5.206633757069545,5.2493694246404825,5.171020870576878,5.192388534545898,31192800,0.0,0.0
2013-10-24,5.092672348022461,5.163898465831484,5.042813895739685,5.092672348022461,24743300,0.0,0.0
2013-10-25,5.028569302007123,5.071304978045188,4.950220392787523,4.964465618133545,24661800,0.0,0.0
2013-10-28,4.893237759352512,4.907482979656177,4.786398437258598,4.807766437530518,34652000,0.0,0.0
2013-10-29,5.185266477399282,5.334841155166633,5.163898472213706,5.3063507080078125,85300800,0.0,0.0
2013-10-30,5.491539075441199,5.53427474712315,5.384699726419854,5.427435398101807,48364900,0.0,0.0
2013-10-31,5.3846994637208825,5.477293584330928,5.356209017322855,5.434557914733887,30324200,0.0,0.0
2013-11-01,5.427435398101807,5.484416293677742,5.391822508183311,5.427435398101807,21613400,0.0,0.0
2013-11-04,5.5271513717167595,5.569887036182668,5.484415367617981,5.520028591156006,22038500,0.0,0.0
2013-11-05,5.498661231147558,5.541397240236328,5.455925561691699,5.4844160079956055,21076000,0.0,0.0
2013-11-06,5.619745943246164,5.690972060849915,5.605500719725414,5.626868724822998,25382100,0.0,0.0
2013-11-07,5.598379219343417,5.598379219343417,5.3562100391285865,5.370455265045166,39464500,0.0,0.0
2013-11-08,5.2921051586381695,5.498661057640181,5.284982717103393,5.448802947998047,25284800,0.0,0.0
2013-11-11,5.498660852353304,5.534274077596302,5.477293188913815,5.512906074523926,13355200,0.0,0.0
2013-11-12,5.4131891612188525,5.498660488588208,5.4131891612188525,5.491538047790527,19830100,0.0,0.0
2013-11-13,5.491539025093149,5.655359268188477,5.47729380132977,5.655359268188477,24921300,0.0,0.0
2013-11-14,5.6767271049603005,5.683849886872942,5.5983785417188665,5.619746208190918,19735800,0.0,0.0
2013-11-15,5.683850096936453,5.705218103831157,5.619746415885288,5.698095321655273,25754800,0.0,0.0
2013-11-18,5.762198563919537,5.790689011187653,5.705217669383306,5.740830898284912,30402700,0.0,0.0
2013-11-19,5.683850104300529,5.7194629963272465,5.520029850005374,5.555643081665039,23423900,0.0,0.0
2013-11-20,5.698094939478615,5.71234050287492,5.527152254318061,5.655359268188477,26201000,0.0,0.0
2013-11-21,5.690972711958831,5.690972711958831,5.626869368597799,5.662482261657715,25423900,0.0,0.0
2013-11-22,5.705217082667589,5.8263016409213915,5.669603857428394,5.762197971343994,35762400,0.0,0.0
2013-11-25,5.726585903708465,5.776444021562471,5.698095453611047,5.769321918487549,26917200,0.0,0.0
2013-11-26,5.7550751328985035,5.7693206945580515,5.64111335668519,5.64823579788208,24526500,0.0,0.0
2013-11-27,5.719461766654746,5.755074990657641,5.669603660610141,5.705216884613037,14118300,0.0,0.0
2013-11-29,5.769321345553027,5.790689011187653,5.7265853350179325,5.740830898284912,9326900,0.0,0.0
2013-12-02,5.698094823109862,5.71946248850209,5.655359152692489,5.676726818084717,13524000,0.0,0.0
2013-12-03,5.512907141236207,5.569888380577087,5.477294248735229,5.562765598297119,22806900,0.0,0.0
2013-12-04,5.491538931559413,5.641113948343748,5.477293708038663,5.626868724822998,19142600,0.0,0.0
2013-12-05,5.626869089148927,5.64111431359202,5.505784511566162,5.505784511566162,16693400,0.0,0.0
2013-12-06,5.577010461733287,5.676727029758728,5.577010461733287,5.612623691558838,25700300,0.0,0.0
2013-12-09,5.755076220530555,5.783566669968195,5.669604872217633,5.698095321655273,30854000,0.0,0.0
2013-12-10,5.612623786435441,5.662481901474505,5.584133337946565,5.641114234924316,17285700,0.0,0.0
2013-12-11,5.662481980440189,5.676727204883282,5.491539287123069,5.505784511566162,30757800,0.0,0.0
2013-12-12,5.541396491905751,5.59125459638811,5.434557162877623,5.491538047790527,19123200,0.0,0.0
2013-12-13,5.434558951486263,5.448804177402843,5.3562100391285865,5.370455265045166,22386700,0.0,0.0
2013-12-16,5.356209373919273,5.398945046361496,5.284983253182236,5.313473701477051,20727300,0.0,0.0
2013-12-17,5.24936954625516,5.306350437669847,5.206633877694145,5.242247104644775,31954200,0.0,0.0
2013-12-18,5.4131891612188525,5.491538047790527,5.327717833849496,5.491538047790527,41726700,0.0,0.0
2013-12-19,5.406067940464509,5.520029736009255,5.398945158426492,5.505784511566162,19219300,0.0,0.0
2013-12-20,5.512907141236207,5.612624055358031,5.505784698589193,5.562765598297119,26094600,0.0,0.0
2013-12-23,5.548519611358643,5.598378061572195,5.527151946719196,5.548519611358643,12296300,0.0,0.0
2013-12-24,5.541397266491956,5.577010154724121,5.50578403862688,5.577010154724121,5634900,0.0,0.0
2013-12-26,5.57701053561388,5.648236656575609,5.569888093334175,5.619746208190918,10384900,0.0,0.0
2013-12-27,5.683849664115759,5.755075782286048,5.67672688248227,5.740830898284912,14868500,0.0,0.0
2013-12-30,5.690972805023193,5.72658603829845,5.6624823542561735,5.690972805023193,12390200,0.0,0.0
2013-12-31,5.712340012623854,5.826301792950331,5.705217231537002,5.776443004608154,13173700,0.0,0.0
2014-01-02,5.719462605307222,5.7265853870053745,5.648236486490324,5.655359268188477,22077500,0.0,0.0
2014-01-03,5.7194623947143555,5.740830739022021,5.662481501758896,5.7194623947143555,17222200,0.0,0.0
2014-01-06,5.72658571670718,5.740831280923657,5.683850042956582,5.712340831756592,13436400,0.0,0.0
2014-01-07,5.676727407870625,5.747953532632982,5.648236957965683,5.726585865020752,25999500,0.0,0.0
2014-01-08,5.690971669363297,5.776443004608154,5.676726446822487,5.776443004608154,17523600,0.0,0.0
2014-01-09,5.797811096448775,5.826301540294916,5.705216984132374,5.733707427978516,23252300,0.0,0.0
2014-01-10,5.8191792701412,5.840546935084347,5.769321158851918,5.8263020515441895,16797600,0.0,0.0
2014-01-13,5.762198229979982,5.8049335587725714,5.655358889099802,5.683849334716797,20394100,0.0,0.0
2014-01-14,5.648236486490324,5.676726934017084,5.584133149371579,5.655359268188477,20121800,0.0,0.0
2014-01-15,5.68385036214792,5.7123411525479035,5.6624823542561735,5.690972805023193,8436000,0.0,0.0
2014-01-16,5.669604491951856,5.705217721176767,5.605500815200186,5.655359268188477,13322500,0.0,0.0
2014-01-17,5.605500503241042,5.648236172152841,5.534274388388043,5.548519611358643,18977800,0.0,0.0
2014-01-21,5.598378755876869,5.6055011984290335,5.505784625268097,5.555643081665039,10834000,0.0,0.0
2014-01-22,5.59837813284414,5.612623355996094,5.434557896780224,5.4844160079956055,24565800,0.0,0.0
2014-01-23,5.156775877964923,5.163898659829876,4.900361844219427,5.007201194763184,85686800,0.0,0.0
2014-01-24,5.028568742272928,5.0499367477299515,4.871871280908815,4.8861165046691895,31668900,0.0,0.0
2014-01-27,4.964464565746274,5.021445794684212,4.850502787136179,4.93597412109375,26703100,0.0,0.0
2014-01-28,4.97158794399216,5.000078392067411,4.94309749591691,4.985833168029785,17117800,0.0,0.0
2014-01-29,5.007200792897716,5.092672130619831,4.971587565697048,5.0143232345581055,27659300,0.0,0.0
2014-01-30,5.014323636995203,5.049936867054099,4.9644651828393345,5.007201194763184,24121200,0.0,0.0
2014-01-31,4.921729775887033,4.98583345759581,4.893239326157121,4.928852558135986,13533800,0.0,0.0
2014-02-03,4.878993088958866,4.878993088958866,4.729418089095398,4.743663311004639,17189600,0.0,0.0
2014-02-04,4.807766938602154,4.850502603967117,4.786398936103233,4.829134941101074,10667100,0.0,0.0
2014-02-05,4.836257447643779,4.857625450431942,4.743663334949873,4.765031337738037,28118200,0.0,0.0
2014-02-06,4.907484474017496,5.021446610781884,4.893239249376066,4.992956161499023,18917400,0.0,0.0
2014-02-07,5.014322338658848,5.491537731793533,5.000077118250328,5.4559245109558105,46728700,0.0,0.0
2014-02-10,5.284982103167056,5.334840207017363,5.20663321758861,5.256491661071777,27303300,0.0,0.0
2014-02-11,5.206634707716956,5.284983615718702,5.199512264971139,5.263615608215332,17091400,0.0,0.0
2014-02-12,5.0784271244606565,5.142530460672317,5.071304342863295,5.092672348022461,17767400,0.0,0.0
2014-02-13,5.078426349306028,5.206633341793167,5.064181127918568,5.128284454345703,21624400,0.0,0.0
2014-02-14,5.114040279998388,5.199511965455347,5.064182164750845,5.085549831390381,18434100,0.0,0.0
2014-02-18,5.149652963951837,5.270737527499506,5.142530182739432,5.220879077911377,27568800,0.0,0.0
2014-02-19,5.249369133107137,5.263614354839648,5.156775022029375,5.17814302444458,11852600,0.0,0.0
2014-02-20,5.163898374715862,5.220879267957668,5.13540792809496,5.206634044647217,16182700,0.0,0.0
2014-02-21,5.2921056954394725,5.334841367881695,5.249370022997249,5.313473701477051,14231800,0.0,0.0
2014-02-24,5.3348412729744465,5.448803403759246,5.3205960490804625,5.427435398101807,16049900,0.0,0.0
2014-02-25,5.413190458916691,5.505784588914075,5.398945234273474,5.441680908203125,19819100,0.0,0.0
2014-02-26,5.498661249312994,5.505784030728956,5.377577021937832,5.434557914733887,9645500,0.0,0.0
2014-02-27,5.420312127658052,5.505783457960525,5.391821684223895,5.477293014526367,10291500,0.0,0.0
2014-02-28,5.4915389782244945,5.562765096433498,5.398944854736328,5.398944854736328,21575000,0.0,0.0
2014-03-03,5.341964169489157,5.406067848205566,5.306350939172722,5.406067848205566,16192200,0.0,0.0
2014-03-04,5.448803119932178,5.520029235691943,5.448803119932178,5.4844160079956055,18824600,0.0,0.0
2014-03-05,5.527151946719196,5.591255280270442,5.527151946719196,5.548519611358643,15423800,0.0,0.0
2014-03-06,5.562764380534187,5.619745267768241,5.555641939446369,5.569887161254883,6807900,0.0,0.0
2014-03-07,5.676727486808273,5.740831509435221,5.5983789182966825,5.662482261657715,30969800,0.0,0.0
2014-03-10,5.648236677230067,5.683849907657629,5.605501004496754,5.641114234924316,24594700,0.0,0.0
2014-03-11,5.577010823224101,5.641114505211995,5.548520373370137,5.562765598297119,16698000,0.0,0.0
2014-03-12,5.50578336966737,5.520028591156006,5.434557262224189,5.520028591156006,13347400,0.0,0.0
2014-03-13,5.541397135991606,5.562764800501113,5.327718453099122,5.38469934463501,17411400,0.0,0.0
2014-03-14,5.334842030437229,5.427436168711485,5.320596804520649,5.370455265045166,17101000,0.0,0.0
2014-03-17,5.420311714458167,5.477292596982729,5.406066493827026,5.413188934326172,9186800,0.0,0.0
2014-03-18,5.441680453105113,5.505784128454952,5.413190006201389,5.463048458099365,13460400,0.0,0.0
2014-03-19,5.448804177402843,5.448804177402843,5.320596804520649,5.370455265045166,11111800,0.0,0.0
2014-03-20,5.270737270344783,5.398944269216846,5.2493692673829955,5.299227714538574,29095100,0.0,0.0
2014-03-21,5.270737615959445,5.284982838990434,5.085549376923685,5.106917381286621,32107500,0.0,0.0
2014-03-24,5.135407523169855,5.228001637203232,5.042813409136478,5.1425299644470215,36671900,0.0,0.0
2014-03-25,5.192388821336765,5.2137568261189,5.121162704784508,5.206634044647217,17867700,0.0,0.0
2014-03-26,5.277860161199473,5.313473389292058,5.192388821336765,5.206634044647217,17432400,0.0,0.0
2014-03-27,5.185265805127274,5.206633467909603,5.135407359247046,5.17814302444458,14810200,0.0,0.0
2014-03-28,5.228001117706299,5.263613999819119,5.185265455391201,5.228001117706299,14101500,0.0,0.0
2014-03-31,5.270736780021395,5.299227221564793,5.213755896934599,5.228001117706299,18197100,0.0,0.0
2014-04-01,5.33484129336189,5.441680642791527,5.306350845465044,5.377577304840088,35257900,0.0,0.0
2014-04-02,5.434557914733887,5.455925579715952,5.3846994637208825,5.434557914733887,22512800,0.0,0.0
2014-04-03,5.491539075441199,5.51290674146571,5.377577284289327,5.427435398101807,14123300,0.0,0.0
2014-04-04,5.441680003996691,5.448802784951228,5.185266003025328,5.235124111175537,37128800,0.0,0.0
2014-04-07,5.228001637203232,5.26361452285484,5.08554907569814,5.1425299644470215,24756700,0.0,0.0
2014-04-08,5.406067636373689,5.541397430787258,5.356209183810925,5.398944854736328,67411500,0.0,0.0
2014-04-09,5.477294248735229,5.584133605504069,5.427435791674317,5.562765598297119,31367600,0.0,0.0
2014-04-10,5.562765487486943,5.584133494268242,5.3918227917683375,5.441680908203125,16290200,0.0,0.0
2014-04-11,5.334842021891696,5.406068490993476,5.249370666529129,5.27786111831665,16714000,0.0,0.0
2014-04-14,5.206633116732323,5.242246338477997,5.163897454417227,5.228001117706299,17307600,0.0,0.0
2014-04-15,5.18526647099065,5.228002141676064,5.02856867217788,5.092672348022461,25696900,0.0,0.0
2014-04-16,5.128285543159653,5.220879671653735,5.121163100770153,5.199512004852295,21293600,0.0,0.0
2014-04-17,5.263613999819119,5.277859220590818,5.220878337504022,5.228001117706299,15840300,0.0,0.0
2014-04-21,5.235124306673876,5.306350420714649,5.199511419469941,5.292105197906494,15390900,0.0,0.0
2014-04-22,5.377577455128217,5.377577455128217,5.306350993762594,5.320596218109131,16501200,0.0,0.0
2014-04-23,5.263615344889556,5.263615344889556,5.178143998417915,5.199512004852295,9125400,0.0,0.0
2014-04-24,5.1923892228298545,5.220879671653735,5.128285543159653,5.199512004852295,17567400,0.0,0.0
2014-04-25,5.2849823572548535,5.299227578987365,5.128284578564353,5.17814302444458,12353800,0.0,0.0
2014-04-28,5.135408211635931,5.142530653867951,4.985833188801259,5.007201194763184,40281100,0.0,0.0
2014-04-29,5.2422470878944045,5.327718424743332,5.106917301400485,5.292105197906494,63479700,0.0,0.0
2014-04-30,5.277859622991673,5.370453734883813,5.263614401133872,5.341963291168213,25498800,0.0,0.0
2014-05-01,5.3063507080078125,5.37045438393162,5.292105484428402,5.3063507080078125,11846300,0.0,0.0
2014-05-02,5.242246892130075,5.306350222556471,5.228001669853889,5.235124111175537,15419800,0.0,0.0
2014-05-05,5.192388246177091,5.235123911374625,5.156775022029375,5.17814302444458,9346600,0.0,0.0
2014-05-06,5.199511909789807,5.206634352049088,5.135408231291612,5.171021461486816,8130100,0.0,0.0
2014-05-07,5.185266093100523,5.206633757069545,5.135407644451315,5.192388534545898,12053200,0.0,0.0
2014-05-08,5.228002453676176,5.270738126911996,5.178143998417915,5.199512004852295,19359700,0.0,0.0
2014-05-09,5.1995114831289335,5.1995114831289335,5.106917363925824,5.15677547454834,16001700,0.0,0.0
2014-05-12,5.199511159860302,5.3134729366354705,5.192388378995412,5.299227714538574,11478400,0.0,0.0
2014-05-13,5.306351959545289,5.327719969770649,5.220880597909851,5.24937105178833,16412400,0.0,0.0
2014-05-14,5.256492612886377,5.277860278510536,5.178143713120975,5.185266494750977,20506100,0.0,0.0
2014-05-15,5.192389127897592,5.192389127897592,5.106917782988621,5.171021461486816,9864000,0.0,0.0
2014-05-16,5.135407809890949,5.171021037163809,5.099794582618089,5.15677547454834,9062600,0.0,0.0
2014-05-19,5.114039731161778,5.18526618467074,5.114039731161778,5.14965295791626,10813900,0.0,0.0
2014-05-20,5.228001178376244,5.228001178376244,5.142529513121316,5.163897514343262,10645700,0.0,0.0
2014-05-21,5.3205960490804625,5.434558179865262,5.299228383055951,5.427435398101807,31428100,0.0,0.0
2014-05-22,5.505784625268097,5.555643081665039,5.477294175793544,5.555643081665039,21850800,0.0,0.0
2014-05-23,5.548519918975962,5.598378371953733,5.541397476912238,5.584133148193359,12725600,0.0,0.0
2014-05-27,5.5556434580249325,5.612624360834137,5.548520675357297,5.598379135131836,12141600,0.0,0.0
2014-05-28,5.591254711151123,5.598377491727867,5.55564182716602,5.591254711151123,9206600,0.0,0.0
2014-05-29,5.562765331763441,5.641114234924316,5.562765331763441,5.641114234924316,9377200,0.0,0.0
2014-05-30,5.669603954384988,5.8049333974892905,5.641113509559568,5.790688514709473,23892300,0.0,0.0
2014-06-02,5.690972671270215,5.769321918487549,5.690972671270215,5.769321918487549,18223700,0.0,0.0
2014-06-03,5.676726553496097,5.712340119966693,5.648236107879103,5.683849334716797,14501800,0.0,0.0
2014-06-04,5.562764380534187,5.648235711385269,5.541396717637856,5.569887161254883,19073000,0.0,0.0
2014-06-05,5.648236957965683,5.740831429606176,5.626869290353452,5.726585865020752,13546700,0.0,0.0
2014-06-06,5.68384981157701,5.698095035580645,5.605500909740556,5.612623691558838,16336900,0.0,0.0
2014-06-09,5.5983782777814985,5.641113948343748,5.555642607219248,5.626868724822998,10524500,0.0,0.0
2014-06-10,5.655359216847644,5.755075782286048,5.648236435214154,5.740830898284912,18714100,0.0,0.0
2014-06-11,5.690971422576423,5.776442754114847,5.676726200653352,5.733707427978516,14061500,0.0,0.0
2014-06-12,5.740831429606176,5.8049344324428676,5.6909726328230965,5.726585865020752,20673200,0.0,0.0
2014-06-13,5.712340979701233,5.740831429606176,5.683850190163337,5.726585865020752,10269800,0.0,0.0
2014-06-16,5.676726553496097,5.705217338745993,5.6624813306876,5.683849334716797,10390900,0.0,0.0
2014-06-17,5.662482182918153,5.755076314925694,5.648236957965683,5.726585865020752,14962900,0.0,0.0
2014-06-18,5.790688530191737,5.947386316783398,5.769320866331988,5.933140754699707,32093900,0.0,0.0
2014-06-19,5.971840091264877,6.009780770800241,5.8959590940232856,5.926311492919922,21876900,0.511,0.0
2014-06-20,5.911136439510301,5.933900924010877,5.858019550228429,5.880784034729004,9381700,0.0,0.0
2014-06-23,5.994604481544331,5.994604481544331,5.949075883881458,5.987016201019287,10361500,0.0,0.0
2014-06-24,5.895959468567514,5.918723950100686,5.75178538373518,5.759373664855957,18741200,0.0,0.0
2014-06-25,5.797313977707804,5.873194979674695,5.789726058425695,5.8428425788879395,13865400,0.0,0.0
2014-06-26,5.8352540861822275,5.8428420047186815,5.766961010208528,5.82766580581665,7922800,0.0,0.0
2014-06-27,5.7745490074157715,5.812489321895862,5.736608331106576,5.7745490074157715,11745100,0.0,0.0
2014-06-30,5.766960423126021,5.789724900076182,5.736608028411865,5.736608028411865,7340100,0.0,0.0
2014-07-01,5.797313123738005,5.827665520053719,5.7669607274222905,5.7745490074157715,5742200,0.0,0.0
2014-07-02,5.804901403731486,5.820077601889343,5.7669607274222905,5.7745490074157715,7665200,0.0,0.0
2014-07-03,5.865607738494873,5.903548424779087,5.812490850062814,5.865607738494873,6397300,0.0,0.0
2014-07-07,5.766960718978621,5.804901395232266,5.751784520842984,5.782136917114258,7916400,0.0,0.0
2014-07-08,5.637964164304421,5.66072864771342,5.539319034409923,5.615200042724609,22043900,0.0,0.0
2014-07-09,5.637964346764324,5.721433639526367,5.622788144610243,5.721433639526367,11232900,0.0,0.0
2014-07-10,5.637964346764324,5.7669622459886085,5.622788144610243,5.721433639526367,12751300,0.0,0.0
2014-07-11,5.675904168286666,5.713844848805848,5.630375568761136,5.668315887451172,8127600,0.0,0.0
2014-07-14,5.706257248710426,5.729021732103502,5.675904845405785,5.6910810470581055,6108300,0.0,0.0
2014-07-15,5.668315321255732,5.67590360133325,5.592434329626098,5.6455512046813965,9355400,0.0,0.0
2014-07-16,5.691080675511245,5.713845157418121,5.660728274188184,5.698668956756592,7397300,0.0,0.0
2014-07-17,5.698668266074803,5.706256184571325,5.584846593993995,5.600022792816162,9598500,0.0,0.0
2014-07-18,5.774550056409482,5.789726257324219,5.713845252750534,5.789726257324219,25264900,0.0,0.0
2014-07-21,5.797314176867001,5.8276665786964745,5.759373855494745,5.789726257324219,16708200,0.0,0.0
2014-07-22,5.804901881277284,5.888371158926731,5.782137401253204,5.858018398284912,19906400,0.0,0.0
2014-07-23,5.81248960691462,5.850430285084259,5.789725489476135,5.82766580581665,14903500,0.0,0.0
2014-07-24,6.282952501546812,6.336069743548938,6.169131184050506,6.313304901123047,63892600,0.0,0.0
2014-07-25,6.229835123722345,6.2677757988728375,6.191894448571852,6.252599239349365,15948100,0.0,0.0
2014-07-28,6.229835775130149,6.245011612582258,6.1463668599978885,6.214659214019775,15782400,0.0,0.0
2014-07-29,6.214659815627038,6.24501221712777,6.169131575205106,6.2070722579956055,20177900,0.0,0.0
2014-07-30,6.1767191886901855,6.245011541939559,6.153954347282139,6.1767191886901855,9526400,0.0,0.0
2014-07-31,6.0628969121734615,6.0780734725102645,5.95666352261963,6.017368316650391,25109000,0.0,0.0
2014-08-01,6.009781748397731,6.024957950314727,5.880783851188664,5.918724536895752,19051000,0.0,0.0
2014-08-04,5.97942808755552,6.017368403457519,5.918723292649027,5.956663608551025,29640500,0.0,0.0
2014-08-05,6.062896900137393,6.085661740597406,5.903546997037545,5.9414873123168945,37857800,0.0,0.0
2014-08-06,5.880782497808644,5.918723174784215,5.850430100959831,5.873194217681885,13811600,0.0,0.0
2014-08-07,5.918724436062683,5.926312355977314,5.78972654105126,5.835255146026611,19841300,0.0,0.0
2014-08-08,5.812491428146648,5.82766763180385,5.766962817175045,5.804903507232666,10790100,0.0,0.0
2014-08-11,5.880782878308993,5.895959077715334,5.835254280089967,5.858018398284912,18212500,0.0,0.0
2014-08-12,5.86560667890265,5.880782878308993,5.804901881277284,5.858018398284912,8173100,0.0,0.0
2014-08-13,5.858018019257479,5.873194217681885,5.835253902535425,5.873194217681885,4847500,0.0,0.0
2014-08-14,5.903548334978756,5.926312456939653,5.888372133061758,5.918724536895752,20372500,0.0,0.0
2014-08-15,5.918724721620229,5.949077126401526,5.850431629947707,5.880784034729004,12936800,0.0,0.0
2014-08-18,5.918724155354039,5.933900356292725,5.9035479544153535,5.933900356292725,12791800,0.0,0.0
2014-08-19,5.971840321956687,6.085662364959717,5.956664121922113,6.085662364959717,54482400,0.0,0.0
2014-08-20,6.146367159873762,6.260188479121747,6.13877887894835,6.169131278991699,43178100,0.0,0.0
2014-08-21,6.267776383191327,6.3133046186897745,6.229835704503785,6.260188102722168,27013200,0.0,0.0
2014-08-22,6.214659815627038,6.237424659496337,6.176719856494873,6.2070722579956055,13364900,0.0,0.0
2014-08-25,6.237425039581834,6.275365724684297,6.222248476077497,6.267777442932129,25538900,0.0,0.0
2014-08-26,6.222247336065795,6.267776294578819,6.214659055703916,6.237423896789551,15103300,0.0,0.0
2014-08-27,6.153954347282139,6.207071586909326,6.1463667904710455,6.1767191886901855,6594500,0.0,0.0
2014-08-28,6.0628975170108275,6.1918953981096365,6.047721316989152,6.169131278991699,13815200,0.0,0.0
2014-08-29,6.343657598961541,6.3740099999648665,6.245012114786154,6.351245880126953,17134300,0.0,0.0
2014-09-02,6.298128799053763,6.351245315170174,6.282952238072927,6.328481197357178,11996600,0.0,0.0
2014-09-03,6.4347140510682435,6.442302331348136,6.343656858684248,6.366421699523926,18270600,0.0,0.0
2014-09-04,6.374010789913434,6.427128040995961,6.290541857724338,6.305718421936035,17794600,0.0,0.0
2014-09-05,6.336069743548938,6.351245581507912,6.27536494439647,6.313304901123047,12355400,0.0,0.0
2014-09-08,6.404362023922378,6.465067546013417,6.3815979054246625,6.442302703857422,25747600,0.0,0.0
2014-09-09,6.35883475916022,6.35883475916022,6.25260098383115,6.275365829467773,17633200,0.0,0.0
2014-09-10,6.320894324383585,6.351246729445778,6.275366078619506,6.343658447265625,11574900,0.0,0.0
2014-09-11,6.35883266507647,6.396773338317871,6.336068550594891,6.396773338317871,8397000,0.0,0.0
2014-09-12,6.411950682133604,6.419538963299015,6.336070041454452,6.351245880126953,10751900,0.0,0.0
2014-09-15,6.472656087152697,6.548537458559513,6.465068528938728,6.495420932769775,41539500,0.0,0.0
2014-09-16,6.442301669595398,6.51818301728332,6.396773439909175,6.503006458282471,12172800,0.0,0.0
2014-09-17,6.503006366872981,6.533358760789869,6.449889858432966,6.4802422523498535,21019800,0.0,0.0
2014-09-18,6.518186275330103,6.586479377653188,6.487833865815234,6.548538684844971,17273800,0.0,0.0
2014-09-19,6.6092426465526435,6.624418487512271,6.503008865201523,6.556126117706299,33471700,0.0,0.0
2014-09-22,6.571300684957764,6.586477246634167,6.487831766712423,6.533360004425049,21366000,0.0,0.0
2014-09-23,6.457479953765869,6.5105964771430385,6.419539269785738,6.457479953765869,12277500,0.0,0.0
2014-09-24,6.480243309979836,6.578888787224028,6.457479191741414,6.571300506591797,10520800,0.0,0.0
2014-09-25,6.548537458559513,6.571301580518201,6.457480247066369,6.495420932769775,13306600,0.0,0.0
2014-09-26,6.503007604730535,6.533360004425049,6.45747936701791,6.533360004425049,10697300,0.0,0.0
2014-09-29,6.449891387094166,6.503007908123101,6.427127267175812,6.487832069396973,8171400,0.0,0.0
2014-09-30,6.442303094640525,6.46506793817741,6.38918657370444,6.419538974761963,8485100,0.0,0.0
2014-10-01,6.320894047271789,6.320894047271789,6.199484432345689,6.222248554229736,15726600,0.0,0.0
2014-10-02,6.313305292205332,6.3512459749404595,6.146367446024101,6.290541172027588,18793200,0.0,0.0
2014-10-03,6.2070722489369725,6.313305292205332,6.1843074051008955,6.290541172027588,8948700,0.0,0.0
2014-10-06,6.495420637746,6.5105964771430385,6.41195098825804,6.457479953765869,19087000,0.0,0.0
2014-10-07,6.320893475401774,6.343657595226283,6.191895590299017,6.199483871459961,15568400,0.0,0.0
2014-10-08,6.153955490380955,6.290541669567132,6.10842724642449,6.275365829467773,16739500,0.0,0.0
2014-10-09,6.275364645605099,6.305717043736152,6.100837813607849,6.108426094055176,16608900,0.0,0.0
2014-10-10,6.138778663618217,6.146366944277454,5.987016306895694,5.994604587554932,17268600,0.0,0.0
2014-10-13,6.138778663618217,6.146366944277454,5.994604587554932,5.994604587554932,15489800,0.0,0.0
2014-10-14,6.078073677885949,6.116014356351731,5.971839922913408,6.040132999420166,25358000,0.0,0.0
2014-10-15,5.858018695930632,5.987016578353481,5.774549775869267,5.895959377288818,30148400,0.0,0.0
2014-10-16,5.766962155896592,5.979429344563738,5.751785953979596,5.918724536895752,20798400,0.0,0.0
2014-10-17,6.0021922241080485,6.070485299512887,5.987016025332431,6.024956703186035,10423400,0.0,0.0
2014-10-20,5.941487603356414,6.0021924002402445,5.926311404135457,5.987016201019287,9410100,0.0,0.0
2014-10-21,6.055309785864478,6.214659710123526,6.047721504703534,6.199483871459961,12318800,0.0,0.0
2014-10-22,6.229835457587166,6.245011294265742,5.994604199803413,6.017368316650391,42934400,0.0,0.0
2014-10-23,6.33606965303781,6.449890968908172,6.282952411794467,6.374009609222412,75787400,0.0,0.0
2014-10-24,6.404361831286585,6.404361831286585,6.267776400750348,6.328481197357178,14947100,0.0,0.0
2014-10-27,6.290541078120302,6.366422442457777,6.2222479949482405,6.351245880126953,17195400,0.0,0.0
2014-10-28,6.36642094445638,6.41194917341954,6.343656106316649,6.396773338317871,32892700,0.0,0.0
2014-10-29,6.328481090157354,6.3360693705192315,6.222247336065795,6.237423896789551,23607700,0.0,0.0
2014-10-30,6.267776170285073,6.290540287261036,6.245011329650879,6.245011329650879,22943700,0.0,0.0
2014-10-31,6.313305791545364,6.320894073424238,6.260189265710025,6.275365829467773,32661800,0.0,0.0
2014-11-03,6.358835011625931,6.404363257390011,6.336070888743891,6.343658447265625,20727700,0.0,0.0
2014-11-04,6.237423287673835,6.245010843636504,6.131189543956535,6.161541938781738,14700700,0.0,0.0
2014-11-05,6.24501211110898,6.252600392269923,6.191895590299017,6.199483871459961,8821200,0.0,0.0
2014-11-06,6.2070719599604605,6.252600198196335,6.169131278991699,6.169131278991699,8361400,0.0,0.0
2014-11-07,6.070486173865896,6.123602696316552,6.009781370019904,6.0780744552612305,13495100,0.0,0.0
2014-11-10,6.1084254287521755,6.169130218402583,6.078073033926972,6.161541938781738,7287100,0.0,0.0
2014-11-11,6.161543189313564,6.199483871459961,6.1463673506499985,6.199483871459961,5477500,0.0,0.0
2014-11-12,6.116014374502503,6.153954329422629,6.085661976371449,6.108426094055176,8711900,0.0,0.0
2014-11-13,6.207072636231539,6.275365724684297,6.176720232881244,6.267777442932129,15178800,0.0,0.0
2014-11-14,6.032545674252815,6.0553101573028805,5.888371941642741,5.964252948760986,38723200,0.0,0.0
2014-11-17,5.827666292124974,5.850430773292237,5.789725972618407,5.820078372955322,23331900,0.0,0.0
2014-11-18,5.98701591963501,6.0780734725102645,5.979428001295722,6.017368316650391,27581300,0.0,0.0
2014-11-19,5.9718396883550815,5.97942796848184,5.865606299384237,5.873194217681885,10847000,0.0,0.0
2014-11-20,5.96425208387904,6.002192401021809,5.895959006461273,5.903547286987305,7364300,0.0,0.0
2014-11-21,6.062897108116813,6.131190184523101,6.032544710120491,6.047720909118652,19199500,0.0,0.0
2014-11-24,6.131189543956535,6.207070892848631,6.12360126433569,6.161541938781738,18855500,0.0,0.0
2014-11-25,6.153953659160893,6.207070892848631,6.153953659160893,6.161541938781738,15559400,0.0,0.0
2014-11-26,6.237424055685335,6.245011612582258,6.214659214019775,6.214659214019775,7638900,0.0,0.0
2014-11-28,6.252599239349365,6.305716474023331,6.229835123722345,6.252599239349365,6818900,0.0,0.0
2014-12-01,6.328480788157979,6.328480788157979,6.267775995476318,6.282951831817627,10933900,0.0,0.0
2014-12-02,6.328481854762716,6.336070136041408,6.245012208013767,6.290541172027588,17353400,0.0,0.0
2014-12-03,6.199483218638405,6.252599733855062,6.16154254048726,6.237423896789551,24702200,0.0,0.0
2014-12-04,6.184306745501279,6.222247424189767,6.131190229532347,6.1767191886901855,8797200,0.0,0.0
2014-12-05,6.1994839676582805,6.313305292205332,6.1994839676582805,6.290541172027588,16942300,0.0,0.0
2014-12-08,6.313304404236999,6.351245081635759,6.222247212674915,6.245011329650879,23391400,0.0,0.0
2014-12-09,6.13877887894835,6.1843071171842245,6.100838197979589,6.169131278991699,9793100,0.0,0.0
2014-12-10,6.222247999182752,6.252600400206733,6.085662556403997,6.1160149574279785,13409000,0.0,0.0
2014-12-11,6.153954722371575,6.1691312842352986,6.070485803095993,6.085662364959717,15089700,0.0,0.0
2014-12-12,6.116013361087536,6.1236009166193615,5.964251033749948,5.97183895111084,14086500,0.0,0.0
2014-12-15,6.002192085203894,6.0173682836283,5.835253902535425,5.873194217681885,14770400,0.0,0.0
2014-12-16,5.797314647914969,5.979429435518314,5.7745505256078005,5.865607738494873,20673900,0.0,0.0
2014-12-17,5.842842975542611,6.009781553031933,5.842842975542611,5.964252948760986,17209700,0.0,0.0
2014-12-18,6.032545574996495,6.123602782040181,5.979429051802266,6.100838661193848,13472900,0.0,0.0
2014-12-19,5.95666437207486,6.055309857356827,5.95666437207486,6.002192974090576,14030600,0.0,0.0
2014-12-22,6.002192320954384,6.055309198440654,5.994604402358703,6.040132999420166,7607600,0.0,0.0
2014-12-23,6.078074256114644,6.153954896606751,6.070485974967937,6.131190776824951,9369900,0.0,0.0
2014-12-24,6.1084262874315085,6.176719366302918,6.1084262874315085,6.1387786865234375,2962100,0.0,0.0
2014-12-26,6.1463673506499985,6.22224799128447,6.138779069489055,6.199483871459961,3080700,0.0,0.0
2014-12-29,6.123602782040181,6.138779345043306,6.085662821849078,6.100838661193848,4197300,0.0,0.0
2014-12-30,6.070486250355229,6.093250371169722,6.032545566558838,6.032545566558838,9102400,0.0,0.0
2014-12-31,6.024957754455582,6.070486358726529,5.95666466713457,5.964252948760986,4354700,0.0,0.0
2015-01-02,6.047721691509063,6.093250294393557,6.0173692895860675,6.0780744552612305,7918100,0.0,0.0
2015-01-05,5.87319430417412,5.8807825844126285,5.759372995229427,5.8124895095825195,13274100,0.0,0.0
2015-01-06,5.759374325826168,5.797314650296769,5.6607288309100445,5.721433639526367,12899300,0.0,0.0
2015-01-07,5.721431831054787,5.766960423126021,5.6910794363406305,5.736608028411865,11571800,0.0,0.0
2015-01-08,5.721432973392993,5.812490175715894,5.713845054113997,5.766961574554443,11394800,0.0,0.0
2015-01-09,5.744197750392728,5.751785670062077,5.683492583892053,5.7290215492248535,8303000,0.0,0.0
2015-01-12,5.744198028966504,5.744198028966504,5.66831665761797,5.706257343292236,5049800,0.0,0.0
2015-01-13,5.744197257934645,5.782137576687066,5.615199378152292,5.6607279777526855,9635800,0.0,0.0
2015-01-14,5.804902258819073,5.850430859999207,5.7290212568521826,5.8428425788879395,22680800,0.0,0.0
2015-01-15,5.668315693628727,5.698668454103677,5.6227870956600015,5.63796329498291,13794100,0.0,0.0
2015-01-16,5.653138762033392,5.744196308004947,5.622786367319235,5.736608028411865,8478500,0.0,0.0
2015-01-20,5.827666292124974,5.842842492293432,5.744197372113034,5.820078372955322,11814600,0.0,0.0
2015-01-21,5.804900944043927,5.873193649431663,5.774548550131806,5.850429534912109,7095400,0.0,0.0
2015-01-22,5.926310361458284,6.009779623402504,5.903546247546539,5.97183895111084,13248200,0.0,0.0
2015-01-23,6.062897304342387,6.108426264639539,5.987016306895694,5.994604587554932,10392100,0.0,0.0
2015-01-26,6.032545386064385,6.085662631253399,6.00219298466709,6.070486068725586,20090600,0.0,0.0
2015-01-27,6.085662736656565,6.108426857184226,6.024957570981402,6.0780744552612305,12502600,0.0,0.0
2015-01-28,6.161542672974864,6.169130953499908,5.979428282323374,5.987016201019287,28758900,0.0,0.0
2015-01-29,5.971841249072895,5.979429531182823,5.7973147406658345,5.880784034729004,25483200,0.0,0.0
2015-01-30,5.858018776877344,5.880783258372649,5.766961574554443,5.766961574554443,15509400,0.0,0.0
2015-02-02,5.751785374167293,5.782137774941593,5.683492291510538,5.766961574554443,14713800,0.0,0.0
2015-02-03,5.903546247546539,5.9794272303008,5.865605575254875,5.97183895111084,10988200,0.0,0.0
2015-02-04,5.873195469258143,5.911136154318863,5.835255146026611,5.835255146026611,8460000,0.0,0.0
2015-02-05,5.888371753476668,5.956664476786167,5.88078347209274,5.933900356292725,7253700,0.0,0.0
2015-02-06,5.933901419233496,5.933901419233496,5.789727303575465,5.804903507232666,9419000,0.0,0.0
2015-02-09,5.698669517209846,5.744198123672088,5.691081235218205,5.721433639526367,10208500,0.0,0.0
2015-02-10,5.8807831771113745,5.9035476582921165,5.850430776756487,5.895959377288818,11278800,0.0,0.0
2015-02-11,5.903548048981498,5.971840773384946,5.880783566294231,5.9490766525268555,12543000,0.0,0.0
2015-02-12,6.024956791535973,6.070485388530456,6.002192312124168,6.047720909118652,8423400,0.0,0.0
2015-02-13,6.078074084027855,6.116014765028865,6.055309603061419,6.085662364959717,9556500,0.0,0.0
2015-02-17,6.0553100576720045,6.138779345043306,6.032545574996495,6.100838661193848,10239500,0.0,0.0
2015-02-18,6.100838078597969,6.123602197270456,6.055309479423852,6.093249797821045,9887600,0.0,0.0
2015-02-19,6.108426359374893,6.138778758824304,6.085662240702406,6.093249797821045,10335000,0.0,0.0
2015-02-20,6.040132999749478,6.131190193877369,6.017368520302942,6.123601913452148,11976500,0.0,0.0
2015-02-23,6.0401329905341345,6.070485388530456,6.01736851112233,6.047720909118652,10335300,0.0,0.0
2015-02-24,6.032545490547565,6.0780744552612305,6.009781370019904,6.0780744552612305,4808300,0.0,0.0
2015-02-25,6.078074084027855,6.116014765028865,6.078074084027855,6.085662364959717,5702200,0.0,0.0
2015-02-26,6.085662736656565,6.108426857184226,6.047721691509063,6.0780744552612305,8367300,0.0,0.0
2015-02-27,6.0401337719429,6.108426857184226,6.002193088624569,6.0780744552612305,6413900,0.0,0.0
2015-03-02,6.078074256114644,6.138779057971658,6.078074256114644,6.131190776824951,5811000,0.0,0.0
2015-03-03,6.1387790772813835,6.176719759475941,6.070485994062845,6.1160149574279785,12508100,0.0,0.0
2015-03-04,6.070485415476795,6.131190211738902,6.032544736898414,6.108426094055176,11348000,0.0,0.0
2015-03-05,6.108426676257403,6.123602514940232,6.078074275233421,6.1160149574279785,19748900,0.0,0.0
2015-03-06,6.032544503182268,6.047720701659831,5.926311113839332,5.9414873123168945,18332800,0.0,0.0
2015-03-09,5.95666466713457,5.987017069981868,5.918724344490039,5.964252948760986,26485600,0.0,0.0
2015-03-10,5.8731951814406855,5.888371744184592,5.782137975952264,5.789726257324219,25530700,0.0,0.0
2015-03-11,5.804902929903491,5.903548424779087,5.789726727755646,5.865607738494873,21384200,0.0,0.0
2015-03-12,5.835254280089967,5.873194597691254,5.797313600659545,5.858018398284912,36966900,0.0,0.0
2015-03-13,5.820078459212451,5.8428425788879395,5.782137777314427,5.8428425788879395,35419300,0.0,0.0
2015-03-16,5.827665929043506,5.92631140490714,5.820078010346604,5.903547286987305,33374800,0.0,0.0
2015-03-17,5.842842492293432,5.880783173629152,5.804902172786864,5.820078372955322,44033200,0.0,0.0
2015-03-18,5.81248972906371,6.017368599461202,5.81248972906371,5.987016201019287,35287800,0.0,0.0
2015-03-19,5.888371087764371,5.9414876041300735,5.880782807238339,5.903547286987305,52579500,0.0,0.0
2015-03-20,5.949076747337338,6.032545674252815,5.926312264287272,5.964252948760986,53649100,0.0,0.0
2015-03-23,5.9870162100281314,6.017368608515719,5.949075892833213,5.979428291320801,9077400,0.0,0.0
2015-03-24,6.040133848049787,6.078074531846178,6.002193164253396,6.032545566558838,16058000,0.0,0.0
2015-03-25,6.085662921979361,6.093250479947411,5.964252948760986,5.964252948760986,12626200,0.0,0.0
2015-03-26,5.820078170561171,5.827666089466952,5.766961290904141,5.797313690185547,15758100,0.0,0.0
2015-03-27,5.8428425788879395,5.865607060392585,5.820078459212451,5.8428425788879395,9046200,0.0,0.0
2015-03-30,5.835255334199182,5.8807839406427185,5.804902929903491,5.865607738494873,17730000,0.0,0.0
2015-03-31,5.789725959570529,5.850430760107553,5.7517852783203125,5.7517852783203125,28576300,0.0,0.0
2015-04-01,5.744197750392728,5.774550152728477,5.691080865390579,5.7290215492248535,11958100,0.0,0.0
2015-04-02,5.804903507232666,5.842843835461052,5.789727303575465,5.804903507232666,8233000,0.0,0.0
2015-04-06,5.8200790435206775,5.964253142646742,5.80490284160368,5.918724536895752,14339000,0.0,0.0
2015-04-07,5.850430100959831,5.89595869623305,5.842841820833073,5.873194217681885,12223800,0.0,0.0
2015-04-08,5.873194217681885,5.89595869623305,5.842841820833073,5.873194217681885,15093700,0.0,0.0
2015-04-09,5.82766705221066,5.888372222631242,5.782138445767123,5.865607738494873,49841500,0.0,0.0
2015-04-10,5.858018825065814,6.146367358451959,5.835254705212409,6.1160149574279785,37090000,0.0,0.0
2015-04-13,6.2070718827290055,6.351245600226459,6.100838122069947,6.298129081726074,74468600,0.0,0.0
2015-04-14,6.116014356351731,6.123601913118287,5.971839922913408,6.040132999420166,80269800,0.0,0.0
2015-04-15,6.04013385961757,6.078074543486623,5.7821380776980345,5.9490766525268555,120783300,0.0,0.0
2015-04-16,5.949076258824449,5.956664177998594,5.858018695930632,5.895959377288818,53359800,0.0,0.0
2015-04-17,5.858017907792443,5.88078238591045,5.759372800825354,5.782136917114258,89883400,0.0,0.0
2015-04-20,5.751784529264434,5.812489321895862,5.744196611100057,5.7745490074157715,36237900,0.0,0.0
2015-04-21,5.9490766525268555,5.987016974566731,5.911135968657803,5.9490766525268555,43060500,0.0,0.0
2015-04-22,6.055309868026939,6.085662631253399,6.009781265930997,6.070486068725586,31755100,0.0,0.0
2015-04-23,5.941487409824402,6.009780485008767,5.918723292649027,5.956663608551025,19785400,0.0,0.0
2015-04-24,5.949075304891794,5.956663222849218,5.835253640897662,5.888370513916016,19508300,0.0,0.0
2015-04-27,5.858020039118252,5.865608321861472,5.782139020832246,5.804903507232666,25312100,0.0,0.0
2015-04-28,5.804902172786864,5.827666292124974,5.766961491451144,5.820078372955322,26102400,0.0,0.0
2015-04-29,5.721432384827631,5.759373062807118,5.66072758952375,5.6834917068481445,38665300,0.0,0.0
2015-04-30,5.683491350505213,5.683491350505213,4.95503349070229,4.992973804473877,82617900,0.0,0.0
2015-05-01,5.053678681423032,5.053678681423032,4.901916700112381,4.932269096374512,36115300,0.0,0.0
2015-05-04,5.02332551842706,5.02332551842706,4.947444539353806,4.962620735168457,34622400,0.0,0.0
2015-05-05,4.992953156646617,5.008507512832475,4.899627019531472,4.961844444274902,32912200,0.159,0.0
2015-05-06,5.117387887060341,5.125165250394855,4.961844328821007,5.039616107940674,52050800,0.0,0.0
2015-05-07,5.179605697352297,5.296263560170482,5.132942626394048,5.226268768310547,53082300,0.0,0.0
2015-05-08,5.358480123900264,5.436251896287665,5.335148777606576,5.389588832855225,45295900,0.0,0.0
2015-05-11,5.428475238367662,5.475138304670268,5.335149105762451,5.358480453491211,14493000,0.0,0.0
2015-05-12,5.350703498605161,5.358480490954091,5.304040431976318,5.304040431976318,11255800,0.0,0.0
2015-05-13,5.420698285281913,5.428475649009884,5.319595152734101,5.342926502227783,15929500,0.0,0.0
2015-05-14,5.38181183968598,5.444029257580259,5.335148776265272,5.4284749031066895,14197500,0.0,0.0
2015-05-15,5.342925949615878,5.3895890146220555,5.319594602535326,5.366257667541504,11277400,0.0,0.0
2015-05-18,5.3118174548112975,5.467361381978572,5.288486106785515,5.412920951843262,24263900,0.0,0.0
2015-05-19,5.4284749031066895,5.459583612053828,5.405143185973803,5.4284749031066895,12223000,0.0,0.0
2015-05-20,5.482915691851465,5.584018817194552,5.459583973175314,5.545133113861084,21113600,0.0,0.0
2015-05-21,5.638458874679921,5.778448064960855,5.63068151201956,5.70845365524292,24714700,0.0,0.0
2015-05-22,5.638459761117786,5.654014118038789,5.615128040313721,5.615128040313721,10207300,0.0,0.0
2015-05-26,5.591797025298626,5.607351383151322,5.521802229538925,5.584019660949707,15818700,0.0,0.0
2015-05-27,5.654013448971694,5.739562587336321,5.630681730928585,5.716230869293213,12093600,0.0,0.0
2015-05-28,5.677345091945251,5.74733950345891,5.66956772908536,5.739562511444092,9784600,0.0,0.0
2015-05-29,5.747339357388411,5.762893711867802,5.630681513370446,5.669567584991455,10813600,0.0,0.0
2015-06-01,5.700676476678078,5.708453839589598,5.615127338876728,5.646236419677734,8845000,0.0,0.0
2015-06-02,5.739562513818022,5.739562513818022,5.6773450942934485,5.700676441192627,14429700,0.0,0.0
2015-06-03,5.7473399087153325,5.762894264686811,5.6928998482377065,5.724008560180664,10603200,0.0,0.0
2015-06-04,5.739562364194239,5.817334136572535,5.700676292582559,5.70845365524292,15822100,0.0,0.0
2015-06-05,5.568464611653372,5.599573323495953,5.5218015438895005,5.537355899810791,11084300,0.0,0.0
2015-06-08,5.529579304720257,5.560688018798828,5.498470590641686,5.560688018798828,8856300,0.0,0.0
2015-06-09,5.537356297817338,5.599573725974479,5.521801940778052,5.560688018798828,8081200,0.0,0.0
2015-06-10,5.615127160256816,5.6540132318872836,5.584018451290468,5.63068151473999,7871100,0.0,0.0
2015-06-11,5.622905404196783,5.646237125000848,5.5762423334337745,5.615128040313721,8409200,0.0,0.0
2015-06-12,5.52957875835868,5.5995731726969575,5.521801395184934,5.545133113861084,7031700,0.0,0.0
2015-06-15,5.42069794000946,5.467361377714815,5.397366592001873,5.451807022094727,13343500,0.0,0.0
2015-06-16,5.552910804748535,5.5995738771259855,5.514025096523226,5.552910804748535,9220900,0.0,0.0
2015-06-17,5.50624718796821,5.568464611653372,5.4906928320469195,5.537355899810791,8226300,0.0,0.0
2015-06-18,5.514023968399155,5.747339282552011,5.506246605838198,5.654013156890869,22507900,0.0,0.0
2015-06-19,5.661791668878353,5.6851230196077145,5.568465153425505,5.591796875,6107000,0.0,0.0
2015-06-22,5.708453986636181,5.739562697393456,5.661790920500269,5.677345275878906,9284900,0.0,0.0
2015-06-23,5.708453804055735,5.716230796073771,5.66956773143034,5.700676441192627,9503300,0.0,0.0
2015-06-24,5.638459610870542,5.677345687559417,5.615127890688194,5.622905254364014,6416900,0.0,0.0
2015-06-25,5.591795813954586,5.63068151473999,5.545132750505063,5.63068151473999,14437200,0.0,0.0
2015-06-26,5.630682247194722,5.646236974546362,5.584019177675138,5.622905254364014,16374500,0.0,0.0
2015-06-29,5.389588759019028,5.428474830102529,5.350703058780585,5.374034404754639,15557100,0.0,0.0
2015-06-30,5.374035143333488,5.3818125069570915,5.241822928493109,5.327372074127197,20651700,0.0,0.0
2015-07-01,5.4206984729623615,5.428475836959606,5.296263615767454,5.3195953369140625,12222600,0.0,0.0
2015-07-02,5.319596098019228,5.319596098019228,5.226269570925159,5.234046936035156,9363400,0.0,0.0
2015-07-06,5.062947827099122,5.179605310356075,5.016284388782226,5.039616107940674,16717700,0.0,0.0
2015-07-07,4.985175204415954,5.094056055703975,4.868517732221026,5.0785017013549805,29292100,0.0,0.0
2015-07-08,4.961844707846604,5.000730414954293,4.907404272881691,4.915181636810303,16885700,0.0,0.0
2015-07-09,5.078502260885761,5.094056616948477,5.016284465789795,5.016284465789795,17691000,0.0,0.0
2015-07-10,5.296263003222589,5.296263003222589,5.164050797321579,5.210713863372803,19590900,0.0,0.0
2015-07-13,5.218490123748779,5.26515317993961,5.202935771685169,5.218490123748779,14859400,0.0,0.0
2015-07-14,5.187383857910712,5.241823930299974,5.171829498535897,5.234046936035156,19793400,0.0,0.0
2015-07-15,5.218491818137487,5.234046175251431,5.148497025702175,5.171828746795654,10421600,0.0,0.0
2015-07-16,5.241823462910242,5.26515518531467,5.164051672970727,5.195160388946533,12208400,0.0,0.0
2015-07-17,5.3195958253662985,5.327372819232511,5.257378391055959,5.280709743499756,13523500,0.0,0.0
2015-07-20,5.311817278139805,5.319594641119784,5.2729315757751465,5.2729315757751465,9736300,0.0,0.0
2015-07-21,5.249599456787109,5.280708164641207,5.226267740474011,5.249599456787109,9144200,0.0,0.0
2015-07-22,5.218491482272525,5.2340458383853825,5.1796054065678305,5.202937126159668,8298400,0.0,0.0
2015-07-23,5.226268768310547,5.257377853127836,5.210714411324464,5.226268768310547,11293900,0.0,0.0
2015-07-24,5.342927189649203,5.342927189649203,5.218492320752795,5.241823673248291,9621800,0.0,0.0
2015-07-27,5.218491079877843,5.241822426825513,5.171828015137432,5.179605007171631,6793900,0.0,0.0
2015-07-28,5.148496150970459,5.164050505441712,5.094056095743606,5.148496150970459,12040500,0.0,0.0
2015-07-29,5.109611106026264,5.164051168240423,5.078502393090999,5.1251654624938965,11361700,0.0,0.0
2015-07-30,5.304040991189792,5.482916284215339,5.296263627175795,5.467361927032471,24935000,0.0,0.0
2015-07-31,5.459583684018312,5.521801102732698,5.444029329339715,5.48291540145874,12749200,0.0,0.0
2015-08-03,5.4440292589489365,5.467360976087688,5.3740344783777445,5.389588832855225,9507800,0.0,0.0
2015-08-04,5.389589572060261,5.412921292399058,5.319595152734101,5.342926502227783,8041900,0.0,0.0
2015-08-05,5.358480786931391,5.389589499735585,5.327372074127197,5.327372074127197,6832200,0.0,0.0
2015-08-06,5.358481124288633,5.366258488401881,5.288486701495069,5.296263694763184,9326700,0.0,0.0
2015-08-07,5.265154212795168,5.2729315757751465,5.21849114745053,5.2729315757751465,7238300,0.0,0.0
2015-08-10,5.265154719173653,5.358480858838609,5.265154719173653,5.342926502227783,4840600,0.0,0.0
2015-08-11,5.226267997843156,5.234045360612203,5.117387514991963,5.164050579071045,10741300,0.0,0.0
2015-08-12,5.109610523067983,5.18738229653312,5.0629474589889,5.164050579071045,12271500,0.0,0.0
2015-08-13,5.179604933764073,5.226267997843156,5.164050579071045,5.164050579071045,7850900,0.0,0.0
2015-08-14,5.148495928397056,5.164050282195882,5.109610229322514,5.140718936920166,5269600,0.0,0.0
2015-08-17,5.086278513201751,5.1562732907189925,5.062947167926035,5.140718936920166,5755100,0.0,0.0
2015-08-18,5.164050431366141,5.171827793912737,5.117387368621739,5.132941722869873,5545400,0.0,0.0
2015-08-19,5.055170870830129,5.07072522790657,4.977399085447922,5.024062156677246,10512300,0.0,0.0
2015-08-20,4.977398436864827,4.9929527919144485,4.845186233520508,4.845186233520508,8707000,0.0,0.0
2015-08-21,4.884072647702401,4.922958352619946,4.751860435123523,4.775191783905029,14495500,0.0,0.0
2015-08-24,4.541876134183311,4.572984844347984,4.440772640725582,4.565207481384277,28244600,0.0,0.0
2015-08-25,4.860739909377298,4.899625976990326,4.697419018754618,4.705196380615234,22792000,0.0,0.0
2015-08-26,4.954066793321399,4.954066793321399,4.73630581935402,4.860740661621094,24241100,0.0,0.0
2015-08-27,4.915181636810303,4.9385129869058915,4.8529638379167785,4.915181636810303,12284100,0.0,0.0
2015-08-28,4.868518565774002,4.954067343917992,4.86074120184539,4.915181636810303,7936500,0.0,0.0
2015-08-31,4.876295166634836,4.88407252993788,4.806300380287823,4.852963447570801,10224300,0.0,0.0
2015-09-01,4.75186014175415,4.806300199446724,4.712974068392243,4.75186014175415,12230900,0.0,0.0
2015-09-02,4.837408542633057,4.85296289662821,4.767414135077396,4.837408542633057,10791700,0.0,0.0
2015-09-03,4.884073734283447,4.946291172669384,4.860742009466128,4.884073734283447,8746300,0.0,0.0
2015-09-04,4.83740831815134,4.84518568021053,4.7751909050579515,4.790745258331299,6751800,0.0,0.0
2015-09-08,4.930736355255941,4.961845071560477,4.891850274452695,4.954067707061768,7257800,0.0,0.0
2015-09-09,5.086279665218893,5.117388379862515,4.992953521288027,5.000730514526367,16544000,0.0,0.0
2015-09-10,5.07072536147806,5.117388433936569,5.055171003991891,5.094057083129883,9497900,0.0,0.0
2015-09-11,5.078503062283093,5.094057420800316,5.01628525736904,5.062948703765869,10213400,0.0,0.0
2015-09-14,5.156273513628617,5.164050505441712,5.125164804686111,5.148496150970459,10565500,0.0,0.0
2015-09-15,5.140719085416469,5.164050431366141,5.109610376920202,5.132941722869873,6573500,0.0,0.0
2015-09-16,5.210714411324464,5.257377853127836,5.187383061267901,5.226268768310547,8640100,0.0,0.0
2015-09-17,5.210714956024189,5.311818472425101,5.195160597412138,5.241823673248291,13101200,0.0,0.0
2015-09-18,5.2418222026068095,5.2418222026068095,5.117387368621739,5.132941722869873,12816900,0.0,0.0
2015-09-21,5.17182786809987,5.195159214384217,5.132941796499207,5.148496150970459,7472000,0.0,0.0
2015-09-22,5.062947971430725,5.09405668396542,5.024061895339801,5.070724964141846,7393800,0.0,0.0
2015-09-23,5.1796057399300635,5.210714454157952,5.132942668588231,5.171828746795654,9777300,0.0,0.0
2015-09-24,5.140719305310491,5.179605007171631,5.086278877690807,5.179605007171631,8849500,0.0,0.0
2015-09-25,5.140719267152181,5.17182797674821,5.078501847960124,5.109610557556152,20040200,0.0,0.0
2015-09-28,5.0862795849830125,5.0862795849830125,5.016284792716463,5.024062156677246,9704800,0.0,0.0
2015-09-29,5.04739204592524,5.164049875655048,5.039615055060595,5.117386817932129,9825600,0.0,0.0
2015-09-30,5.288485930890025,5.311817278139805,5.24182249470031,5.2729315757751465,15397500,0.0,0.0
2015-10-01,5.234046469338864,5.241823462910242,5.1329429569949205,5.195160388946533,9587900,0.0,0.0
2015-10-02,5.234045216375139,5.381811767309363,5.21849086211075,5.374034404754639,15404200,0.0,0.0
2015-10-05,5.366257486561536,5.428474904471456,5.358480123900264,5.389588832855225,8805000,0.0,0.0
2015-10-06,5.41292054863312,5.459583612053828,5.38181183968598,5.4284749031066895,17520000,0.0,0.0
2015-10-07,5.436252587683746,5.4751386642456055,5.3818125255112745,5.4751386642456055,11190400,0.0,0.0
2015-10-08,5.412921238422718,5.490693020701327,5.374035161860859,5.4751386642456055,9771500,0.0,0.0
2015-10-09,5.420697540447374,5.451806620239576,5.366257485212411,5.4284749031066895,12424800,0.0,0.0
2015-10-12,5.381811767309363,5.41292047583814,5.35848005049025,5.374034404754639,4488200,0.0,0.0
2015-10-13,5.389588642142082,5.397366004528148,5.288485527038574,5.288485527038574,11157000,0.0,0.0
2015-10-14,5.374034404754639,5.381811767309363,5.327371341961473,5.374034404754639,13135300,0.0,0.0
2015-10-15,5.389589441904994,5.514024662631683,5.3818124492099475,5.498470306396484,12314800,0.0,0.0
2015-10-16,5.428475523641809,5.4595842361450195,5.389589447590242,5.4595842361450195,5592200,0.0,0.0
2015-10-19,5.436252295629548,5.459584014482226,5.412920947621961,5.451807022094727,6097200,0.0,0.0
2015-10-20,5.37403487734017,5.412920951843262,5.366257884946607,5.412920951843262,7506100,0.0,0.0
2015-10-21,5.4362517466060085,5.4518064715002685,5.381811692856311,5.397366046905518,6375800,0.0,0.0
2015-10-22,5.428475451998111,5.467361527536468,5.412921095951788,5.444029808044434,7563500,0.0,0.0
2015-10-23,5.288486701495069,5.350704131020518,5.2651549800004585,5.296263694763184,9766100,0.0,0.0
2015-10-26,5.218491775240066,5.2496004892122325,5.179605697352297,5.226268768310547,7397800,0.0,0.0
2015-10-27,5.179604228229355,5.195158580803662,5.078501121918871,5.117386817932129,8278600,0.0,0.0
2015-10-28,5.101833160298935,5.226267997843156,5.086278805605907,5.164050579071045,8806800,0.0,0.0
2015-10-29,5.164050872660059,5.716231051922944,5.164050872660059,5.692899703979492,58373000,0.0,0.0
2015-10-30,5.7784488373372325,5.809557550446697,5.762894480782499,5.770671844482422,18362700,0.0,0.0
2015-11-02,5.794002310577874,5.8095566647612955,5.762893602211031,5.786225318908691,7286400,0.0,0.0
2015-11-03,5.80955764459005,5.9106611492567405,5.786226294802425,5.895106792449951,18664900,0.0,0.0
2015-11-04,5.926215692247781,5.9339930563180765,5.8717756271362305,5.8717756271362305,20200100,0.0,0.0
2015-11-05,5.887329841690071,5.902884198608408,5.817335050134992,5.840666770935059,7609600,0.0,0.0
2015-11-06,5.809557686253262,5.848443763971667,5.747340258579913,5.840666770935059,7611900,0.0,0.0
2015-11-09,5.794003415682859,5.809557772833002,5.755117708230062,5.778449058532715,7454200,0.0,0.0
2015-11-10,5.60735104727578,5.638459761117786,5.584019326471715,5.615128040313721,7509900,0.0,0.0
2015-11-11,5.700675889631085,5.747338949759691,5.6773445449893005,5.685121536254883,4944900,0.0,0.0
2015-11-12,5.70067751052715,5.731786226124818,5.654014437130649,5.661791801452637,11217300,0.0,0.0
2015-11-13,5.576242526359827,5.576242526359827,5.514025096523226,5.552910804748535,8651100,0.0,0.0
2015-11-16,5.568465283814492,5.677346159251471,5.552910926015659,5.661791801452637,7790300,0.0,0.0
2015-11-17,5.615127487121973,5.6695679164046755,5.599573131733356,5.638459205627441,10813300,0.0,0.0
2015-11-18,5.638458476126277,5.700675889631085,5.6151267606394555,5.685121536254883,9857500,0.0,0.0
2015-11-19,5.64623616517497,5.70067621972144,5.638458802614012,5.654013156890869,5179300,0.0,0.0
2015-11-20,5.724008377703503,5.755117088654737,5.71623101454315,5.747339725494385,5860700,0.0,0.0
2015-11-23,5.692899703979492,5.755117126288816,5.677345348402161,5.692899703979492,7680700,0.0,0.0
2015-11-24,5.630681693854694,5.677345129633666,5.607350346810282,5.646236419677734,5811200,0.0,0.0
2015-11-25,5.63068184251059,5.677345279521527,5.615127487121973,5.638459205627441,3997600,0.0,0.0
2015-11-27,5.591796875,5.599573868294743,5.576242517565381,5.591796875,1425600,0.0,0.0
2015-11-30,5.599573462686909,5.62290518257136,5.576242113647565,5.607350826263428,5117500,0.0,0.0
2015-12-01,5.747340273473484,5.762894630432129,5.708454566499434,5.762894630432129,10120100,0.0,0.0
2015-12-02,5.755116610541848,5.8173340272755345,5.755116610541848,5.786225318908691,10742900,0.0,0.0
2015-12-03,5.794002644695112,5.809556999775492,5.700676514212834,5.716230869293213,11130400,0.0,0.0
2015-12-04,5.6695684886802615,5.778448987390774,5.6617914956235,5.762894630432129,10173100,0.0,0.0
2015-12-07,5.739562511444092,5.76289385833362,5.708453801694672,5.739562511444092,7528300,0.0,0.0
2015-12-08,5.6306827150098275,5.669568794929483,5.57624264813648,5.661791801452637,10214300,0.0,0.0
2015-12-09,5.552910367797125,5.568464724032323,5.436252510610588,5.498470306396484,12686800,0.0,0.0
2015-12-10,5.4518072434417695,5.506247304899836,5.428475523641809,5.4595842361450195,8936600,0.0,0.0
2015-12-11,5.3818120225435635,5.405143369624114,5.350703312539445,5.366257667541504,8896100,0.0,0.0
2015-12-14,5.381812389123214,5.420698093854506,5.319594964877066,5.405143737792969,12379600,0.0,0.0
2015-12-15,5.381812240578825,5.451807026346353,5.37403487734017,5.412920951843262,8103000,0.0,0.0
2015-12-16,5.514024805958153,5.54513351923716,5.459584372297333,5.529579162597656,13030200,0.0,0.0
2015-12-17,5.475138525492436,5.490692881553973,5.397366745184751,5.405143737792969,9419800,0.0,0.0
2015-12-18,5.342926687215544,5.358481044364908,5.28070925861809,5.3195953369140625,13718600,0.0,0.0
2015-12-21,5.537356083731397,5.560687803810834,5.482916021621229,5.51402473449707,15142800,0.0,0.0
2015-12-22,5.584019326471715,5.6306823972347235,5.537356255708707,5.615128040313721,10772600,0.0,0.0
2015-12-23,5.552910804748535,5.584019519666835,5.537356447289384,5.552910804748535,6413000,0.0,0.0
2015-12-24,5.560687469363489,5.568464461692147,5.521801395184934,5.545133113861084,2462400,0.0,0.0
2015-12-28,5.552910110150115,5.560687473329407,5.490692688096121,5.506247043609619,5552200,0.0,0.0
2015-12-29,5.584019106378977,5.62290518257136,5.568464750071046,5.607350826263428,8123300,0.0,0.0
2015-12-30,5.622905042800437,5.622905042800437,5.537355899810791,5.537355899810791,7337700,0.0,0.0
2015-12-31,5.529579024699798,5.529579024699798,5.436252516345059,5.4595842361450195,8572500,0.0,0.0
2016-01-04,5.54513395174054,5.591797025298626,5.459584798128143,5.584019660949707,13237000,0.0,0.0
2016-01-05,5.545133661759542,5.607351089916684,5.498470590641686,5.560688018798828,12266600,0.0,0.0
2016-01-06,5.428475266042128,5.545133117815909,5.428475266042128,5.506247043609619,13954400,0.0,0.0
2016-01-07,5.459584659993633,5.5995738771259855,5.459584659993633,5.552910804748535,20079700,0.0,0.0
2016-01-08,5.747339505836058,5.7784482155983445,5.685122086311484,5.700676441192627,33961400,0.0,0.0
2016-01-11,5.832889270701352,5.871775347510739,5.731785767673035,5.770671844482422,32497400,0.0,0.0
2016-01-12,5.794003336791855,5.832889414560306,5.747340265976788,5.801780700683594,16690600,0.0,0.0
2016-01-13,5.809558015118987,5.8328897372398085,5.646237443653804,5.661791801452637,15172900,0.0,0.0
2016-01-14,5.65401337421065,5.770671221193512,5.615127301601339,5.739562511444092,18241300,0.0,0.0
2016-01-15,5.584018155998281,5.646235941485862,5.50624638769511,5.5684638023376465,17789300,0.0,0.0
2016-01-19,5.584019510860124,5.622905589869238,5.529579445261524,5.591796875,15240400,0.0,0.0
2016-01-20,5.529579090934991,5.560687803810834,5.389589512148593,5.51402473449707,21060600,0.0,0.0
2016-01-21,5.42847558866595,5.560687803810834,5.358480799272751,5.51402473449707,23463300,0.0,0.0
2016-01-22,5.599572983898762,5.685122121700112,5.584018628920796,5.646236419677734,14340200,0.0,0.0
2016-01-25,5.560686810929852,5.615126863319549,5.537355095016379,5.5684638023376465,12732000,0.0,0.0
2016-01-26,5.591797005935314,5.677346159251471,5.591797005935314,5.661791801452637,9155300,0.0,0.0
2016-01-27,5.5529109452443155,5.677346178911024,5.529579593887844,5.584019660949707,16205600,0.0,0.0
2016-01-28,5.560688026622852,5.568465019730875,5.45958452030268,5.521801948547363,17393400,0.0,0.0
2016-01-29,5.482916122211078,5.615127968936417,5.475138758426879,5.599573612213135,19596900,0.0,0.0
2016-02-01,4.961844779383596,4.961844779383596,4.89962735043818,4.930736064910889,55605600,0.0,0.0
2016-02-02,4.922956967736049,4.930734329038759,4.829630857173516,4.86851692199707,35920200,0.0,0.0
2016-02-03,4.946290783028133,4.977399499770531,4.88407334954334,4.9696221351623535,27099400,0.0,0.0
2016-02-04,4.860740810873844,4.94628995298185,4.852963447570801,4.852963447570801,14136600,0.0,0.0
2016-02-05,4.790744977787512,4.814076691753756,4.611869740196354,4.635201454162598,25551800,0.0,0.0
2016-02-08,4.565208622779152,4.572985987687359,4.4952141928311455,4.541877269744873,14680200,0.0,0.0
2016-02-09,4.53409909635487,4.619648240864897,4.5185447401571475,4.5729851722717285,14991700,0.0,0.0
2016-02-10,4.604093180222026,4.635201887857712,4.518544048801368,4.5263214111328125,15662200,0.0,0.0
2016-02-11,4.52632210367856,4.674088672979479,4.495213391283115,4.5729851722717285,23490300,0.0,0.0
2016-02-12,4.557430744171143,4.565207736724754,4.495213320361859,4.557430744171143,20890200,0.0,0.0
2016-02-16,4.580763001285202,4.619649084301725,4.557431648151426,4.611871719360352,6997700,0.0,0.0
2016-02-17,4.705197076226909,4.767414496929897,4.674088365875416,4.75186014175415,12827700,0.0,0.0
2016-02-18,4.790746140041068,4.814077859667677,4.7674147912595615,4.775191783905029,9840800,0.0,0.0
2016-02-19,4.7051968587656265,4.7051968587656265,4.604093369373459,4.666310787200928,25908400,0.0,0.0
2016-02-22,4.705197361328872,4.821854846793059,4.697419997847205,4.814077854156494,18309500,0.0,0.0
2016-02-23,4.790745921306723,4.798523284442196,4.712974144177409,4.7285284996032715,10990600,0.0,0.0
2016-02-24,4.642980363814492,4.767415604987164,4.619649011050668,4.744083881378174,9928000,0.0,0.0
2016-02-25,4.744083284044443,4.837409425039256,4.736306291050768,4.821855068206787,8115700,0.0,0.0
2016-02-26,4.775190934819614,4.782968296927278,4.705196530075825,4.736305236816406,8092500,0.0,0.0
2016-02-29,4.697419898661319,4.736305973558371,4.650756831291913,4.689642906188965,24579400,0.0,0.0
2016-03-01,4.744083071632953,4.790746140041068,4.720751722851446,4.775191783905029,10348500,0.0,0.0
2016-03-02,4.736306403190253,4.790746467970288,4.728529039167317,4.7829694747924805,8130000,0.0,0.0
2016-03-03,4.712974144177409,4.7285284996032715,4.674088441035296,4.7285284996032715,10137000,0.0,0.0
2016-03-04,4.775192110769545,4.814078189193966,4.751860760390995,4.7829694747924805,9634300,0.0,0.0
2016-03-07,4.728529039167317,4.7829694747924805,4.72075204598951,4.7829694747924805,6128000,0.0,0.0
2016-03-08,4.63520193107801,4.650756285040886,4.5807615067854135,4.596315860748291,12327600,0.0,0.0
2016-03-09,4.580761833604277,4.62742489882213,4.557430486417889,4.604093551635742,8857400,0.0,0.0
2016-03-10,4.642978368800731,4.689641795968181,4.572983969739568,4.619647026062012,16461200,0.0,0.0
2016-03-11,4.697420305206942,4.697420305206942,4.627425512672476,4.674088954925537,9498600,0.0,0.0
2016-03-14,4.681864665878412,4.728527724507031,4.674087674862822,4.705196380615234,7960100,0.0,0.0
2016-03-15,4.6896433120615155,4.697420305206942,4.650757233799006,4.674088954925537,9710700,0.0,0.0
2016-03-16,4.604093582162015,4.75186014175415,4.5963162191516025,4.75186014175415,16342500,0.0,0.0
2016-03-17,4.720751762390137,4.751860474922765,4.697420042568113,4.720751762390137,7333200,0.0,0.0
2016-03-18,4.720751507312883,4.790745921306723,4.697419788751547,4.7285284996032715,12252400,0.0,0.0
2016-03-21,4.736305973558371,4.759637321820526,4.689642906188965,4.689642906188965,5889800,0.0,0.0
2016-03-22,4.635203233509755,4.720752389766304,4.635203233509755,4.712975025177002,7818100,0.0,0.0
2016-03-23,4.658533611878299,4.666310974842006,4.557430489265648,4.565207481384277,11187400,0.0,0.0
2016-03-24,4.495213031768799,4.510767386722529,4.4641039510162654,4.495213031768799,10634300,0.0,0.0
2016-03-28,4.518544673919678,4.5496533858590995,4.4952133253876605,4.518544673919678,4556200,0.0,0.0
2016-03-29,4.518544017803159,4.604093148636932,4.495212672658977,4.580761432647705,11751300,0.0,0.0
2016-03-30,4.674088550399163,4.720751617768569,4.642979467974465,4.689642906188965,10291400,0.0,0.0
2016-03-31,4.650756285040886,4.666310639003764,4.5807615067854135,4.596315860748291,14016400,0.0,0.0
2016-04-01,4.479659223006094,4.541876650406992,4.46410449531075,4.510767936706543,14514500,0.0,0.0
2016-04-04,4.518544745803106,4.5885395342028685,4.471881677151631,4.534099102020264,22731900,0.0,0.0
2016-04-05,4.518544123414396,4.541875839948952,4.456326707115653,4.464103698730469,12000600,0.0,0.0
2016-04-06,4.526322180849036,4.54965353012085,4.495213467923209,4.54965353012085,6829300,0.0,0.0
2016-04-07,4.5029897693397105,4.518544123414396,4.440772353040966,4.464103698730469,12325400,0.0,0.0
2016-04-08,4.650757233799006,4.697420305206942,4.627425512672476,4.674088954925537,18834700,0.0,0.0
2016-04-11,4.619647577115132,4.627424568674045,4.588538869189378,4.596315860748291,11604800,0.0,0.0
2016-04-12,4.518544668867792,4.572985100123463,4.48743595696315,4.557430744171143,7463700,0.0,0.0
2016-04-13,4.6274252539471465,4.736306118656451,4.6274252539471465,4.720751762390137,10630000,0.0,0.0
2016-04-14,4.790746538755218,4.821855253616345,4.767415188031939,4.798523902893066,8728600,0.0,0.0
2016-04-15,4.7440834751824505,4.767415196793744,4.7285291177233,4.759637832641602,5248200,0.0,0.0
2016-04-18,4.7440833258152,4.790746396723467,4.736306332753051,4.7674150466918945,6030900,0.0,0.0
2016-04-19,4.884072379968711,4.907403727471246,4.85296329855686,4.860740661621094,8469300,0.0,0.0
2016-04-20,4.74408339636806,4.814078189193966,4.74408339636806,4.7829694747924805,8457400,0.0,0.0
2016-04-21,4.720750733491441,4.744082077383237,4.681864665878412,4.705196380615234,16700700,0.0,0.0
2016-04-22,4.666311077899821,4.736305862738746,4.658533714764347,4.7285284996032715,13116700,0.0,0.0
2016-04-25,4.61964790670836,4.635202261780977,4.56520747853166,4.604093551635742,21803500,0.0,0.0
2016-04-26,4.63520193107801,4.650756285040886,4.5729845152265005,4.596315860748291,10588500,0.0,0.0
2016-04-27,4.588539560240783,4.650756985462471,4.5807621966655185,4.642979621887207,10752000,0.0,0.0
2016-04-28,4.62742489882213,4.650756616853595,4.588539196563125,4.604093551635742,17824100,0.0,0.0
2016-04-29,4.642979256795962,4.642979256795962,4.534098771219604,4.565207481384277,14445500,0.0,0.0
2016-05-02,4.611871719360352,4.635203443339299,4.572986007189001,4.611871719360352,8223400,0.0,0.0
2016-05-03,4.604093180222026,4.604093180222026,4.51076705731497,4.5263214111328125,17362500,0.0,0.0
2016-05-04,4.510768273364757,4.526322631375871,4.440773476892171,4.479659557342529,15909700,0.0,0.0
2016-05-05,4.425218105316162,4.45632681421316,4.401886388220882,4.425218105316162,7982400,0.0,0.0
2016-05-06,4.409664154052734,4.41744114656552,4.3630010864407325,4.409664154052734,17038300,0.0,0.0
2016-05-09,4.409663750867663,4.45632681421316,4.409663750867663,4.425218105316162,17666900,0.0,0.0
2016-05-10,4.1141305709128435,4.238565404244859,4.090799225085618,4.129684925079346,53014200,0.0,0.0
2016-05-11,4.121908593259247,4.129685586164921,4.08302251619553,4.106354236602783,20502700,0.0,0.0
2016-05-12,4.083022046723231,4.090799409579767,3.9741415626472323,4.028581619262695,24363100,0.0,0.0
2016-05-13,4.075244683866695,4.106353764447768,3.997472909526696,4.028581619262695,17094900,0.0,0.0
2016-05-16,4.013027661807285,4.059690731032357,3.9508102361738553,4.051913738250732,31185000,0.0,0.0
2016-05-17,4.013027781341571,4.036359502071633,3.9663647107265665,3.974142074584961,31036200,0.0,0.0
2016-05-18,4.044136374623999,4.114131163884162,4.020805025434018,4.051913738250732,17250500,0.0,0.0
2016-05-19,4.013027518700174,4.03635923790324,3.9896961703422025,4.0208048820495605,8308200,0.0,0.0
2016-05-20,4.020805025434018,4.075245087440714,4.013027661807285,4.051913738250732,11921000,0.0,0.0
2016-05-23,4.059689998626709,4.090799076676167,4.044135645024501,4.059689998626709,19387300,0.0,0.0
2016-05-24,4.090799224509259,4.1763479869904385,4.090799224509259,4.1685709953308105,14429700,0.0,0.0
2016-05-25,4.285228698371353,4.355223104424113,4.2774513361182445,4.3396687507629395,18417900,0.0,0.0
2016-05-26,4.3707780113307,4.378555374568254,4.316337952048187,4.355223655700684,12901400,0.0,0.0
2016-05-27,4.32411494444065,4.378555374568254,4.316337952048187,4.355223655700684,8354600,0.0,0.0
2016-05-31,4.409664920601541,4.448550631615311,4.40188755589169,4.4329962730407715,11816800,0.0,0.0
2016-06-01,4.409664154052734,4.425218509923401,4.3785554423113995,4.409664154052734,7262500,0.0,0.0
2016-06-02,4.363001707054197,4.41744177492279,4.355224342590027,4.4018874168396,7325700,0.0,0.0
2016-06-03,4.448549451566379,4.45632681421316,4.3863320337723835,4.425218105316162,10393000,0.0,0.0
2016-06-06,4.41744177492279,4.432996133005981,4.386333058756409,4.4018874168396,13708500,0.0,0.0
2016-06-07,4.448550631615311,4.456327996325162,4.417441914466231,4.4329962730407715,10865000,0.0,0.0
2016-06-08,4.464103698730469,4.479658423650208,4.440772353040966,4.464103698730469,12810000,0.0,0.0
2016-06-09,4.425219209527628,4.448550561599647,4.386333128280724,4.4174418449401855,8661100,0.0,0.0
2016-06-10,4.378555224849133,4.409663935045443,4.339669151681205,4.363000869750977,12515100,0.0,0.0
2016-06-13,4.363001707054197,4.479659578100701,4.347447348971007,4.4018874168396,16929500,0.0,0.0
2016-06-14,4.355223359988124,4.370777714562025,4.277451587118617,4.331892013549805,12550700,0.0,0.0
2016-06-15,4.339668898582129,4.4174406695370845,4.331891906909162,4.370777606964111,10618700,0.0,0.0
2016-06-16,4.402813890248542,4.509598255157471,4.369957102325208,4.509598255157471,12541300,0.299,0.0
2016-06-17,4.509597937607106,4.542455114900558,4.435670365827236,4.53424072265625,12585700,0.0,0.0
2016-06-20,4.591740449768185,4.599954450608586,4.558883663038993,4.5670976638793945,5594400,0.0,0.0
2016-06-21,4.575312214283842,4.6081690021468225,4.550669427544703,4.591740608215332,9035400,0.0,0.0
2016-06-22,4.60816844139425,4.624596833326625,4.567097265721435,4.583525657653809,10191300,0.0,0.0
2016-06-23,4.7067402262419975,4.7231686231769965,4.657455035436999,4.682097434997559,8795200,0.0,0.0
2016-06-24,4.148173934437403,4.337100676616774,4.139959540928636,4.279601097106934,35261100,0.0,0.0
2016-06-27,4.279600551612861,4.279600551612861,4.115316619216198,4.172815799713135,16257500,0.0,0.0
2016-06-28,4.38638504233934,4.443884219412672,4.36174225810522,4.40281343460083,13597200,0.0,0.0
2016-06-29,4.534240800182096,4.558883585652579,4.509598014711613,4.550669193267822,12157600,0.0,0.0
2016-06-30,4.6163819690414885,4.68209553004534,4.5835251885395625,4.673881530761719,10695800,0.0,0.0
2016-07-01,4.632811622207874,4.673882804873243,4.616383227478492,4.649240016937256,10884600,0.0,0.0
2016-07-05,4.419242301179475,4.435670695204224,4.378171120275696,4.411027908325195,18461800,0.0,0.0
2016-07-06,4.337100259564567,4.386385440826416,4.287814686618915,4.386385440826416,13223000,0.0,0.0
2016-07-07,4.328885315282692,4.394598881925626,4.320671315294202,4.378170490264893,19301200,0.0,0.0
2016-07-08,4.4685263611521755,4.517811530850315,4.46031197036063,4.47674036026001,7854500,0.0,0.0
2016-07-11,4.558883663038993,4.591740449768185,4.550669270514799,4.5670976638793945,7016300,0.0,0.0
2016-07-12,4.6163830032706645,4.632811397202154,4.591740608215332,4.591740608215332,7320700,0.0,0.0
2016-07-13,4.805308977319216,4.8710225427613505,4.7806665861202875,4.838165760040283,16431000,0.0,0.0
2016-07-14,4.903880925214432,4.920309321934198,4.846381732537192,4.871024131774902,11087100,0.0,0.0
2016-07-15,4.854594788613022,4.87102318212994,4.829952394179543,4.862809181213379,8439000,0.0,0.0
2016-07-18,4.805309772491455,4.846380953531033,4.780667377214757,4.805309772491455,10919200,0.0,0.0
2016-07-19,4.756024047020917,4.772452439223534,4.682096086267258,4.690310478210449,9112100,0.0,0.0
2016-07-20,4.7724524362175,4.797095220347787,4.747810043770979,4.780666828155518,6243700,0.0,0.0
2016-07-21,4.797095220347787,4.8217376127943075,4.756024044025231,4.780666828155518,6180800,0.0,0.0
2016-07-22,4.797095376651108,4.82173776990055,4.764238591196,4.813523769378662,10122900,0.0,0.0
2016-07-25,4.764238830334126,4.788881224820478,4.698524864441658,4.7724528312683105,10360400,0.0,0.0
2016-07-26,4.739596366882324,4.772453156223873,4.71495357903425,4.739596366882324,8279900,0.0,0.0
2016-07-27,4.788880984445442,4.838166162628104,4.764238591196,4.813523769378662,12122000,0.0,0.0
2016-07-28,4.698525108818894,4.731382289315977,4.673882713050855,4.723167896270752,16288000,0.0,0.0
2016-07-29,4.73138236538885,4.7478107600596235,4.6985251843634765,4.739596366882324,9546200,0.0,0.0
2016-08-01,4.673882804873243,4.6903111996026245,4.632811622207874,4.649240016937256,9484800,0.0,0.0
2016-08-02,4.649239868497146,4.657454261441482,4.591740684622045,4.608169078826904,11614200,0.0,0.0
2016-08-03,4.575311189255941,4.747809482732912,4.5670967982886,4.673881530761719,26928400,0.0,0.0
2016-08-04,4.509598335912002,4.542455516107525,4.4192423633467115,4.517812728881836,59015900,0.0,0.0
2016-08-05,4.484954831616197,4.534240002199661,4.476740440677093,4.493168830871582,16456300,0.0,0.0
2016-08-08,4.501383940699899,4.534240726336237,4.48495554788173,4.526026725769043,9541100,0.0,0.0
2016-08-09,4.575312911152372,4.6492404992621275,4.575312911152372,4.641026496887207,11539800,0.0,0.0
2016-08-10,4.68209553004534,4.690309921012681,4.641024750259793,4.673881530761719,10615900,0.0,0.0
2016-08-11,4.657455035436999,4.714954228867557,4.657455035436999,4.682097434997559,4892000,0.0,0.0
2016-08-12,4.739595730247218,4.747810122321138,4.69852455324516,4.7149529457092285,5644100,0.0,0.0
2016-08-15,4.739596522560762,4.764239311218262,4.714953733903263,4.764239311218262,14298700,0.0,0.0
2016-08-16,4.731381495282798,4.756023886915284,4.723167103616134,4.747809886932373,11825200,0.0,0.0
2016-08-17,4.68209553004534,4.706738311263644,4.649238749543414,4.673881530761719,13174600,0.0,0.0
2016-08-18,4.673882713050855,4.731382289315977,4.673882713050855,4.723167896270752,9549800,0.0,0.0
2016-08-19,4.6738819286367725,4.706738711935708,4.641025145337837,4.657453536987305,10907000,0.0,0.0
2016-08-22,4.641026496887207,4.6492404992621275,4.599955309961001,4.641026496887207,11523900,0.0,0.0
2016-08-23,4.657453693805215,4.714952870672492,4.649239301862024,4.690310478210449,13776700,0.0,0.0
2016-08-24,4.723167896270752,4.756024685084017,4.7149535032255265,4.723167896270752,7299100,0.0,0.0
2016-08-25,4.690311829306998,4.7067402262419975,4.665669038062559,4.682097434997559,4586600,0.0,0.0
2016-08-26,4.673881530761719,4.731381092481948,4.649238749543414,4.673881530761719,8050100,0.0,0.0
2016-08-29,4.657453140510755,4.690309921012681,4.649238749543414,4.673881530761719,3092300,0.0,0.0
2016-08-30,4.69852455324516,4.73138172985707,4.690310552855012,4.7149529457092285,6603900,0.0,0.0
2016-08-31,4.69031032028624,4.714952711918565,4.624596753688369,4.657453536987305,7524700,0.0,0.0
2016-09-01,4.682096806396021,4.698525201125403,4.624597620685096,4.649240016937256,6699000,0.0,0.0
2016-09-02,4.690311187436285,4.739596371496589,4.673882792749517,4.731382369995117,5520500,0.0,0.0
2016-09-06,4.7149529457092285,4.739595730247218,4.70673894531908,4.7149529457092285,4781100,0.0,0.0
2016-09-07,4.756024195405189,4.838166158981039,4.756024195405189,4.821737766265869,8347800,0.0,0.0
2016-09-08,4.788881301879883,4.7970956946300465,4.747810513180481,4.788881301879883,8230100,0.0,0.0
2016-09-09,4.731383017486436,4.739597020111996,4.682097434997559,4.682097434997559,13606200,0.0,0.0
2016-09-12,4.5506697225728185,4.673882880889031,4.542455720916449,4.665668487548828,18320700,0.0,0.0
2016-09-13,4.624597391818981,4.632811392935258,4.558883816153544,4.599954605102539,18870400,0.0,0.0
2016-09-14,4.558883910363379,4.591740698875087,4.509598335912002,4.517812728881836,22157700,0.0,0.0
2016-09-15,4.4849556970564155,4.5670976638793945,4.47674130453222,4.5670976638793945,15569400,0.0,0.0
2016-09-16,4.460312050482606,4.501383221810685,4.435669661032732,4.493168830871582,14984900,0.0,0.0
2016-09-19,4.4931695484489245,4.558883511405381,4.4931695484489245,4.526026725769043,5608400,0.0,0.0
2016-09-20,4.53424112313769,4.53424112313769,4.493169941656148,4.517812728881836,5179800,0.0,0.0
2016-09-21,4.542454873664752,4.583525657653809,4.517812089924311,4.583525657653809,8012300,0.0,0.0
2016-09-22,4.7149529457092285,4.723167337783149,4.690310552855012,4.7149529457092285,14045100,0.0,0.0
2016-09-23,4.641026015414478,4.682096806396021,4.632811622207874,4.649240016937256,7359600,0.0,0.0
2016-09-26,4.608168122483941,4.641024904074822,4.608168122483941,4.616382122039795,5833900,0.0,0.0
2016-09-27,4.583525733051556,4.698524478469875,4.583525733051556,4.690310478210449,6159100,0.0,0.0
2016-09-28,4.70673894531908,4.723167337783149,4.6656677683170225,4.7149529457092285,5130000,0.0,0.0
2016-09-29,4.723167738563848,4.756024526280022,4.682096558076727,4.6985249519348145,5827600,0.0,0.0
2016-09-30,4.7313824409361755,4.7888816273600785,4.7231680476277145,4.7560248374938965,8956900,0.0,0.0
2016-10-03,4.739596290677385,4.756024685084017,4.723167896270752,4.723167896270752,5647900,0.0,0.0
2016-10-04,4.747809886932373,4.788880670214436,4.714952711949469,4.747809886932373,5806100,0.0,0.0
2016-10-05,4.7395956548183005,4.7395956548183005,4.673882086007833,4.690310478210449,13053200,0.0,0.0
2016-10-06,4.591740371824031,4.591740371824031,4.534240800182096,4.550669193267822,18095400,0.0,0.0
2016-10-07,4.443884679310805,4.517812647980208,4.443884679310805,4.509598255157471,13812900,0.0,0.0
2016-10-10,4.517812885139763,4.567098069611956,4.509598491885817,4.542455673217773,9067700,0.0,0.0
2016-10-11,4.501384833968064,4.501384833968064,4.4110284596956575,4.427456855773926,13911100,0.0,0.0
2016-10-12,4.230314971656384,4.254957363342529,4.181029796600342,4.181029796600342,32049600,0.0,0.0
2016-10-13,4.0742444177114,4.0742444177114,4.008530861245683,4.057816028594971,23210800,0.0,0.0
2016-10-14,4.098888245771408,4.1399594288355175,4.066031455993652,4.066031455993652,8422100,0.0,0.0
2016-10-17,4.074245924850345,4.098888321798821,4.057817529656749,4.082459926605225,6319500,0.0,0.0
2016-10-18,4.115317339337465,4.139959737667134,4.0906745493239365,4.123531341552734,8455000,0.0,0.0
2016-10-19,4.098887446656404,4.098887446656404,4.066030663284374,4.090673446655273,5479900,0.0,0.0
2016-10-20,4.08245913342239,4.1235303092685625,4.08245913342239,4.107101917266846,6489200,0.0,0.0
2016-10-21,4.057816425544066,4.066030425063955,4.024959644097048,4.041388034820557,10177100,0.0,0.0
2016-10-24,4.074245924850345,4.098888321798821,4.066031531411628,4.082459926605225,5761600,0.0,0.0
2016-10-25,4.049603136218031,4.0906743200439415,4.041389134463151,4.082459926605225,9113200,0.0,0.0
2016-10-26,4.1646025715450605,4.27138695157145,4.1646025715450605,4.238530158996582,16725600,0.0,0.0
2016-10-27,3.93460393625287,3.93460393625287,3.868890362720397,3.8853187561035156,36409600,0.0,0.0
2016-10-28,3.7538916253113745,3.7949624131053117,3.7292488392879757,3.7456772327423096,27200200,0.0,0.0
2016-10-31,3.7128206155437042,3.721035008488242,3.6717494341886403,3.6799638271331787,14435700,0.0,0.0
2016-11-01,3.6553206478710503,3.671749040314012,3.614249862605532,3.647106647491455,21474000,0.0,0.0
2016-11-02,3.6388922554280883,3.6799634323773787,3.6224638629851267,3.647106647491455,11712400,0.0,0.0
2016-11-03,3.638892255852278,3.6553206482971548,3.5978214705819718,3.6060354709625244,16909000,0.0,0.0
2016-11-04,3.5485364577986327,3.5649648510053202,3.532108064591945,3.5403220653533936,12419900,0.0,0.0
2016-11-07,3.6799634323773787,3.688177432756974,3.606035470542165,3.647106647491455,19614600,0.0,0.0
2016-11-08,3.6306782550484935,3.6553206478710503,3.589607078099203,3.647106647491455,10485100,0.0,0.0
2016-11-09,3.581392840701205,3.663534797479817,3.5731784491814707,3.655320405960083,11165500,0.0,0.0
2016-11-10,3.679963346994215,3.7210345229905646,3.655320563059653,3.6881773471832275,11349600,0.0,0.0
2016-11-11,3.638892893956553,3.6553212892822593,3.5813937061585017,3.63067889213562,11802600,0.0,0.0
2016-11-14,3.5485364577986327,3.556750458560081,3.515679671385257,3.5403220653533936,12622900,0.0,0.0
2016-11-15,3.343180892586763,3.40889445648406,3.318538110283408,3.4006800651550293,33821900,0.0,0.0
2016-11-16,3.3678229666945128,3.417108134985609,3.3678229666945128,3.384251356124878,13836600,0.0,0.0
2016-11-17,3.441752043771976,3.466394440157695,3.4006808608840062,3.408895254135132,10611600,0.0,0.0
2016-11-18,3.449966040614182,3.4581804338540567,3.408895249466292,3.417109251022339,6631700,0.0,0.0
2016-11-21,3.4171086177733603,3.4335370095248186,3.400680226021902,3.425323009490967,6049500,0.0,0.0
2016-11-22,3.4253235625357488,3.4499659582997624,3.417109169491865,3.4417519569396973,7696800,0.0,0.0
2016-11-23,3.4088951681318003,3.4499659582997624,3.3924667737278513,3.4417519569396973,6472600,0.0,0.0
2016-11-25,3.564964689619761,3.5813930820827373,3.540321905083411,3.5567502975463867,8090000,0.0,0.0
2016-11-28,3.5156799988169407,3.523894000343398,3.482822817659633,3.4992516040802,8120800,0.0,0.0
2016-11-29,3.5074656765101384,3.54032246664782,3.499251674817635,3.5238940715789795,6298800,0.0,0.0
2016-11-30,3.548536940745897,3.5567509426252513,3.523894151740147,3.5321085453033447,10212900,0.0,0.0
2016-12-01,3.532108070868858,3.5403220716449035,3.491036891937256,3.491036891937256,7047400,0.0,0.0
2016-12-02,3.4746077060699463,3.4992504861441267,3.449964925995766,3.4746077060699463,6893700,0.0,0.0
2016-12-05,3.5567505967614568,3.704606533050537,3.548536595680844,3.704606533050537,18421000,0.0,0.0
2016-12-06,3.729247972496695,3.7785331414043166,3.704605583884737,3.7538907527923584,18245300,0.0,0.0
2016-12-07,3.7949627096523906,3.885319076553779,3.786748708125261,3.8606762886047363,17711600,0.0,0.0
2016-12-08,3.80317736571677,3.819605761590291,3.7456777843175186,3.76210618019104,22302200,0.0,0.0
2016-12-09,3.778533775347721,3.819604952169974,3.7621053829555744,3.794962167739868,12020400,0.0,0.0
2016-12-12,3.786749198274007,3.836034388867636,3.7785348039997966,3.80317759513855,15823100,0.0,0.0
2016-12-13,3.8606769118843633,3.934604895982828,3.8606769118843633,3.893533706665039,12149100,0.0,0.0
2016-12-14,3.893533078080909,3.9428186539789944,3.8606762886047363,3.8606762886047363,15086100,0.0,0.0
2016-12-15,3.868890519614966,3.918175701762976,3.8442477326990563,3.8771045207977295,13169400,0.0,0.0
2016-12-16,3.992104128177451,4.049603318095549,3.9756757322460152,4.008532524108887,13242300,0.0,0.0
2016-12-19,4.049602351340805,4.057816743187442,4.000317175312264,4.016745567321777,13690200,0.0,0.0
2016-12-20,4.0085316487024345,4.041388433389851,3.9921032563587264,4.024960041046143,16273300,0.0,0.0
2016-12-21,4.074245392490749,4.098887786219336,3.8360334974675374,3.909961462020874,29817600,0.0,0.0
2016-12-22,3.9017473077136393,3.9099617005802125,3.868890519614966,3.8771045207977295,9596300,0.0,0.0
2016-12-23,3.9756757322460152,4.016746526232677,3.96746133843837,4.008532524108887,9611800,0.0,0.0
2016-12-27,4.041388429940076,4.049602430263034,4.024960037610392,4.03317403793335,6461800,0.0,0.0
2016-12-28,3.992103825722902,3.992103825722902,3.9263902469758296,3.9428186416625977,7878300,0.0,0.0
2016-12-29,3.9756745468454753,4.000316937553243,3.942817764779293,3.9674601554870605,8880300,0.0,0.0
2016-12-30,4.000317098374713,4.008531490063364,3.9263895315956217,3.9510319232940674,12208500,0.0,0.0
2017-01-03,3.9099621719907214,3.934604570193869,3.9017477781337675,3.9181761741638184,7883000,0.0,0.0
2017-01-04,3.9428192651536107,3.983890062523279,3.934604870669345,3.9756760597229004,10247100,0.0,0.0
2017-01-05,3.983888864344988,4.041388433389851,3.96746047200128,4.024960041046143,9878400,0.0,0.0
2017-01-06,4.049602034340445,4.098887206510973,4.024959644097048,4.041388034820557,18078800,0.0,0.0
2017-01-09,3.992102937878567,4.008531328911658,3.9263893737462014,3.9674601554870605,14555100,0.0,0.0
2017-01-10,3.983890062523279,3.992104457007545,3.9510332679539895,3.9756760597229004,7725100,0.0,0.0
2017-01-11,3.926389694213867,3.926389694213867,3.8935325177821793,3.926389694213867,8978200,0.0,0.0
2017-01-12,3.8606762886047363,3.8688906818156927,3.8278194991285632,3.8606762886047363,15366500,0.0,0.0
2017-01-13,3.9181753810009323,3.942818165899457,3.8688902028876617,3.901746988296509,17246200,0.0,0.0
2017-01-17,3.9017481012021524,3.9181764985924903,3.8606769118843633,3.893533706665039,9241400,0.0,0.0
2017-01-18,3.8524627685546875,3.8935335646909786,3.844248374317104,3.8524627685546875,6642200,0.0,0.0
2017-01-19,3.8606769118843633,3.893533706665039,3.8606769118843633,3.893533706665039,7660700,0.0,0.0
2017-01-20,3.901747069655487,3.9181754627024747,3.8688902835615124,3.909961462020874,6356100,0.0,0.0
2017-01-23,3.8442471027374268,3.8442471027374268,3.7949619286658405,3.8442471027374268,8763000,0.0,0.0
2017-01-24,3.7949619315837784,3.852461497220047,3.7785335402139513,3.8360331058502197,21812500,0.0,0.0
2017-01-25,3.770319774993533,3.803176559777827,3.7621053829555744,3.794962167739868,18014400,0.0,0.0
2017-01-26,3.9017473077136393,3.918175701762976,3.8442477326990563,3.8771045207977295,14585100,0.0,0.0
2017-01-27,3.8031763999239216,3.8360331833271895,3.7867480082222875,3.8113903999328613,11951600,0.0,0.0
2017-01-30,3.8113909713729948,3.8113909713729948,3.7046066051441193,3.7292490005493164,17068400,0.0,0.0
2017-01-31,3.737464036522403,3.7456780391761235,3.6963928482021604,3.7128212451934814,9486300,0.0,0.0
2017-02-01,3.729247972496695,3.770319142428232,3.7128195828608215,3.7538907527923584,10438800,0.0,0.0
2017-02-02,3.95924711227417,4.016746298938583,3.9181759289277323,3.95924711227417,44650800,0.0,0.0
2017-02-03,3.9674601554870605,3.983888546520152,3.934603373420878,3.9674601554870605,11863100,0.0,0.0
2017-02-06,3.9099613804906097,3.9263897731950332,3.8853185955920853,3.901746988296509,13365300,0.0,0.0
2017-02-07,4.008531491522527,4.016745491530414,3.97567470812347,3.992103099822998,11131500,0.0,0.0
2017-02-08,4.016746526232677,4.041389315971759,3.992104128177451,4.008532524108887,8520700,0.0,0.0
2017-02-09,4.008531567158902,4.057816743187442,4.008531567158902,4.016745567321777,12750800,0.0,0.0
2017-02-10,4.016746526232677,4.033174922164113,3.992104128177451,4.008532524108887,6968600,0.0,0.0
2017-02-13,4.057817059590364,4.107102239461851,4.04960266710322,4.074245452880859,15403800,0.0,0.0
2017-02-14,4.082459926605225,4.098888321798821,4.066031531411628,4.082459926605225,7871400,0.0,0.0
2017-02-15,4.074245133263411,4.115316309109585,4.066030741420673,4.107101917266846,12330400,0.0,0.0
2017-02-16,4.1481738845270595,4.181030674799112,4.139959491117128,4.164602279663086,14644500,0.0,0.0
2017-02-17,4.115316546317051,4.1481733322143555,4.098887761684615,4.1481733322143555,7214600,0.0,0.0
2017-02-21,4.131744621544299,4.181029796600342,4.131744621544299,4.181029796600342,15021200,0.0,0.0
2017-02-22,4.131745559058171,4.197459140710303,4.1153171636451376,4.189244747161865,16665000,0.0,0.0
2017-02-23,4.230315208435059,4.279600386249684,4.197458423225307,4.230315208435059,21960700,0.0,0.0
2017-02-24,4.189243950135807,4.254957519285581,4.1810299498339685,4.222100734710693,11574400,0.0,0.0
2017-02-27,4.238529758037665,4.279600940712906,4.2221013633043345,4.254958152770996,11384900,0.0,0.0
2017-02-28,4.213886734408856,4.254957519285581,4.20567234242325,4.222100734710693,9258700,0.0,0.0
2017-03-01,4.2467440645840115,4.345314430972497,4.2467440645840115,4.320672035217285,20319300,0.0,0.0
2017-03-02,4.279600140331275,4.312456923652978,4.271385748658973,4.287814140319824,19057200,0.0,0.0
2017-03-03,4.320672111142089,4.345314507330329,4.296029323270025,4.337100505828857,11993000,0.0,0.0
2017-03-06,4.345314507330329,4.3535289005156255,4.320672111142089,4.337100505828857,7381800,0.0,0.0
2017-03-07,4.2960286140441895,4.312457006018815,4.279600222069563,4.2960286140441895,8366700,0.0,0.0
2017-03-08,4.263172545979575,4.287814942237658,4.238529758037665,4.254958152770996,8487400,0.0,0.0
2017-03-09,4.320672111142089,4.345314507330329,4.312457717956793,4.337100505828857,6879600,0.0,0.0
2017-03-10,4.378171120275696,4.419242301179475,4.369957119105226,4.411027908325195,9750400,0.0,0.0
2017-03-13,4.394599042628201,4.411027434889691,4.38638504233934,4.40281343460083,6772700,0.0,0.0
2017-03-14,4.386385440826416,4.386385440826416,4.3535286533185165,4.386385440826416,4769900,0.0,0.0
2017-03-15,4.369957119105226,4.4274563023499445,4.353528725080477,4.411027908325195,8469500,0.0,0.0
2017-03-16,4.443883580461249,4.501383140950935,4.443883580461249,4.47674036026001,10505800,0.0,0.0
2017-03-17,4.509598661818618,4.517813055382103,4.476741870932365,4.48495626449585,9137300,0.0,0.0
2017-03-20,4.542455192566853,4.575311978738305,4.51781240709637,4.550669193267822,18719800,0.0,0.0
2017-03-21,4.5506686365174085,4.567097027593207,4.435669898986816,4.435669898986816,18328900,0.0,0.0
2017-03-22,4.394600063617388,4.427456855773926,4.353529269263646,4.427456855773926,14704000,0.0,0.0
2017-03-23,4.394600543075973,4.44388573668788,4.378172145205338,4.419243335723877,7050700,0.0,0.0
2017-03-24,4.411027908325195,4.443884696374694,4.394599514300446,4.411027908325195,7708600,0.0,0.0
2017-03-27,4.4520994736095965,4.517813055382103,4.443885080046111,4.48495626449585,11703200,0.0,0.0
2017-03-28,4.452098290062615,4.476740680834444,4.4110271165312485,4.435669898986816,14205700,0.0,0.0
2017-03-29,4.394599042628201,4.41924182686232,4.378170650366711,4.40281343460083,10611200,0.0,0.0
2017-03-30,4.378170490264893,4.419241665258603,4.369956490276403,4.378170490264893,8437900,0.0,0.0
2017-03-31,4.402813667049046,4.460312847158069,4.394599274642736,4.452098846435547,8723600,0.0,0.0
2017-04-03,4.419241665258603,4.419241665258603,4.337099706954936,4.378170490264893,8906400,0.0,0.0
2017-04-04,4.353528257816359,4.40281343460083,4.34531386584373,4.40281343460083,8675300,0.0,0.0
2017-04-05,4.337100518121478,4.34531451964623,4.254958152770996,4.254958152770996,14430800,0.0,0.0
2017-04-06,4.2960286140441895,4.345313789968067,4.287814222214996,4.2960286140441895,10637600,0.0,0.0
2017-04-07,4.320672111142089,4.361742902017097,4.312457717956793,4.337100505828857,5663200,0.0,0.0
2017-04-10,4.369956411176878,4.394598802380055,4.35352801981351,4.36174201965332,6250400,0.0,0.0
2017-04-11,4.328885078430176,4.353527860414837,4.279599906144585,4.328885078430176,8194700,0.0,0.0
2017-04-12,4.345314507330329,4.361742902017097,4.312457717956793,4.337100505828857,10323800,0.0,0.0
2017-04-13,4.3206713153252805,4.3453137069746814,4.287814140319824,4.287814140319824,7600400,0.0,0.0
2017-04-17,4.296029247778255,4.345314430972497,4.296029247778255,4.320672035217285,3136300,0.0,0.0
2017-04-18,4.304242614189622,4.320671397848009,4.2631718300949375,4.2960286140441895,6489700,0.0,0.0
2017-04-19,4.2878149469200535,4.304243341671325,4.246744155883789,4.246744155883789,11528600,0.0,0.0
2017-04-20,4.345313469192039,4.378170250715765,4.312456687668313,4.328885078430176,20536800,0.0,0.0
2017-04-21,4.304242531980676,4.304242531980676,4.246743357009572,4.287814140319824,14189600,0.0,0.0
2017-04-24,4.452100131465149,4.452100131465149,4.394600543075973,4.419243335723877,27273200,0.0,0.0
2017-04-25,4.468527713437333,4.484956108308345,4.43567092369531,4.460313320159912,23616500,0.0,0.0
2017-04-26,4.435670695204224,4.468527483253722,4.402813907154725,4.411027908325195,23249400,0.0,0.0
2017-04-27,4.682096558076727,4.7478105251928815,4.59174058769915,4.6985249519348145,62358500,0.0,0.0
2017-04-28,4.731382212712057,4.7478106068527035,4.65745424323724,4.70673942565918,30801500,0.0,0.0
2017-05-01,4.71495357903425,4.739596366882324,4.6985251843634765,4.739596366882324,11869600,0.0,0.0
2017-05-02,4.797096252441406,4.82173865018973,4.780667856714573,4.797096252441406,26115600,0.0,0.0
2017-05-03,4.813524322213034,4.928523084513547,4.797095927598675,4.829952716827393,13686900,0.0,0.0
2017-05-04,4.903879486933308,4.953165054321289,4.903879486933308,4.953165054321289,19677700,0.0,0.0
2017-05-05,5.0188791634722,5.084592738168432,5.002450769798142,5.076378345489502,30516400,0.0,0.0
2017-05-08,4.994236701521471,5.051736278957478,4.9860226999928,5.035307884216309,19731500,0.0,0.0
2017-05-09,5.043521558141387,5.084592738168432,5.035307557146258,5.076378345489502,17102600,0.0,0.0
2017-05-10,5.002451563084443,5.051736751922238,4.986023166805178,5.043522357940674,22213800,0.0,0.0
2017-05-11,5.043521804970003,5.059950199448062,4.9695942256606465,5.027093410491943,16353600,0.0,0.0
2017-05-12,5.068164825439453,5.084593220672489,5.051736430206417,5.068164825439453,8923400,0.0,0.0
2017-05-15,5.117450162381163,5.142092951800935,5.101021766662598,5.101021766662598,11908900,0.0,0.0
2017-05-16,5.15852165222168,5.183164051413173,5.133878861346313,5.15852165222168,11789800,0.0,0.0
2017-05-17,5.109234416629823,5.117448808157267,5.010664068402977,5.01887845993042,17810500,0.0,0.0
2017-05-18,5.002450068559279,5.068163634043843,4.9778072856606945,5.01887845993042,22597900,0.0,0.0
2017-05-19,5.076378345489502,5.117449525516547,5.068164344494374,5.076378345489502,15210000,0.0,0.0
2017-05-22,5.101021766662598,5.12566416439852,5.05995058152426,5.101021766662598,21738800,0.0,0.0
2017-05-23,5.454231831798013,5.462446224537367,5.32280468143877,5.372089862823486,40443300,0.0,0.0
2017-05-24,5.432925286802925,5.458273483199268,5.36533063360723,5.399127960205078,30848500,0.182,0.0
2017-05-25,5.382229318152035,5.432925308248925,5.373780187917178,5.4075775146484375,17939000,0.0,0.0
2017-05-26,5.399127057713751,5.424475249873015,5.3822283972395235,5.3906779289245605,11264100,0.0,0.0
2017-05-30,5.390678465978157,5.390678465978157,5.314634284820206,5.356881141662598,16104300,0.0,0.0
2017-05-31,5.407578124371403,5.424476789642415,5.306186132745329,5.3399834632873535,19869900,0.0,0.0
2017-06-01,5.441374191693723,5.525867498433589,5.424475530345749,5.483620643615723,20838300,0.0,0.0
2017-06-02,5.5596648071116785,5.576563468417045,5.517418355296197,5.5343170166015625,14477100,0.0,0.0
2017-06-05,5.458273288214338,5.525867938995361,5.449823755418761,5.525867938995361,13736500,0.0,0.0
2017-06-06,5.432924265491555,5.508968437489462,5.424475136878364,5.458272457122803,15317800,0.0,0.0
2017-06-07,5.559665264385873,5.568114797181451,5.4836210808092725,5.525867938995361,17058000,0.0,0.0
2017-06-08,5.517418839788382,5.525867969735062,5.466722448524698,5.508969306945801,13078000,0.0,0.0
2017-06-09,5.492070831476587,5.5089694948422165,5.3061855344546585,5.4075775146484375,21430800,0.0,0.0
2017-06-12,5.365330696105957,5.3991280230974965,5.297736042122877,5.365330696105957,20020500,0.0,0.0
2017-06-13,5.4413743316434395,5.458272993426038,5.3906783462956405,5.42447566986084,12232000,0.0,0.0
2017-06-14,5.475171231295698,5.475171231295698,5.348431076291068,5.3906779289245605,17573800,0.0,0.0
2017-06-15,5.3061846603751555,5.373779302702914,5.297735128636261,5.34843111038208,14324600,0.0,0.0
2017-06-16,5.356881524551548,5.416026644883295,5.339982861185918,5.4075775146484375,11104800,0.0,0.0
2017-06-19,5.424475136878364,5.466721585735994,5.424475136878364,5.458272457122803,11765400,0.0,0.0
2017-06-20,5.458273998464418,5.466723129463528,5.382229804992676,5.382229804992676,14037800,0.0,0.0
2017-06-21,5.3568815034057256,5.399127960205078,5.348431970308306,5.399127960205078,13080700,0.0,0.0
2017-06-22,5.399127057713751,5.424475249873015,5.373779268450333,5.3906779289245605,11325700,0.0,0.0
2017-06-23,5.3568815034057256,5.416026623504002,5.348431970308306,5.399127960205078,10136400,0.0,0.0
2017-06-26,5.432924919924662,5.458273114609274,5.356881141662598,5.356881141662598,14180700,0.0,0.0
2017-06-27,5.314635330481557,5.33998353015346,5.289287533705619,5.306186199188232,11388500,0.0,0.0
2017-06-28,5.339981975747773,5.373779296875,5.306184654620547,5.373779296875,16737800,0.0,0.0
2017-06-29,5.30618537804196,5.314634508027758,5.15409700933855,5.213242530822754,21632100,0.0,0.0
2017-06-30,5.213242509226093,5.22169163917689,5.145647858036111,5.2047929763793945,13375500,0.0,0.0
2017-07-03,5.221691691776823,5.247039887676358,5.196343898773193,5.196343898773193,6618100,0.0,0.0
2017-07-05,5.263937450018879,5.272386578288177,5.221690599984925,5.25548791885376,14404700,0.0,0.0
2017-07-06,5.170995681432183,5.2216916701251375,5.162546551431309,5.187894344329834,14174100,0.0,0.0
2017-07-07,5.213241938395222,5.2892861141053436,5.204792406473716,5.280836582183838,11906700,0.0,0.0
2017-07-10,5.230140150107287,5.306184319285708,5.230140150107287,5.289285659790039,10418900,0.0,0.0
2017-07-11,5.238590653551567,5.2808375148285664,5.204793325688338,5.272387981414795,11783500,0.0,0.0
2017-07-12,5.30618515518926,5.390678465978157,5.297735622662427,5.356881141662598,11561500,0.0,0.0
2017-07-13,5.323083320957095,5.34843111038208,5.297735128636261,5.34843111038208,10371200,0.0,0.0
2017-07-14,5.297735128636261,5.34843111038208,5.289285999793215,5.34843111038208,7725700,0.0,0.0
2017-07-17,5.323082397281273,5.35687971258055,5.314632867008565,5.331531524658203,7178600,0.0,0.0
2017-07-18,5.187894344329834,5.2216916701251375,5.170995681432183,5.187894344329834,12397400,0.0,0.0
2017-07-19,5.25548791885376,5.2892856406184166,5.230140131150044,5.25548791885376,8283600,0.0,0.0
2017-07-20,5.280836128594293,5.306184319285708,5.247038809602956,5.289285659790039,9905500,0.0,0.0
2017-07-21,5.247039295619757,5.263937956680696,5.196343312436941,5.238589763641357,9102500,0.0,0.0
2017-07-24,5.25548937030989,5.272388034411366,5.22169204210694,5.263938903808594,7808400,0.0,0.0
2017-07-25,5.196343846428597,5.230141172023588,5.179445183631102,5.2047929763793945,12320100,0.0,0.0
2017-07-26,5.221691660808553,5.247039856557755,5.196343867955253,5.213242530822754,12337400,0.0,0.0
2017-07-27,5.441375333570248,5.475172663358588,5.306186014416884,5.382229804992676,27359800,0.0,0.0
2017-07-28,5.331533328055146,5.416026644883295,5.3061855344546585,5.4075775146484375,17284800,0.0,0.0
2017-07-31,5.390678830003573,5.416026623504002,5.339982840106801,5.399127960205078,21628400,0.0,0.0
2017-08-01,5.49207061360485,5.5343174717909385,5.458273288214338,5.525867938995361,19082300,0.0,0.0
2017-08-02,5.559665295313584,5.568114828156165,5.500520176999121,5.508969306945801,9977300,0.0,0.0
2017-08-03,5.5343174717909385,5.551216134486195,5.517418809095683,5.525867938995361,7391200,0.0,0.0
2017-08-04,5.559665295313584,5.568114828156165,5.508969306945801,5.508969306945801,7333600,0.0,0.0
2017-08-07,5.500519730215344,5.517418391631998,5.475171536642427,5.492070198059082,8399500,0.0,0.0
2017-08-08,5.492070286981183,5.508968948671444,5.424475640220139,5.4413743019104,9149100,0.0,0.0
2017-08-09,5.365329765145269,5.390677957438613,5.348431104581656,5.373779296875,7386000,0.0,0.0
2017-08-10,5.3568807578939595,5.382228547866761,5.280836582183838,5.280836582183838,11469100,0.0,0.0
2017-08-11,5.2723865973985475,5.306184319285708,5.23858927840721,5.289285659790039,9597700,0.0,0.0
2017-08-14,5.33153244980014,5.3568806421209745,5.323083320957095,5.34843111038208,6440000,0.0,0.0
2017-08-15,5.365329770964021,5.365329770964021,5.323083320957095,5.34843111038208,5117100,0.0,0.0
2017-08-16,5.365329765145269,5.390677957438613,5.348431104581656,5.373779296875,5496300,0.0,0.0
2017-08-17,5.339982096946805,5.3568807578939595,5.263937921236684,5.280836582183838,10628100,0.0,0.0
2017-08-18,5.213241549511406,5.24703886888459,5.179444230138222,5.230140209197998,10104300,0.0,0.0
2017-08-21,5.213242561740915,5.230141224708636,5.179445235805472,5.196343898773193,7115200,0.0,0.0
2017-08-22,5.238590706208416,5.272388034411366,5.230141575605645,5.263938903808594,5144000,0.0,0.0
2017-08-23,5.255488389315178,5.280836582183838,5.230140599342376,5.280836582183838,9144900,0.0,0.0
2017-08-24,5.230141172023588,5.255488964771881,5.196343846428597,5.2047929763793945,13842200,0.0,0.0
2017-08-25,5.247039794921875,5.280837120259866,5.2301411322528795,5.247039794921875,9583700,0.0,0.0
2017-08-28,5.247039794921875,5.272387587477419,5.238590262139428,5.247039794921875,6847700,0.0,0.0
2017-08-29,5.187893780458541,5.247039295619757,5.1709951193976025,5.238589763641357,7419500,0.0,0.0
2017-08-30,5.230140663617141,5.230140663617141,5.187893809282143,5.221691131591797,7772600,0.0,0.0
2017-08-31,5.213242002462315,5.238589792746623,5.187893809282143,5.221691131591797,7805600,0.0,0.0
2017-09-01,5.2892856406184166,5.314633428322132,5.247038790584462,5.25548791885376,6045400,0.0,0.0
2017-09-05,5.221691732630449,5.23014126562837,5.128749287028767,5.154097080230713,15635200,0.0,0.0
2017-09-06,5.196343846428597,5.213242509226093,5.162546520833606,5.2047929763793945,9978200,0.0,0.0
2017-09-07,5.280836188257773,5.289285719548983,5.213241549511406,5.230140209197998,12460100,0.0,0.0
2017-09-08,5.1202989245818396,5.128748456211001,5.0527042831319156,5.061153411865234,17434300,0.0,0.0
2017-09-11,5.1540971113832255,5.179445307634291,5.111850654825998,5.137198448181152,11624800,0.0,0.0
2017-09-12,5.162546187493721,5.170995316898967,5.120299331779864,5.1456475257873535,14846400,0.0,0.0
2017-09-13,5.094952562865976,5.103401693966367,5.069604363772891,5.086503028869629,7386800,0.0,0.0
2017-09-14,5.061153932592093,5.078052997589111,5.04425527049096,5.078052997589111,7923300,0.0,0.0
2017-09-15,5.230141172023588,5.255488964771881,5.196343846428597,5.2047929763793945,18842600,0.0,0.0
2017-09-18,5.255488924808423,5.289286653042313,5.221691599470432,5.247039794921875,14686700,0.0,0.0
2017-09-19,5.280836109453297,5.2892856406184166,5.238589259419342,5.25548791885376,13112600,0.0,0.0
2017-09-20,5.272387115056277,5.272387115056277,5.15409648697249,5.221691131591797,13618400,0.0,0.0
2017-09-21,5.154095753440529,5.1709944121903355,5.103399777191111,5.111849308013916,16489000,0.0,0.0
2017-09-22,5.052705256365471,5.1118507804744695,5.04425572310879,5.06960391998291,14153800,0.0,0.0
2017-09-25,5.0611544609870345,5.0780535277483505,5.010458469390869,5.010458469390869,10402400,0.0,0.0
2017-09-26,5.002007961273193,5.044254407853354,4.985109302061965,5.002007961273193,12210800,0.0,0.0
2017-09-27,4.9851103134881765,4.993559443360122,4.92596479280097,4.968211650848389,12606100,0.0,0.0
2017-09-28,4.993559890363384,5.002009423887595,4.959762562058409,4.985110759735107,7992200,0.0,0.0
2017-09-29,4.993559292199388,5.069603473224437,4.976660630071141,5.052704811096191,9594700,0.0,0.0
2017-10-02,5.027356616455879,5.078053005736503,5.0104579543276335,5.052704811096191,10977600,0.0,0.0
2017-10-03,5.069603930416277,5.069603930416277,5.035806603111842,5.04425573348999,6754500,0.0,0.0
2017-10-04,5.010457089430899,5.018906620484421,4.985109302061965,5.002007961273193,7369800,0.0,0.0
2017-10-05,4.99355980552548,5.027357133256258,4.98511067504075,5.010458469390869,6409800,0.0,0.0
2017-10-06,4.976661173368252,5.002009370775801,4.959762509395196,4.993559837341309,7150500,0.0,0.0
2017-10-09,5.010457089430899,5.027355748642127,4.993558430219672,5.002007961273193,5546400,0.0,0.0
2017-10-10,5.035805279695649,5.044254407853354,4.959761111797215,5.002007961273193,13350400,0.0,0.0
2017-10-11,4.976660780720334,4.976660780720334,4.942863455440758,4.968211650848389,7702800,0.0,0.0
2017-10-12,4.917515702366203,4.951313027916824,4.892167506755287,4.925964832305908,8777500,0.0,0.0
2017-10-13,5.002009338906138,5.018908002771527,4.98511067504075,5.010458469390869,10651100,0.0,0.0
2017-10-16,4.993559421536902,5.010458084102837,4.9428634338390935,4.959762096405029,7181500,0.0,0.0
2017-10-17,4.942863495081219,4.951313027916824,4.917515702366203,4.925964832305908,6370900,0.0,0.0
2017-10-18,4.9682116815430195,4.976660811467165,4.934414356054638,4.951313018798828,4605100,0.0,0.0
2017-10-19,4.900616616546012,4.959761729705957,4.89216708443981,4.917515277862549,6489800,0.0,0.0
2017-10-20,5.086502458574933,5.162546644432218,5.06960379537286,5.137198448181152,18361400,0.0,0.0
2017-10-23,5.120298941983459,5.137197602403371,5.086501621143635,5.094951152801514,7990800,0.0,0.0
2017-10-24,5.078052475123559,5.0865016038568776,5.044254751502754,5.061153411865234,5799100,0.0,0.0
2017-10-25,5.069602459691499,5.111849308013916,5.027355611369081,5.111849308013916,14481600,0.0,0.0
2017-10-26,4.157074191801285,4.224668828595482,4.013435387165708,4.021884918212891,75364400,0.0,0.0
2017-10-27,4.216220991465815,4.2246705259077,4.072582532017575,4.148626327514648,43810500,0.0,0.0
2017-10-30,4.081031375823233,4.114828705415877,4.055683580076725,4.072582244873047,20413100,0.0,0.0
2017-10-31,4.131725788116455,4.140175318727147,4.097928471465278,4.131725788116455,15207900,0.0,0.0
2017-11-01,4.157074423356265,4.224669063915581,4.148624891838431,4.173973083496094,15602700,0.0,0.0
2017-11-02,4.216219443673425,4.250017166137695,4.199320783889204,4.250017166137695,12914200,0.0,0.0
2017-11-03,4.207770324510518,4.207770324510518,4.148624813687371,4.1993207931518555,10047800,0.0,0.0
2017-11-06,4.2500175551308015,4.34295999100288,4.2500175551308015,4.300713539123535,21454900,0.0,0.0
2017-11-07,4.182423031709131,4.292264545590571,4.182423031709131,4.266916751861572,27925500,0.0,0.0
2017-11-08,4.2331194249589625,4.266916751861572,4.224669891785352,4.266916751861572,16215100,0.0,0.0
2017-11-09,4.165524945917022,4.199322277506516,4.157075814467634,4.190873146057129,18512500,0.0,0.0
2017-11-10,4.148626327514648,4.182423659490232,4.12327852998095,4.148626327514648,19810100,0.0,0.0
2017-11-13,4.097929023548818,4.131726344753257,4.089479894695632,4.106378555297852,10543300,0.0,0.0
2017-11-14,4.081030368804932,4.089479900566095,4.047233047551976,4.081030368804932,8623100,0.0,0.0
2017-11-15,4.097929529982802,4.131726855364013,4.072581737394844,4.089480400085449,15281100,0.0,0.0
2017-11-16,4.140176266091314,4.182422720124314,4.123277603898937,4.157074928283691,14750100,0.0,0.0
2017-11-17,4.182422212118089,4.1993208722579185,4.148624891838431,4.173973083496094,8117700,0.0,0.0
2017-11-20,4.233119487762451,4.266916815166486,4.216220421164511,4.233119487762451,17627800,0.0,0.0
2017-11-21,4.2331194249589625,4.283815415312877,4.2331194249589625,4.266916751861572,15375500,0.0,0.0
2017-11-22,4.2584672186879615,4.275365882139266,4.241568555236657,4.266916751861572,7396500,0.0,0.0
2017-11-24,4.309162645923174,4.317612177992605,4.275365323437177,4.292263984680176,3944700,0.0,0.0
2017-11-27,4.233119487762451,4.266916815166486,4.224669954463481,4.233119487762451,9255100,0.0,0.0
2017-11-28,4.2331194249589625,4.283815415312877,4.224669891785352,4.266916751861572,12832300,0.0,0.0
2017-11-29,4.250018098562447,4.258467228860324,4.190872574893639,4.241568565368652,21255400,0.0,0.0
2017-11-30,4.207771290761464,4.266916815166486,4.199321757462494,4.233119487762451,16616800,0.0,0.0
2017-12-01,4.182423114776611,4.199321778563542,4.140176656757247,4.182423114776611,11759700,0.0,0.0
2017-12-04,4.047234585745283,4.055684120717779,3.996538584598311,4.004987716674805,18383300,0.0,0.0
2017-12-05,4.0218858916633,4.038784554951972,3.971189498901367,3.971189498901367,14754100,0.0,0.0
2017-12-06,3.9711887555696284,4.021885138842152,3.9542900954440663,3.9880874156951904,10901500,0.0,0.0
2017-12-07,3.9627405169084953,3.9880883113415364,3.9035949917381854,3.9120445251464844,15909600,0.0,0.0
2017-12-08,3.912043996544816,3.928942658182112,3.8951453349075202,3.9204931259155273,9519600,0.0,0.0
2017-12-11,3.8866963707111686,3.903595034818333,3.8613485759983885,3.869797706604004,19692000,0.0,0.0
2017-12-12,3.852898649855666,3.8613481824961395,3.810652195340973,3.844449520111084,17256700,0.0,0.0
2017-12-13,3.912044173872945,3.9880879532398104,3.903594641223353,3.9542906284332275,18893700,0.0,0.0
2017-12-14,3.9289420187783786,3.9458406776655535,3.8951447010040283,3.8951447010040283,7906300,0.0,0.0
2017-12-15,3.9204924878868868,3.9289420187783786,3.8697965112253616,3.8951447010040283,19009600,0.0,0.0
2017-12-18,3.9542913639111625,3.979639563678681,3.9458422325859677,3.962740898132324,8309000,0.0,0.0
2017-12-19,3.9880870420607266,3.9965365727798097,3.9373910664336265,3.94584059715271,6291900,0.0,0.0
2017-12-20,3.920492916180655,3.920492916180655,3.8866955947141206,3.9035942554473877,11700600,0.0,0.0
2017-12-21,3.971189397242644,4.081030907255135,3.9627402672625536,4.047233581542969,23144100,0.0,0.0
2017-12-22,4.072581830087208,4.081030960176864,4.013436307875983,4.038784503936768,7492000,0.0,0.0
2017-12-26,4.030334970951203,4.0556831670119875,4.004986774890418,4.038784503936768,7646400,0.0,0.0
2017-12-27,3.9880876764938766,4.021885401851021,3.9711890152632363,3.996537208557129,11006700,0.0,0.0
2017-12-28,3.9711888064699883,3.9965369984311483,3.9627396777468302,3.9796383380889893,9542000,0.0,0.0
2017-12-29,3.962739711725015,3.971188840520619,3.937391519546509,3.937391519546509,10836600,0.0,0.0
2018-01-02,3.988087196919976,4.03878357741144,3.9542898785228773,4.021884918212891,11234500,0.0,0.0
2018-01-03,4.047233047551976,4.081030368804932,4.038783918686662,4.081030368804932,9007200,0.0,0.0
2018-01-04,4.123276660401558,4.148624446442043,4.10637800207597,4.131725788116455,9894300,0.0,0.0
2018-01-05,4.114828071354805,4.157074928283691,4.089480279514182,4.157074928283691,14412000,0.0,0.0
2018-01-08,4.11482908323692,4.131727749584867,4.10637995151094,4.123278617858887,10336900,0.0,0.0
2018-01-09,4.131726763628481,4.14862542594389,4.114828101313072,4.140176296234131,8068000,0.0,0.0
2018-01-10,4.081030340345857,4.106378532556733,4.047233019328588,4.097929000854492,16296900,0.0,0.0
2018-01-11,4.072582244873047,4.081031375823233,4.055683580076725,4.072582244873047,9882300,0.0,0.0
2018-01-12,4.097928972512293,4.123277164547855,4.072581183372575,4.114827632904053,7052700,0.0,0.0
2018-01-16,4.199322277506516,4.2077718118518765,4.157075814467634,4.190873146057129,12399900,0.0,0.0
2018-01-17,4.199321778563542,4.2246699756919,4.173973984331108,4.182423114776611,10801700,0.0,0.0
2018-01-18,4.114828192673407,4.148625518054618,4.072581737394844,4.089480400085449,16379300,0.0,0.0
2018-01-19,4.140176388157265,4.148625518054618,4.081030867292197,4.089480400085449,12564600,0.0,0.0
2018-01-22,4.131726763628481,4.15707495854954,4.097929438997663,4.140176296234131,16071200,0.0,0.0
2018-01-23,4.140176266091314,4.165524057931936,4.140176266091314,4.157074928283691,6856700,0.0,0.0
2018-01-24,4.140177195968741,4.16552499350244,4.12327852998095,4.148626327514648,12963800,0.0,0.0
2018-01-25,4.131726432017315,4.131726432017315,4.021885337230915,4.05568265914917,23514100,0.0,0.0
2018-01-26,4.072580790747421,4.089479449510033,4.03033394239299,4.064131259918213,21352800,0.0,0.0
2018-01-29,4.140177148672886,4.199322277506516,4.131727614327526,4.190873146057129,35356400,0.0,0.0
2018-01-30,4.173974480262381,4.190873146057129,4.148626280122274,4.190873146057129,11555100,0.0,0.0
2018-01-31,4.089479449510033,4.097928577443436,4.013435283630378,4.064131259918213,26258900,0.0,0.0
2018-02-01,4.520395723395201,4.740078703520402,4.478149275375929,4.562642574310303,68413500,0.0,0.0
2018-02-02,4.655585404586028,4.672484064372903,4.5457439145234275,4.562642574310303,33167200,0.0,0.0
2018-02-05,4.655587001098944,4.706282997844446,4.4697012768028,4.495049476623535,38115100,0.0,0.0
2018-02-06,4.55419386280624,4.68938356833366,4.545744732839721,4.655586242675781,54179800,0.0,0.0
2018-02-07,4.68938356833366,4.74007955682048,4.638687176950939,4.655586242675781,25095100,0.0,0.0
2018-02-08,4.647136419460115,4.65558595179461,4.520396254713846,4.52884578704834,26385900,0.0,0.0
2018-02-09,4.596439893884052,4.630237213457802,4.419003764673953,4.562642574310303,27551400,0.0,0.0
2018-02-12,4.638687176950939,4.68093403547124,4.613339384155481,4.655586242675781,18404700,0.0,0.0
2018-02-13,4.638687176950939,4.672484905504721,4.63023804698442,4.655586242675781,13048200,0.0,0.0
2018-02-14,4.630238762991184,4.79922541741219,4.621789228822151,4.7738776206970215,23128300,0.0,0.0
2018-02-15,4.849920324596603,4.866819389139661,4.790775210279394,4.841471195220947,18949100,0.0,0.0
2018-02-16,4.8752689887416105,4.900617185105193,4.833022129100946,4.866819858551025,19577300,0.0,0.0
2018-02-20,4.849920324596603,4.883718050786846,4.816123001302233,4.841471195220947,14894300,0.0,0.0
2018-02-21,4.8583694348222695,4.909065415359871,4.807673454284668,4.807673454284668,17741400,0.0,0.0
2018-02-22,4.824572563171387,4.86681941899646,4.807673901420532,4.824572563171387,13452000,0.0,0.0
2018-02-23,4.8245729374244455,4.925964915794775,4.816123404445631,4.9006171226501465,16355600,0.0,0.0
2018-02-26,4.98511067504075,5.018908002771527,4.959762477794703,5.010458469390869,11660000,0.0,0.0
2018-02-27,4.993559421536902,5.027356746668774,4.9513129665700095,4.959762096405029,17203900,0.0,0.0
2018-02-28,4.968211774897033,4.985110437958754,4.892167589671332,4.9006171226501465,11084300,0.0,0.0
2018-03-01,4.8752689887416105,4.942863641849946,4.8245729989103605,4.866819858551025,16240900,0.0,0.0
2018-03-02,4.8499207400670485,4.8921675992520415,4.799224750782602,4.875268936157227,11248900,0.0,0.0
2018-03-05,4.88371787532605,4.97666030959842,4.875268343358092,4.9428629875183105,9389900,0.0,0.0
2018-03-06,4.951312600495622,4.968211261812159,4.909065745756347,4.917515277862549,10944700,0.0,0.0
2018-03-07,4.942863455440758,5.002008976127964,4.917515662929025,4.968211650848389,13858100,0.0,0.0
2018-03-08,5.002008954267818,5.03580627939969,4.925964771273158,4.959762096405029,10851300,0.0,0.0
2018-03-09,4.968211122643772,5.018907105173297,4.9597615907742565,4.976660251617432,7642500,0.0,0.0
2018-03-12,4.98511067504075,5.018908002771527,4.98511067504075,5.010458469390869,7853300,0.0,0.0
2018-03-13,5.010458136955547,5.018907669775594,4.934414356054638,4.951313018798828,11581700,0.0,0.0
2018-03-14,4.959761729705957,4.968211261812159,4.883717955229476,4.917515277862549,17243400,0.0,0.0
2018-03-15,4.900617185105193,4.917515848382276,4.849920792378029,4.866819858551025,13826800,0.0,0.0
2018-03-16,4.866819389139661,4.8921671801625015,4.824572533573763,4.841471195220947,10492100,0.0,0.0
2018-03-19,4.849920780851668,4.866819846984502,4.807674324207319,4.833022117614746,13239100,0.0,0.0
2018-03-20,4.841471165726271,4.89216715035898,4.824572504182035,4.858369827270508,10605100,0.0,0.0
2018-03-21,4.816123030848021,4.84147122492224,4.782325707346313,4.824572563171387,21324200,0.0,0.0
2018-03-22,4.689384027728589,4.7231813566974195,4.64713716506958,4.64713716506958,14228600,0.0,0.0
2018-03-23,4.714731889302658,4.723181423111648,4.596441236248426,4.613339900970459,17117700,0.0,0.0
2018-03-26,4.680933475494385,4.689383007345994,4.596440171457562,4.680933475494385,14440600,0.0,0.0
2018-03-27,4.672485462158559,4.689384127000712,4.571093070209695,4.596441268920898,16561800,0.0,0.0
2018-03-28,4.587991237640381,4.630238096613503,4.562643444573233,4.587991237640381,19071600,0.0,0.0
2018-03-29,4.621787071228027,4.655584789230366,4.604888413674746,4.621787071228027,11064500,0.0,0.0
2018-04-02,4.604889963260749,4.62178862650058,4.511947516889641,4.55419397354126,9028500,0.0,0.0
2018-04-03,4.571091675069688,4.596439866044387,4.545743886990817,4.579541206359863,11824100,0.0,0.0
2018-04-04,4.503497922590043,4.596440770593368,4.4950487925329625,4.587991237640381,11377000,0.0,0.0
2018-04-05,4.63023812797461,4.6471367910991335,4.57109260559082,4.57109260559082,11591700,0.0,0.0
2018-04-06,4.604889963260749,4.647136822808281,4.528846180129471,4.55419397354126,13610100,0.0,0.0
2018-04-09,4.604889931839868,4.6386872580889165,4.57109260559082,4.57109260559082,8937100,0.0,0.0
2018-04-10,4.672484375348532,4.689383036260091,4.630237521621705,4.664034843444824,18431100,0.0,0.0
2018-04-11,4.6724843404168555,4.765426773287663,4.6724843404168555,4.706281661987305,14004500,0.0,0.0
2018-04-12,4.714730768247865,4.731629428951784,4.6893829786399115,4.697832107543945,11087100,0.0,0.0
2018-04-13,4.672484375348532,4.6978321652679425,4.638686650629556,4.664034843444824,8670000,0.0,0.0
2018-04-16,4.714731208055206,4.78232585717636,4.68093388349463,4.740079402923584,12230900,0.0,0.0
2018-04-17,4.875268835002018,4.9682116815430195,4.841471509513635,4.951313018798828,24856900,0.0,0.0
2018-04-18,4.959761648558365,4.97666030959842,4.9259643264782556,4.9428629875183105,7309800,0.0,0.0
2018-04-19,4.934414365141514,4.959762157856529,4.917515702366203,4.925964832305908,10763400,0.0,0.0
2018-04-20,5.111849392450427,5.162545369537232,5.010457035381006,5.0358052253723145,24388300,0.0,0.0
2018-04-23,5.010457573303782,5.018907105173297,4.951312461800597,4.976660251617432,11421000,0.0,0.0
2018-04-24,5.002009338906138,5.0358066666369155,4.959762477794703,5.010458469390869,13294400,0.0,0.0
2018-04-25,5.078052129171626,5.086501257329331,4.985109302061965,5.002007961273193,26474800,0.0,0.0
2018-04-26,4.9513129665700095,5.052704941965626,4.925964771273158,4.959762096405029,44361200,0.0,0.0
2018-04-27,5.010457035381006,5.0780520743925575,5.010457035381006,5.0358052253723145,18985700,0.0,0.0
2018-04-30,5.052704802989469,5.094951659690245,5.04425527049096,5.078052997589111,19859100,0.0,0.0
2018-05-01,5.069603994367693,5.0780535277483505,4.968212011175361,5.010458469390869,12682600,0.0,0.0
2018-05-02,4.968211321358808,4.976660450670411,4.866819352244352,4.883718013763428,20610800,0.0,0.0
2018-05-03,4.9597615907742565,4.985109783486947,4.892166947401556,4.976660251617432,13567100,0.0,0.0
2018-05-04,5.05270510163111,5.170995743330647,5.044255568633189,5.154097080230713,21312600,0.0,0.0
2018-05-07,5.23858933759338,5.272386656966564,5.213241549511406,5.230140209197998,11855000,0.0,0.0
2018-05-08,5.238589228279448,5.314633396730207,5.221690568945482,5.29773473739624,15803800,0.0,0.0
2018-05-09,5.297736042122877,5.365330696105957,5.263938715131337,5.365330696105957,12256400,0.0,0.0
2018-05-10,5.348432032610186,5.416026686593267,5.331533369114417,5.365330696105957,12546900,0.0,0.0
2018-05-11,5.373779268450333,5.416025718187979,5.365329736765296,5.3906779289245605,11567900,0.0,0.0
2018-05-14,5.289286552865591,5.382228994336829,5.255488825271815,5.323083877563477,26716900,0.0,0.0
2018-05-15,5.23858927840721,5.297734788089962,5.221690618911541,5.289285659790039,10522100,0.0,0.0
2018-05-16,5.2639388508969525,5.297736178760181,5.221691989619952,5.272387981414795,8480900,0.0,0.0
2018-05-17,5.23858933759338,5.272386656966564,5.213241549511406,5.230140209197998,8511900,0.0,0.0
2018-05-18,5.263937956680696,5.280836617741635,5.221691102580419,5.238589763641357,9290100,0.0,0.0
2018-05-21,5.255489317483181,5.2808375148285664,5.230141523033724,5.272387981414795,6046100,0.0,0.0
2018-05-22,5.221691102580419,5.280836617741635,5.21324197349788,5.238589763641357,8294300,0.0,0.0
2018-05-23,5.103400670073497,5.1540966551926,5.094951540668251,5.1456475257873535,11520700,0.0,0.0
2018-05-24,5.1540966551926,5.179444849200088,5.111850202374618,5.1456475257873535,8673000,0.0,0.0
2018-05-25,5.0696037040462745,5.187894344329834,5.0611541711494965,5.187894344329834,19288900,0.0,0.0
2018-05-29,4.959762916832559,5.052705777767455,4.951313785599912,5.027357578277588,32514200,0.0,0.0
2018-05-30,5.027357069837772,5.069603930416277,4.98511061215519,5.04425573348999,18310700,0.0,0.0
2018-05-31,5.102316031644816,5.137504383354512,5.049533084602031,5.0935187339782715,20110700,0.236,0.0
2018-06-01,5.146302223205566,5.155099522516016,5.111113864920404,5.146302223205566,12903700,0.0,0.0
2018-06-04,5.216679573059082,5.243071054715929,5.199085391780641,5.216679573059082,11761700,0.0,0.0
2018-06-05,5.216679126784799,5.234273306558101,5.181490767238196,5.190288066864014,12669700,0.0,0.0
2018-06-06,5.14630159049904,5.199084121437491,5.1375047117484325,5.181489944458008,12227500,0.0,0.0
2018-06-07,5.155099232627077,5.181490290117729,5.11111357750493,5.137505054473877,10623000,0.0,0.0
2018-06-08,5.155099232627077,5.172693410780276,5.11111357750493,5.137505054473877,7495400,0.0,0.0
2018-06-11,5.137505527544108,5.216679126784799,5.12870822791829,5.190288066864014,8054700,0.0,0.0
2018-06-12,5.190288510880605,5.251867935615964,5.1814912105022,5.216679573059082,10266700,0.0,0.0
2018-06-13,5.287055311491106,5.383823073046722,5.278258013452454,5.348634719848633,17028900,0.0,0.0
2018-06-14,5.383823104655741,5.401417281358084,5.3662289279534,5.375026226043701,10406900,0.0,0.0
2018-06-15,5.375027467805374,5.383824348449707,5.3398391062713255,5.383824348449707,11341100,0.0,0.0
2018-06-18,5.2606646191972635,5.348635515275147,5.243070439981687,5.33104133605957,15350000,0.0,0.0
2018-06-19,5.225474996945226,5.260663346865809,5.190286647024643,5.243069171905518,23450500,0.0,0.0
2018-06-20,5.243069462408761,5.287055111985717,5.21667798876694,5.251866340637207,20032800,0.0,0.0
2018-06-21,5.225476237202059,5.225476237202059,5.163896400486072,5.199084758758545,16294000,0.0,0.0
2018-06-22,5.243070733524785,5.260664913725405,5.163896712882824,5.234273433685303,14031900,0.0,0.0
2018-06-25,5.17269258012661,5.17269258012661,5.067127528159511,5.128706932067871,18172300,0.0,0.0
2018-06-26,5.128706932067871,5.146301107395721,5.102315878815211,5.128706932067871,16130000,0.0,0.0
2018-06-27,5.137504861203833,5.172693216186467,5.040736675262451,5.040736675262451,18466900,0.0,0.0
2018-06-28,4.961562979792962,5.0495338727988415,4.943968801191787,5.0231428146362305,16003700,0.0,0.0
2018-06-29,5.067127356155928,5.111112583243361,5.058330059051514,5.058330059051514,9961300,0.0,0.0
2018-07-02,4.943968801441004,4.987954457685315,4.935171921879126,4.970360279083252,12536700,0.0,0.0
2018-07-03,4.9879544289299975,5.023142785931263,4.961562951439896,4.996751308441162,8570600,0.0,0.0
2018-07-05,5.005548320279818,5.04953355426897,4.987954142788501,5.040736675262451,11288300,0.0,0.0
2018-07-06,5.067129135131836,5.09352019675407,5.049534534745866,5.067129135131836,16110500,0.0,0.0
2018-07-09,5.146302223205566,5.163896402348147,5.102316985088273,5.146302223205566,14221300,0.0,0.0
2018-07-10,5.216679253484683,5.251867613885922,5.199085073284063,5.234273433685303,9709500,0.0,0.0
2018-07-11,5.172693410780276,5.199084468270929,5.128707755658129,5.137505054473877,12723500,0.0,0.0
2018-07-12,5.12870822791829,5.207882246637315,5.12870822791829,5.190288066864014,14318200,0.0,0.0
2018-07-13,5.155099203149439,5.172693381202032,5.102316668991659,5.111113548278809,14247000,0.0,0.0
2018-07-16,5.163895954016811,5.1902874301785245,5.137504897333381,5.172693252563477,10086500,0.0,0.0
2018-07-17,5.102316668991659,5.1375050250968455,5.093519370226215,5.111113548278809,7242200,0.0,0.0
2018-07-18,5.339837997167141,5.357432174279789,5.278258167533736,5.313446521759033,28867100,0.0,0.0
2018-07-19,5.260663346865809,5.269460224606845,5.21667769972597,5.243069171905518,16460000,0.0,0.0
2018-07-20,5.260663638343895,5.287055111985717,5.243069462408761,5.251866340637207,12249700,0.0,0.0
2018-07-23,5.243069008855283,5.251865886322752,5.207880660028995,5.225474834442139,12864400,0.0,0.0
2018-07-24,5.234273306558101,5.2518674863314025,5.146302407691592,5.190288066864014,17437000,0.0,0.0
2018-07-25,5.234272510819093,5.269460865016195,5.1902872778118505,5.260663986206055,20731600,0.0,0.0
2018-07-26,4.961563141995135,4.9791573211714955,4.864795366264313,4.882389545440674,62187600,0.0,0.0
2018-07-27,4.864794853637071,4.864794853637071,4.741635192902165,4.75043249130249,31219900,0.0,0.0
2018-07-30,4.882389357771568,4.91757771477172,4.81201222429296,4.838403701782227,27356800,0.0,0.0
2018-07-31,4.829606079514043,4.83840337791437,4.75043249130249,4.75043249130249,17331100,0.0,0.0
2018-08-01,4.803214996234557,4.8120118751070935,4.7504324645645175,4.7768235206604,14750600,0.0,0.0
2018-08-02,4.7064472829597666,4.7328387611761435,4.680056224221706,4.72404146194458,15197400,0.0,0.0
2018-08-03,4.706446518572961,4.732837992503027,4.697649640248438,4.715243816375732,7753100,0.0,0.0
2018-08-06,4.706447632659426,4.73283911283675,4.680056571960449,4.680056571960449,12103200,0.0,0.0
2018-08-07,4.750432621211705,4.776823678177842,4.715244265604664,4.741635322570801,14359600,0.0,0.0
2018-08-08,4.768026799015225,4.776823678177842,4.732838443408184,4.741635322570801,8013100,0.0,0.0
2018-08-09,4.732837992503027,4.750432168630322,4.706446518572961,4.715243816375732,7033700,0.0,0.0
2018-08-10,4.60967858486779,4.627273181407453,4.574490230745003,4.5920844078063965,10930100,0.0,0.0
2018-08-13,4.58328755561198,4.592084434454591,4.556896080127603,4.565693378448486,4262300,0.0,0.0
2018-08-14,4.574490070343018,4.592084246787481,4.539301717454091,4.574490070343018,7491100,0.0,0.0
2018-08-15,4.52170691642796,4.530504213174152,4.460127517117405,4.477721691131592,12773100,0.0,0.0
2018-08-16,4.539301581741831,4.574489933578725,4.512910527603281,4.5305047035217285,9123200,0.0,0.0
2018-08-17,4.574490576051851,4.609678932830842,4.556896397662355,4.600882053375244,12162600,0.0,0.0
2018-08-20,4.6360696125267555,4.653663787889205,4.609678139743967,4.618475437164307,11653300,0.0,0.0
2018-08-21,4.688852342445666,4.715243816375732,4.680055464121143,4.715243816375732,9848900,0.0,0.0
2018-08-22,4.77682383842794,4.794418016821699,4.7328386021826905,4.75922966003418,9434000,0.0,0.0
2018-08-23,4.820809173457903,4.82960605233044,4.768026641787864,4.7768235206604,8697900,0.0,0.0
2018-08-24,4.855997094168744,4.908779621124268,4.847200216081942,4.908779621124268,10080300,0.0,0.0
2018-08-27,4.961562979792962,5.0495338727988415,4.961562979792962,5.0231428146362305,9115000,0.0,0.0
2018-08-28,5.0759250302450845,5.0847223287298835,5.0231424977711345,5.040736675262451,10009000,0.0,0.0
2018-08-29,4.996751336995314,5.031939694197666,4.979157158394138,5.0231428146362305,6502700,0.0,0.0
2018-08-30,4.943967819213867,4.970359291612872,4.926373644107271,4.943967819213867,6645800,0.0,0.0
2018-08-31,4.908780604466054,4.926374783642414,4.864795366264313,4.882389545440674,5493700,0.0,0.0
2018-09-04,4.820809393733861,4.855997749788406,4.812012094981078,4.847200870513916,7070700,0.0,0.0
2018-09-05,4.785620845947242,4.794417724869292,4.715244136657739,4.75043249130249,11584000,0.0,0.0
2018-09-06,4.785620976818746,4.803215154622267,4.7240411447672805,4.741635322570801,6491700,0.0,0.0
2018-09-07,4.6976507522525495,4.73283911283675,4.680056571960449,4.680056571960449,14144900,0.0,0.0
2018-09-10,4.776823678177842,4.785620976818746,4.7240411447672805,4.741635322570801,6895500,0.0,0.0
2018-09-11,4.706446518572961,4.724040694700256,4.680055464121143,4.715243816375732,4148300,0.0,0.0
2018-09-12,4.662461094757349,4.697649445553552,4.636069621921083,4.671257972717285,7815600,0.0,0.0
2018-09-13,4.873590580891342,4.899982050377532,4.7856197150676705,4.812010765075684,10956400,0.0,0.0
2018-09-14,4.838403701782227,4.8735920587823784,4.794418045792884,4.838403701782227,8821500,0.0,0.0
2018-09-17,4.838403701782227,4.8735920587823784,4.81201222429296,4.838403701782227,8851100,0.0,0.0
2018-09-18,4.908779469000676,4.970359291612872,4.908779469000676,4.943967819213867,10827500,0.0,0.0
2018-09-19,4.741635667165889,4.829606562576716,4.741635667165889,4.803215503692627,15308800,0.0,0.0
2018-09-20,4.838402909950598,4.864794383120752,4.803214558709216,4.855997085571289,13580100,0.0,0.0
2018-09-21,4.891186740164753,4.935172400676435,4.864795679440421,4.917578220367432,15735200,0.0,0.0
2018-09-24,4.882389545440674,4.908780604466054,4.847201187087953,4.882389545440674,5937100,0.0,0.0
2018-09-25,4.873591901626623,4.943968613357532,4.873591901626623,4.926374435424805,13038900,0.0,0.0
2018-09-26,4.882388908019486,4.926374140478727,4.864794731140137,4.864794731140137,7410200,0.0,0.0
2018-09-27,4.908779352960677,5.014344401104769,4.908779352960677,5.005547523498535,18776700,0.0,0.0
2018-09-28,4.891185445472426,4.935171094341147,4.8823885673856235,4.908779621124268,15810600,0.0,0.0
2018-10-01,4.926374305682673,4.97035995909522,4.9175774266871315,4.935171604156494,17033400,0.0,0.0
2018-10-02,4.838403542238766,4.864795018857789,4.803215186398929,4.820809364318848,19791300,0.0,0.0
2018-10-03,4.873590580891342,4.873590580891342,4.8032138882324045,4.812010765075684,15512500,0.0,0.0
2018-10-04,4.838403542238766,4.882389196777707,4.803215186398929,4.820809364318848,10249000,0.0,0.0
2018-10-05,4.759230168182722,4.776824348455032,4.688853447093478,4.732839107513428,7560300,0.0,0.0
2018-10-08,4.688853452367326,4.724041812951526,4.6272740310841485,4.680056571960449,11679000,0.0,0.0
2018-10-09,4.671258636870576,4.697650113459147,4.627273401860676,4.662461757659912,12101700,0.0,0.0
2018-10-10,4.618476363846723,4.618476363846723,4.5305054693834,4.539302349090576,21285100,0.0,0.0
2018-10-11,4.58328723127707,4.618475583113965,4.504113229904936,4.5305047035217285,19255400,0.0,0.0
2018-10-12,4.618475437164307,4.627272734584646,4.54809873571451,4.618475437164307,13415800,0.0,0.0
2018-10-15,4.644867233536112,4.671258288679229,4.6096784608815256,4.6536641120910645,9823500,0.0,0.0
2018-10-16,4.7680258527210695,4.8120110787611265,4.759228555826136,4.794416904449463,15975700,0.0,0.0
2018-10-17,4.803214558709216,4.908779612433362,4.768026207467834,4.855997085571289,17744900,0.0,0.0
2018-10-18,4.899983724617034,4.970360441322475,4.873592246113334,4.882389545440674,24359600,0.0,0.0
2018-10-19,4.93517094139968,4.979156169427059,4.908779469000676,4.943967819213867,17885400,0.0,0.0
2018-10-22,4.943968642861864,4.979156998937313,4.899983407506698,4.952765941619873,17495800,0.0,0.0
2018-10-23,4.873592246113334,4.917577903793394,4.785621350231532,4.882389545440674,24747300,0.0,0.0
2018-10-24,4.785620672909012,4.794417551512985,4.609678486568687,4.627273082733154,29459800,0.0,0.0
2018-10-25,4.6712592720752255,4.76802747342095,4.636070911491025,4.680056571960449,23972300,0.0,0.0
2018-10-26,4.864794391733783,4.979156323731632,4.820808742865062,4.908779621124268,46115300,0.0,0.0
2018-10-29,4.943968962818775,4.961563141995135,4.838403887760613,4.882389545440674,19946600,0.0,0.0
2018-10-30,4.847200873393525,4.961562820899589,4.829606275877507,4.952765941619873,18164500,0.0,0.0
2018-10-31,4.979156169427059,5.031938694746846,4.943967819213867,4.943967819213867,22823000,0.0,0.0
2018-11-01,5.040736391095956,5.093518920594343,5.014344916607635,5.08472204208374,26007600,0.0,0.0
2018-11-02,5.137504733656139,5.16389578949877,5.07592490422622,5.102316379547119,20944100,0.0,0.0
2018-11-05,5.146301616826217,5.172693092169589,5.111113262687235,5.155098915100098,12499700,0.0,0.0
2018-11-06,5.146301616826217,5.172693092169589,5.119910560961116,5.155098915100098,10467000,0.0,0.0
2018-11-07,5.269460865016195,5.269460865016195,5.216678333720542,5.260663986206055,17500000,0.0,0.0
2018-11-08,5.225476873437488,5.251867935615964,5.1814912105022,5.216679573059082,12835000,0.0,0.0
2018-11-09,5.19028660210863,5.199083479773539,5.119909902876493,5.163895130157471,11833200,0.0,0.0
2018-11-12,5.111112583243361,5.128706757973977,5.049532761947098,5.058330059051514,11955800,0.0,0.0
2018-11-13,5.0935196857778235,5.181490581490728,5.075925506635243,5.146302223205566,16321800,0.0,0.0
2018-11-14,5.163895437397664,5.172692735064208,5.084721855789968,5.0935187339782715,13067200,0.0,0.0
2018-11-15,4.996751992023038,5.07592601584646,4.970360930400804,5.067129135131836,19930000,0.0,0.0
2018-11-16,5.1287077263314025,5.1463019043839955,5.084722490939065,5.111113548278809,17427500,0.0,0.0
2018-11-19,5.1111135170224005,5.128707694967399,5.031939506530762,5.031939506530762,13216000,0.0,0.0
2018-11-20,4.864795048541189,4.935171760650278,4.820809393733861,4.847200870513916,23450200,0.0,0.0
2018-11-21,4.9175772617781845,4.926374140478727,4.847200554260787,4.864794731140137,13066100,0.0,0.0
2018-11-23,4.812012354075935,4.847201131503454,4.803215474327792,4.829606533050537,10311800,0.0,0.0
2018-11-26,4.8735920587823784,4.891186237282454,4.829606402793036,4.838403701782227,8863000,0.0,0.0
2018-11-27,4.847199530883329,4.855996407726607,4.7856197150676705,4.812010765075684,10277400,0.0,0.0
2018-11-28,4.812012065619744,4.838403542238766,4.74163535394007,4.820809364318848,20396900,0.0,0.0
2018-11-29,4.838402909950598,4.882388558741443,4.820808734329907,4.855997085571289,17630000,0.0,0.0
2018-11-30,4.820808061397139,4.855996407726607,4.8032138882324045,4.812010765075684,12123300,0.0,0.0
2018-12-03,4.9527659120630405,4.961562791290259,4.899983378264859,4.926374435424805,14257900,0.0,0.0
2018-12-04,4.882389030959446,4.899983208281823,4.741635192902165,4.75043249130249,19372300,0.0,0.0
2018-12-06,4.741634595748904,4.961561994320463,4.724040420642308,4.943967819213867,32126200,0.0,0.0
2018-12-07,4.935171438657534,4.979156671116775,4.855997432961329,4.864794731140137,23097400,0.0,0.0
2018-12-10,4.926374594438629,5.023142785931263,4.926374594438629,4.996751308441162,34543200,0.0,0.0
2018-12-11,5.119910876320677,5.163896111964529,5.09351939935173,5.137505054473877,46730800,0.0,0.0
2018-12-12,5.2342725150129805,5.331040698871681,5.2166783379003325,5.313446521759033,48348500,0.0,0.0
2018-12-13,5.260663702910531,5.322243529178419,5.251866405095869,5.304649353027344,31790800,0.0,0.0
2018-12-14,5.199083363083321,5.287054654627245,5.181489188670176,5.225474834442139,17796500,0.0,0.0
2018-12-17,5.2254749517246974,5.234271829389607,5.146300955349437,5.163895130157471,26578100,0.0,0.0
2018-12-18,5.172692924581053,5.190287101080515,5.067127865584278,5.08472204208374,19722400,0.0,0.0
2018-12-19,5.12870836778573,5.190288208410826,5.049534346907513,5.075925827026367,19185100,0.0,0.0
2018-12-20,5.119911677854664,5.146302739476898,4.979157811115428,5.067129135131836,28858500,0.0,0.0
2018-12-21,5.023142921249473,5.058331279198677,4.820809653302394,4.829606533050537,29856800,0.0,0.0
2018-12-24,4.829606533050537,4.864795310478056,4.803215474327792,4.829606533050537,18967000,0.0,0.0
2018-12-26,4.847200528274614,4.891185760498047,4.768026523002867,4.891185760498047,36014100,0.0,0.0
2018-12-27,4.8559977526732405,4.961562820899589,4.812012097839783,4.952765941619873,22782300,0.0,0.0
2018-12-28,5.005548479963247,5.1287077263314025,4.987954301910653,5.111113548278809,33354500,0.0,0.0
2018-12-31,5.128706640761337,5.146300815089851,5.075924117775793,5.119909763336182,14979800,0.0,0.0
2019-01-02,5.014345013478264,5.075924842155153,5.005548134797717,5.049533367156982,24338600,0.0,0.0
2019-01-03,4.96156281944169,4.970360118197114,4.891186107311471,4.8999834060668945,17354500,0.0,0.0
2019-01-04,5.04073776027467,5.243071054715929,5.04073776027467,5.216679573059082,34666300,0.0,0.0
2019-01-07,5.234273299111851,5.357432976828091,5.216679119363579,5.295853137969971,25502600,0.0,0.0
2019-01-08,5.339838189978694,5.419011780105286,5.304649834482812,5.410214900970459,33497100,0.0,0.0
2019-01-09,5.41901178239585,5.489388493417362,5.401417604640471,5.4629974365234375,25471600,0.0,0.0
2019-01-10,5.375025725706696,5.4366051286936115,5.357431550642117,5.401416778564453,21832900,0.0,0.0
2019-01-11,5.331040543249588,5.366228896447677,5.304649488090151,5.348634719848633,14824200,0.0,0.0
2019-01-14,5.304650437583273,5.3398387970798185,5.2782589582216985,5.295853137969971,15287800,0.0,0.0
2019-01-15,5.278257093248065,5.348633787374863,5.278257093248065,5.322242736816406,14197300,0.0,0.0
2019-01-16,5.243070733524785,5.2782590939260245,5.190288192922926,5.234273433685303,24161700,0.0,0.0
2019-01-17,5.243069809107504,5.278258163304606,5.225475632008952,5.260663986206055,19734200,0.0,0.0
2019-01-18,5.375026226043701,5.392620402746044,5.313446397846374,5.375026226043701,22432600,0.0,0.0
2019-01-22,5.278257814279029,5.313446166149297,5.234272164702073,5.251866340637207,17110800,0.0,0.0
2019-01-23,5.3310396138431635,5.383822134438262,5.287054389753007,5.322242736816406,14700400,0.0,0.0
2019-01-24,5.410214237971026,5.454199467211527,5.357431711195484,5.419011116027832,29669900,0.0,0.0
2019-01-25,5.612547738333156,5.841272032083958,5.603750440372843,5.806083679199219,58825000,0.0,0.0
2019-01-28,5.700518897914864,5.726910373601674,5.647736366019519,5.709315776824951,36912200,0.0,0.0
2019-01-29,5.726910434245572,5.806084023187844,5.700518958279295,5.762098789215088,34649100,0.0,0.0
2019-01-30,5.718113765794867,5.850070321208876,5.674128107497423,5.779693603515625,34552800,0.0,0.0
2019-01-31,5.594954143968323,5.630142500513923,5.462997597183173,5.586156845092773,71227900,0.0,0.0
2019-02-01,5.5069834121702606,5.5069834121702606,5.357432682779049,5.392621040344238,45701700,0.0,0.0
2019-02-04,5.3838238737063,5.3838238737063,5.2606646191972635,5.33104133605957,33474700,0.0,0.0
2019-02-05,5.322243820054493,5.357432174279789,5.295852344646385,5.313446521759033,27216200,0.0,0.0
2019-02-06,5.348633787374863,5.3750252574115045,5.3134454403114635,5.322242736816406,23624000,0.0,0.0
2019-02-07,5.295851696786392,5.304648994005648,5.234271874686262,5.243069171905518,39599500,0.0,0.0
2019-02-08,5.243069360109358,5.445402589154721,5.243069360109358,5.419011116027832,37475100,0.0,0.0
2019-02-11,5.44540325876806,5.480591614278816,5.392620725501926,5.4629974365234375,23293400,0.0,0.0
2019-02-12,5.462997409119807,5.5069830630267536,5.4102148761184425,5.489388465881348,29400700,0.0,0.0
2019-02-13,5.515780633154423,5.586157352639911,5.506983752957905,5.5597662925720215,18786100,0.0,0.0
2019-02-14,5.550968357460996,5.577359833986111,5.51578000174637,5.542171478271484,18292800,0.0,0.0
2019-02-15,5.542172112700649,5.568563172768539,5.506983752957905,5.5597662925720215,20775700,0.0,0.0
2019-02-19,5.392621355648359,5.445403895082315,5.383824056003532,5.427809715270996,22651500,0.0,0.0
2019-02-20,5.322244297163656,5.383823712839037,5.304650118473789,5.36622953414917,22922800,0.0,0.0
2019-02-21,5.366229246861463,5.427809078718401,5.357432367726636,5.410214900970459,25796000,0.0,0.0
2019-02-22,5.4102148761184425,5.498185764454051,5.40141757754574,5.489388465881348,26931600,0.0,0.0
2019-02-25,5.524577266071219,5.524577266071219,5.375026545474577,5.410214900970459,32257700,0.0,0.0
2019-02-26,5.410215829339422,5.4542010715178035,5.375027467805374,5.383824348449707,27324400,0.0,0.0
2019-02-27,5.410215829339422,5.410215829339422,5.3398391062713255,5.383824348449707,22102900,0.0,0.0
2019-02-28,5.366228289308271,5.392619760960015,5.339837237134739,5.357431411743164,26216800,0.0,0.0
2019-03-01,5.383823104655741,5.427808756150727,5.348634751251058,5.375026226043701,24788200,0.0,0.0
2019-03-04,5.392620371085373,5.401417249645767,5.304649488090151,5.348634719848633,26505800,0.0,0.0
2019-03-05,5.357431711195484,5.445402589154721,5.357431711195484,5.419011116027832,18795000,0.0,0.0
2019-03-06,5.383823712839037,5.392621011923125,5.3310411767694355,5.36622953414917,21097500,0.0,0.0
2019-03-07,5.3398377053294945,5.348634583665908,5.2958520552126815,5.304649353027344,17579400,0.0,0.0
2019-03-08,5.243070779929376,5.3574331619847575,5.234273480012032,5.339838981628418,28689400,0.0,0.0
2019-03-11,5.3222432005129585,5.427808250900433,5.313445903241558,5.401416778564453,26335800,0.0,0.0
2019-03-12,5.4366056143184105,5.498185442284167,5.410214559103272,5.45419979095459,20990500,0.0,0.0
2019-03-13,5.410214075835854,5.4366051286936115,5.392619900771274,5.401416778564453,16889800,0.0,0.0
2019-03-14,5.427808422269751,5.498185124750035,5.410214246649681,5.4717936515808105,18598000,0.0,0.0
2019-03-15,5.577360281585449,5.647736998662638,5.550968802942342,5.621345520019531,22230200,0.0,0.0
2019-03-18,5.603749903468364,5.612547200585792,5.550967379198435,5.568561553955078,20221100,0.0,0.0
2019-03-19,5.612548322241123,5.638939379911174,5.559765787422722,5.586156845092773,23996100,0.0,0.0
2019-03-20,5.533374786376953,5.56856314595023,5.4629980672304,5.533374786376953,23309800,0.0,0.0
2019-03-21,5.506982326507568,5.577359027763679,5.489387731715313,5.506982326507568,31097600,0.0,0.0
2019-03-22,5.22547578540862,5.295852495868812,5.067128186873189,5.172693252563477,95614700,0.0,0.0
2019-03-25,5.216677654581573,5.234271829389607,5.128706780541402,5.163895130157471,34181200,0.0,0.0
2019-03-26,5.15509811199321,5.163894989418366,5.102315589007667,5.119909763336182,23046800,0.0,0.0
2019-03-27,5.111112466432822,5.15509811199321,5.084721414679152,5.119909763336182,24587100,0.0,0.0
2019-03-28,5.031938575795452,5.049532750486134,4.979156051723405,5.005547523498535,40834100,0.0,0.0
2019-03-29,5.04953368447576,5.067128281899049,5.00554844935241,5.031939506530762,23922300,0.0,0.0
2019-04-01,5.084723126892101,5.1023173071452215,5.058331646773246,5.075925827026367,18024900,0.0,0.0
2019-04-02,5.1287077263314025,5.1463019043839955,5.075925192173622,5.111113548278809,16224300,0.0,0.0
2019-04-03,5.207882246637315,5.2430706061839185,5.181490767238196,5.190288066864014,21194900,0.0,0.0
2019-04-04,5.234273306558101,5.2430706061839185,5.172693887090712,5.190288066864014,17011000,0.0,0.0
2019-04-05,5.216678329456025,5.225475627737245,5.199084152371857,5.207881450653076,9515600,0.0,0.0
2019-04-08,5.225474996945226,5.243069171905518,5.190286647024643,5.243069171905518,10652700,0.0,0.0
2019-04-09,5.181489970965199,5.207881446308571,5.146301616826217,5.155098915100098,14416600,0.0,0.0
2019-04-10,5.155099522516016,5.181490581490728,5.1375053433734355,5.146302223205566,13640900,0.0,0.0
2019-04-11,5.155098252492562,5.19028660210863,5.137504077684528,5.163895130157471,12022900,0.0,0.0
2019-04-12,5.190286485615852,5.243069008855283,5.172692311202708,5.225474834442139,16105100,0.0,0.0
2019-04-15,5.040735672540568,5.040735672540568,4.952764802583477,4.961561679840088,39245500,0.0,0.0
2019-04-16,4.996751308441162,5.031939665442428,4.979157129940528,4.996751308441162,21111600,0.0,0.0
2019-04-17,5.067127240350638,5.163894989418366,5.058329943447278,5.119909763336182,26628100,0.0,0.0
2019-04-18,5.102316668991659,5.1375050250968455,5.075925192173622,5.111113548278809,13496600,0.0,0.0
2019-04-22,5.1375050250968455,5.1375050250968455,5.084722490939065,5.111113548278809,11826100,0.0,0.0
2019-04-23,5.07592490422622,5.11111325833524,5.05833072717171,5.102316379547119,15914700,0.0,0.0
2019-04-24,5.111112909833119,5.137504383354512,5.06712767993512,5.0935187339782715,23394900,0.0,0.0
2019-04-25,4.697650113459147,4.706446992669812,4.574490448683533,4.662461757659912,72436300,0.0,0.0
2019-04-26,4.697649640248438,4.794417399209435,4.688852342445666,4.715243816375732,27525200,0.0,0.0
2019-04-29,4.71524493254465,4.724041812951526,4.662462391668349,4.680056571960449,24526200,0.0,0.0
2019-04-30,4.6096791193525535,4.688853135048056,4.600882239541008,4.644867897033691,29843800,0.0,0.0
2019-05-01,4.671258414321802,4.697649889653027,4.5920844078063965,4.5920844078063965,24970500,0.0,0.0
2019-05-02,4.58328755561198,4.592084434454591,4.530505024121499,4.565693378448486,29368500,0.0,0.0
2019-05-03,4.521707854389121,4.583287685951695,4.512910975296345,4.556896209716797,28702900,0.0,0.0
2019-05-06,4.451330829108988,4.539301711210301,4.442533950637984,4.521707534790039,28199200,0.0,0.0
2019-05-07,4.460128756076165,4.486519814689399,4.380954741279839,4.433737277984619,39943400,0.0,0.0
2019-05-08,4.389750666556316,4.43373631398594,4.380953788757324,4.380953788757324,22076200,0.0,0.0
2019-05-09,4.328172177786682,4.372157415029269,4.310577998993984,4.354563236236572,29449800,0.0,0.0
2019-05-10,4.3193747206241895,4.363360375735846,4.2753894849908285,4.336968898773193,22776500,0.0,0.0
2019-05-13,4.2489983532862405,4.275389832393368,4.2226072936574415,4.240201473236084,23964600,0.0,0.0
2019-05-14,4.24899864882197,4.266592829624361,4.1874192257527785,4.196216106414795,32932800,0.0,0.0
2019-05-15,4.1522304446696365,4.222607587357562,4.14343356400762,4.196216106414795,21222100,0.0,0.0
2019-05-16,4.310577870167633,4.398548761502014,4.301780571295046,4.363360404968262,75182300,0.0,0.0
2019-05-17,4.354562468774528,4.416142293435098,4.336968293082684,4.345765590667725,34831200,0.0,0.0
2019-05-20,4.4601281207784425,4.504113352028041,4.398548293655099,4.4689249992370605,42968100,0.0,0.0
2019-05-21,4.5481001327985195,4.5481001327985195,4.477723409730423,4.486520290374756,24851200,0.0,0.0
2019-05-22,4.54522499441311,4.5896985645468655,4.536330025905094,4.563014507293701,20785600,0.056,0.0
2019-05-23,4.429592656978772,4.447382168688108,4.402908177347061,4.4206976890563965,17333300,0.0,0.0
2019-05-24,4.5541205406188965,4.580805027877662,4.482962473442903,4.5541205406188965,22388800,0.0,0.0
2019-05-28,4.518540936134618,4.545225420021925,4.447382877949109,4.456277847290039,19535700,0.0,0.0
2019-05-29,4.394014086938711,4.491856623503253,4.385119118098544,4.482961654663086,23746100,0.0,0.0
2019-05-30,4.482961782374632,4.580804321726532,4.474067237416534,4.527435779571533,24526200,0.0,0.0
2019-05-31,4.465172092915233,4.5185406329737265,4.447382579562401,4.491856575012207,16180100,0.0,0.0
2019-06-03,4.4473829761290915,4.482962006007284,4.411803946250898,4.438488006591797,24869000,0.0,0.0
2019-06-04,4.509644797158286,4.5274343054176045,4.474065780639648,4.474065780639648,22725500,0.0,0.0
2019-06-05,4.509646088365038,4.509646088365038,4.4384876108182585,4.491856575012207,15803200,0.0,0.0
2019-06-06,4.474066782153296,4.491856294394772,4.447382301723367,4.465171813964844,15510600,0.0,0.0
2019-06-07,4.491856325903574,4.536329894751518,4.4829613576527265,4.518540382385254,16326000,0.0,0.0
2019-06-10,4.491855628247493,4.509645137850765,4.411802622965087,4.429592132568359,25758100,0.0,0.0
2019-06-11,4.545225219170967,4.6163832742120405,4.527435705410698,4.589698791503906,26815900,0.0,0.0
2019-06-12,4.554120215444441,4.563015185274088,4.5185411843968675,4.536330699920654,12966900,0.0,0.0
2019-06-13,4.536329894751518,4.536329894751518,4.4829613576527265,4.518540382385254,13706800,0.0,0.0
2019-06-14,4.4295932854501805,4.447382799683496,4.402908802032471,4.402908802032471,17647500,0.0,0.0
2019-06-17,4.438487200765732,4.465171680397443,4.411803145269436,4.4206976890563965,12548800,0.0,0.0
2019-06-18,4.482961907041863,4.500751421588241,4.438487908608179,4.456277847290039,15336500,0.0,0.0
2019-06-19,4.500751168207961,4.509646137048128,4.456277596413503,4.482961654663086,12689700,0.0,0.0
2019-06-20,4.563013738412697,4.616382268061718,4.54522422852969,4.598592758178711,17136700,0.0,0.0
2019-06-21,4.563014732931236,4.607488305264175,4.554119763983369,4.589698791503906,12868200,0.0,0.0
2019-06-24,4.527435650593002,4.536330195297711,4.482961654663086,4.482961654663086,19801400,0.0,0.0
2019-06-25,4.456277945666385,4.518541035885478,4.438488006591797,4.438488006591797,23153800,0.0,0.0
2019-06-26,4.491856294394772,4.509645806636248,4.456277269911819,4.465171813964844,14289100,0.0,0.0
2019-06-27,4.456277136610483,4.465171680397443,4.385118665637725,4.4206976890563965,30968300,0.0,0.0
2019-06-28,4.456277847290039,4.474067361836417,4.438487908608179,4.456277847290039,14905700,0.0,0.0
2019-07-01,4.482960322701642,4.482960322701642,4.447381306183004,4.474065780639648,15230800,0.0,0.0
2019-07-02,4.491856474115273,4.509645987068512,4.474066961162032,4.50075101852417,13201400,0.0,0.0
2019-07-03,4.536331023824898,4.5541205406188965,4.527436477495667,4.5541205406188965,7821400,0.0,0.0
2019-07-05,4.5274355000217525,4.5274355000217525,4.46517199261769,4.50075101852417,8113800,0.0,0.0
2019-07-08,4.46517214111821,4.500751168207961,4.456277596413503,4.482961654663086,9045700,0.0,0.0
2019-07-09,4.45627627238033,4.491855288898967,4.429591797923686,4.474065780639648,16437900,0.0,0.0
2019-07-10,4.50075101852417,4.51854053147741,4.48296150557093,4.50075101852417,11442100,0.0,0.0
2019-07-11,4.51854053147741,4.53633004443065,4.491856474115273,4.50075101852417,22504100,0.0,0.0
2019-07-12,4.527436154226514,4.536330699920654,4.5007516688730815,4.536330699920654,20398400,0.0,0.0
2019-07-15,4.545225669750301,4.554120215444441,4.509646638702727,4.536330699920654,18689300,0.0,0.0
2019-07-16,4.580805027877662,4.634173578259656,4.545225994289665,4.5541205406188965,19077000,0.0,0.0
2019-07-17,4.545225219170967,4.625277819024443,4.5363302502231,4.589698791503906,41825300,0.0,0.0
2019-07-18,4.589698463293801,4.607487975781939,4.5363299258293885,4.571908950805664,26896100,0.0,0.0
2019-07-19,4.589698463293801,4.6252774882700765,4.563014406629312,4.571908950805664,28212400,0.0,0.0
2019-07-22,4.59859454467166,4.6074890910008905,4.545225994289665,4.5541205406188965,27722600,0.0,0.0
2019-07-23,4.598592758178711,4.6074873010525295,4.563013738412697,4.598592758178711,14465400,0.0,0.0
2019-07-24,4.625277189868272,4.643066701208711,4.563014112244437,4.607487678527832,18065500,0.0,0.0
2019-07-25,4.936595699464649,5.132280380693359,4.901016666513975,5.070016860961914,92429500,0.0,0.0
2019-07-26,5.061121214305601,5.105594783755881,5.007752676484005,5.087805271148682,38025600,0.0,0.0
2019-07-29,5.084212606909747,5.1111609194591345,5.039299323765963,5.075230121612549,19818500,0.056,0.0
2019-07-30,4.98540140889396,5.0033668016259005,4.895574016905511,4.913539409637451,40569100,0.0,0.0
2019-07-31,4.9135406042942895,4.940488914108669,4.823713618794448,4.859644412994385,17820400,0.0,0.0
2019-08-01,4.877609972544394,4.940489078652915,4.805748381751152,4.823713779449463,22983200,0.0,0.0
2019-08-02,4.850661277770996,4.868626672460456,4.787782182193487,4.850661277770996,17603800,0.0,0.0
2019-08-05,4.787782349318443,4.805747744635013,4.715920768052163,4.751851558685303,18350900,0.0,0.0
2019-08-06,4.814730898113394,4.832696294331664,4.778800105676855,4.805747985839844,19943200,0.0,0.0
2019-08-07,4.724904766016325,4.787783449914205,4.6979564526822974,4.778800964355469,26352300,0.0,0.0
2019-08-08,4.832695883081536,4.868626672460456,4.832695883081536,4.850661277770996,13819000,0.0,0.0
2019-08-09,4.850661928608828,4.895575207194321,4.81473113440889,4.859644412994385,22235300,0.0,0.0
2019-08-12,4.832696455317903,4.832696455317903,4.751851955478191,4.769817352294922,12434600,0.0,0.0
2019-08-13,4.724904465999265,4.841679340821441,4.7159215526820075,4.787783145904541,20177900,0.0,0.0
2019-08-14,4.688973846075043,4.688973846075043,4.590164356809162,4.599146842956543,25831900,0.0,0.0
2019-08-15,4.554232374273995,4.58118025405527,4.51830158234641,4.5452494621276855,18896300,0.0,0.0
2019-08-16,4.6081288637712525,4.644059658050537,4.581180553897362,4.644059658050537,11737100,0.0,0.0
2019-08-19,4.715921483246194,4.715921483246194,4.679990687163961,4.697956085205078,8695600,0.0,0.0
2019-08-20,4.644059260040873,4.662024655640828,4.617110952476532,4.626093864440918,10448200,0.0,0.0
2019-08-21,4.671007539595574,4.679990452329823,4.635076745316289,4.644059658050537,7978500,0.0,0.0
2019-08-22,4.626094669087402,4.6530425530101445,4.53626767546344,4.554233074188232,25989700,0.0,0.0
2019-08-23,4.536267923283363,4.581181208384546,4.491354209853264,4.50033712387085,24543800,0.0,0.0
2019-08-26,4.509318429979885,4.518301341647657,4.473387639966404,4.4913530349731445,10257400,0.0,0.0
2019-08-27,4.500335701075535,4.509318183924366,4.410508302614553,4.4374566078186035,19466000,0.0,0.0
2019-08-28,4.374577445308261,4.428473626534358,4.365594962601631,4.392542839050293,17065200,0.0,0.0
2019-08-29,4.401526846503257,4.4464401278818215,4.401526846503257,4.419492244720459,11566500,0.0,0.0
2019-08-30,4.464405840679643,4.473388754585658,4.43745795561942,4.455423355102539,9925300,0.0,0.0
2019-09-03,4.392543395131381,4.41949170332038,4.347630119254818,4.37457799911499,19577600,0.0,0.0
2019-09-04,4.4105095863342285,4.428474985589665,4.401527100870963,4.4105095863342285,9914900,0.0,0.0
2019-09-05,4.473387972149275,4.491353368490081,4.4464396634736465,4.464405059814453,14572300,0.0,0.0
2019-09-06,4.50033712387085,4.536267923283363,4.473388810147007,4.50033712387085,11933600,0.0,0.0
2019-09-09,4.518302218831638,4.518302218831638,4.482370993513659,4.509319305419922,11863700,0.0,0.0
2019-09-10,4.518302837014707,4.59914692713661,4.491354521421442,4.581181526184082,18800600,0.0,0.0
2019-09-11,4.554233638919762,4.59914692713661,4.536268237967235,4.581181526184082,15379500,0.0,0.0
2019-09-12,4.617110814599646,4.715920701613129,4.608128331232313,4.706937789916992,18786400,0.0,0.0
2019-09-13,4.697956025129659,4.697956025129659,4.635076918625385,4.653042316436768,8965000,0.0,0.0
2019-09-16,4.581181442332843,4.617112243580243,4.563216041709143,4.599146842956543,13017600,0.0,0.0
2019-09-17,4.5452493700767125,4.644059260040873,4.536266886441145,4.626093864440918,18041100,0.0,0.0
2019-09-18,4.608129197835271,4.644059994719341,4.5991462844498106,4.617111682891846,11701100,0.0,0.0
2019-09-19,4.68897253487635,4.715920842440691,4.626093864440918,4.626093864440918,14181100,0.0,0.0
2019-09-20,4.715920768052163,4.787782349318443,4.715920768052163,4.751851558685303,23969500,0.0,0.0
2019-09-23,4.635076918625385,4.653042316436768,4.617111520814003,4.653042316436768,17469800,0.0,0.0
2019-09-24,4.626095242729875,4.635077729041666,4.572199039872291,4.581181526184082,25975000,0.0,0.0
2019-09-25,4.53626767546344,4.563215559386182,4.500336878013855,4.554233074188232,15817000,0.0,0.0
2019-09-26,4.536267958122853,4.536267958122853,4.464405930416996,4.4823713302612305,15995500,0.0,0.0
2019-09-27,4.536267057658663,4.572197850214749,4.4823704404957,4.527284145355225,20225400,0.0,0.0
2019-09-30,4.5452494621276855,4.590163166201579,4.51830158234641,4.5452494621276855,16059600,0.0,0.0
2019-10-01,4.545250294914454,4.545250294914454,4.3745787878233555,4.4105095863342285,54146600,0.0,0.0
2019-10-02,4.374578464677433,4.374578464677433,4.311699786092646,4.329665184020996,31285500,0.0,0.0
2019-10-03,4.320682664121067,4.374578862811251,4.266786465430884,4.347630977630615,23269900,0.0,0.0
2019-10-04,4.374577445308261,4.392542839050293,4.347629568859599,4.392542839050293,13606800,0.0,0.0
2019-10-07,4.401527100870963,4.455423298637272,4.3925441870787925,4.4105095863342285,13957200,0.0,0.0
2019-10-08,4.446439728454811,4.455422640920911,4.383561054507483,4.40152645111084,14806700,0.0,0.0
2019-10-09,4.437457899381836,4.437457899381836,4.3925441870787925,4.4105095863342285,19134400,0.0,0.0
2019-10-10,4.455422001845044,4.473387395871485,4.401525819765722,4.4374566078186035,26240000,0.0,0.0
2019-10-11,4.5901638128098226,4.599146297892652,4.491353906925376,4.509319305419922,30404800,0.0,0.0
2019-10-14,4.50033636135772,4.518301758020015,4.446439743041992,4.446439743041992,26564100,0.0,0.0
2019-10-15,4.482371295835677,4.536267923283363,4.473388810147007,4.50033712387085,17325600,0.0,0.0
2019-10-16,4.563215477594861,4.581180875997641,4.527284680789302,4.572198390960693,17209400,0.0,0.0
2019-10-17,4.742869794472306,4.742869794472306,4.626094493040613,4.697956085205078,36374800,0.0,0.0
2019-10-18,4.697955464035041,4.7069379477034845,4.644059277037919,4.67100715637207,34741600,0.0,0.0
2019-10-21,4.715920859700748,4.733886255366455,4.653041760706363,4.67100715637207,18421900,0.0,0.0
2019-10-22,4.697956025129659,4.706938509870915,4.653042316436768,4.653042316436768,18207300,0.0,0.0
2019-10-23,4.697956096232879,4.706938581110085,4.581180794527072,4.590163707733154,34964500,0.0,0.0
2019-10-24,3.611048471947213,3.6739275799355666,3.4403769745464365,3.50325608253479,251150000,0.0,0.0
2019-10-25,3.4403767204976567,3.458342117406436,3.3685151328625382,3.395463228225708,83786700,0.0,0.0
2019-10-28,3.305636266013092,3.323601663043237,3.21580906669794,3.2247917652130127,82241700,0.0,0.0
2019-10-29,3.1708957337336345,3.2517400244386874,3.14394763683195,3.188861131668091,59696400,0.0,0.0
2019-10-30,3.2068268559884654,3.278688669204712,3.1978441561069917,3.278688669204712,53804500,0.0,0.0
2019-10-31,3.296654068967659,3.3056367688491326,3.260723269441765,3.278688669204712,34401300,0.0,0.0
2019-11-01,3.269705928054745,3.3236021266633373,3.2607232282866465,3.2876713275909424,29752400,0.0,0.0
2019-11-04,3.251739780278226,3.278688089320904,3.2337743836927215,3.2427570819854736,24436200,0.0,0.0
2019-11-05,3.1798784732818604,3.2068265705274515,3.1529303760362697,3.1798784732818604,38602300,0.0,0.0
2019-11-06,3.2247917652130127,3.2697054719528014,3.1798782726376498,3.2247917652130127,41319900,0.0,0.0
2019-11-07,3.2158091471804355,3.242757243400087,3.1798783522209004,3.2068264484405518,25687000,0.0,0.0
2019-11-08,3.197843749700668,3.2158091471804355,3.1619129547411324,3.2068264484405518,20833100,0.0,0.0
2019-11-11,3.143947953696545,3.2068268528044275,3.143947953696545,3.170896053314209,39835800,0.0,0.0
2019-11-12,3.15293025970459,3.170895657205459,3.1349648622037205,3.15293025970459,25814900,0.0,0.0
2019-11-13,3.125982086269732,3.1439474833270182,3.099033990683803,3.116999387741089,23864400,0.0,0.0
2019-11-14,3.036155001020361,3.054120397486151,2.9912412956914674,3.027172088623047,37154300,0.0,0.0
2019-11-15,3.045137878400513,3.1169994684913327,3.036155179639161,3.099034070968628,28503600,0.0,0.0
2019-11-18,3.0900513722072755,3.1349648660140375,3.0900513722072755,3.099034070968628,29076000,0.0,0.0
2019-11-19,3.1169995501832695,3.1169995501832695,3.0631033562026158,3.081068754196167,30007300,0.0,0.0
2019-11-20,3.0361550814273666,3.054120478368937,3.009206771850586,3.009206771850586,18567600,0.0,0.0
2019-11-21,3.045137922738579,3.0541206216307217,3.0181896118977147,3.0361552238464355,20464700,0.0,0.0
2019-11-22,3.05412065720584,3.108016851186494,3.05412065720584,3.081068754196167,16676800,0.0,0.0
2019-11-25,3.1349647847983753,3.152930181855661,3.09005129215516,3.116999387741089,20527900,0.0,0.0
2019-11-26,3.108016851186494,3.108016851186494,3.0631033562026158,3.081068754196167,20520800,0.0,0.0
2019-11-27,3.081068869772242,3.125982366440901,3.0631034711047787,3.1080169677734375,16378100,0.0,0.0
2019-11-29,3.1259822035868376,3.1529303001841202,3.116999504721077,3.1439476013183594,7059900,0.0,0.0
2019-12-02,3.17089586310956,3.179878562443292,3.081068869772242,3.1080169677734375,23665200,0.0,0.0
2019-12-03,3.1439474833270182,3.152930181855661,3.09005129215516,3.116999387741089,24837600,0.0,0.0
2019-12-04,3.1349648660140375,3.170895661059447,3.081068673445923,3.099034070968628,33256000,0.0,0.0
2019-12-05,3.099033950887445,3.152930141367193,3.090051252474154,3.1259820461273193,17146000,0.0,0.0
2019-12-06,3.1259820461273193,3.152930141367193,3.099033950887445,3.1259820461273193,15831700,0.0,0.0
2019-12-09,3.0810687949254563,3.0990341931564958,3.063103396694417,3.0720860958099365,15634900,0.0,0.0
2019-12-10,3.0810687949254563,3.0990341931564958,3.063103396694417,3.0720860958099365,17615100,0.0,0.0
2019-12-11,3.099033990683803,3.116999387741089,3.09005129215516,3.116999387741089,11935300,0.0,0.0
2019-12-12,3.143947557261365,3.2158091471804355,3.143947557261365,3.2068264484405518,23165000,0.0,0.0
2019-12-13,3.2158088674228744,3.2517396592566294,3.161912679672241,3.161912679672241,20458200,0.0,0.0
2019-12-16,3.21580906669794,3.233774463728085,3.197843669667795,3.2247917652130127,13082000,0.0,0.0
2019-12-17,3.260722973379892,3.260722973379892,3.2337746620178223,3.2337746620178223,17659100,0.0,0.0
2019-12-18,3.242757361083699,3.251740060149576,3.2158092638860687,3.2337746620178223,16100900,0.0,0.0
2019-12-19,3.2427571622431577,3.260722773437729,3.2068263681828677,3.2247917652130127,16346200,0.0,0.0
2019-12-20,3.2337743836927215,3.2427570819854736,3.2068262888144647,3.2427570819854736,21917300,0.0,0.0
2019-12-23,3.242757223760452,3.2697055339813232,3.2247918263894912,3.2697055339813232,16354800,0.0,0.0
2019-12-24,3.251739724872399,3.2697053353162113,3.2427570267327015,3.2607226371765137,6768300,0.0,0.0
2019-12-26,3.2607228917958446,3.2697055906369723,3.251739978790283,3.251739978790283,9053900,0.0,0.0
2019-12-27,3.2427570267327015,3.2607226371765137,3.2427570267327015,3.2607226371765137,9342100,0.0,0.0
2019-12-30,3.2786877975206945,3.341566679973798,3.260722402534094,3.3146185874938965,27043500,0.0,0.0
2019-12-31,3.323601682535761,3.3505497782390257,3.3146189839680056,3.3325843811035156,14346300,0.0,0.0
2020-01-02,3.4493590611340634,3.4942727629113306,3.4313936660889173,3.4763071537017822,33109500,0.0,0.0
2020-01-03,3.440377079002423,3.476307876564154,3.4224116802215576,3.4224116802215576,25010100,0.0,0.0
2020-01-06,3.4403768161692483,3.5841002096006362,3.4313941174650635,3.539186716079712,59904600,0.0,0.0
2020-01-07,3.5571523120902264,3.6020660222831933,3.5391869136788165,3.5481696128845215,36689900,0.0,0.0
2020-01-08,3.611048460006714,3.6379967714351507,3.602065975083154,3.611048460006714,32084900,0.0,0.0
2020-01-09,3.65596199355303,3.664944478044025,3.59308288880063,3.6020658016204834,25058700,0.0,0.0
2020-01-10,3.629013858182712,3.6559621696111493,3.611048460006714,3.611048460006714,21242100,0.0,0.0
2020-01-13,3.682909647532095,3.691892559796271,3.6379963711977132,3.6469788551330566,29863200,0.0,0.0
2020-01-14,3.6110482861114788,3.6290136834223277,3.5841001901452056,3.6020658016204834,23327700,0.0,0.0
2020-01-15,3.602065578798675,3.682909647532095,3.593082666534499,3.6469788551330566,21152700,0.0,0.0
2020-01-16,3.709858112607692,3.80866758171188,3.709858112607692,3.7727367877960205,30481300,0.0,0.0
2020-01-17,3.781719217713742,3.7907017008816934,3.7008747275582023,3.7188401222229004,28399600,0.0,0.0
2020-01-21,3.7368065411486477,3.7457894551076167,3.673927856751514,3.7098586559295654,21274900,0.0,0.0
2020-01-22,3.6829097914151756,3.71884058521795,3.6739273071289062,3.6739273071289062,19525800,0.0,0.0
2020-01-23,3.6469788551330566,3.664944251332576,3.6110480627340182,3.6469788551330566,27092100,0.0,0.0
2020-01-24,3.6739274689695507,3.6739274689695507,3.5930829651875924,3.6379966735839844,29042800,0.0,0.0
2020-01-27,3.539186716079712,3.5751175108964515,3.503255921262973,3.539186716079712,31964400,0.0,0.0
2020-01-28,3.584100362742716,3.6559621696111493,3.5751176636547166,3.611048460006714,23543500,0.0,0.0
2020-01-29,3.593083275949255,3.6110486751958453,3.5032562797163047,3.5122389793395996,27725800,0.0,0.0
2020-01-30,3.4852906784497475,3.557152271270752,3.476307765182682,3.557152271270752,23305200,0.0,0.0
2020-01-31,3.52122132219646,3.52122132219646,3.467324915752964,3.48529052734375,25612100,0.0,0.0
2020-02-03,3.5302040209096375,3.5391867196228146,3.467324915752964,3.48529052734375,31627300,0.0,0.0
2020-02-04,3.5212214748602495,3.5751176694760027,3.494273377552373,3.557152271270752,29709900,0.0,0.0
2020-02-05,3.602065721481789,3.6200311183929443,3.5391866181283222,3.6200311183929443,27448400,0.0,0.0
2020-02-06,3.6020657308601143,3.7907021847539504,3.5481693258219003,3.7727367877960205,90257800,0.0,0.0
2020-02-07,3.844600028238735,3.9703578469908147,3.826634625559867,3.9254441261291504,102719700,0.0,0.0
2020-02-10,3.853581815163296,3.8715472145775975,3.7457894186774903,3.826633930206299,63116700,0.0,0.0
2020-02-11,3.979339682574062,4.069167109588718,3.9344263973956504,3.961374282836914,82755600,0.0,0.0
2020-02-12,3.979339682574062,4.033235881785506,3.943408883099766,3.961374282836914,34736900,0.0,0.0
2020-02-13,3.898494720458985,3.952390907539624,3.880529324765438,3.8984947204589844,30693500,0.0,0.0
2020-02-14,3.8715466652077306,3.889512062072754,3.8445987840746194,3.889512062072754,23030800,0.0,0.0
2020-02-18,3.808667168059401,3.817650079727173,3.781719289713692,3.817650079727173,22425300,0.0,0.0
2020-02-19,3.79968509739734,3.8176504943552696,3.7727367877960205,3.7727367877960205,26638600,0.0,0.0
2020-02-20,3.754771791544863,3.763754705146903,3.682910196044122,3.7368063926696777,25590400,0.0,0.0
2020-02-21,3.7188409937944926,3.754771791544863,3.6918931096461627,3.7368063926696777,21086100,0.0,0.0
2020-02-24,3.602065975083154,3.6559621696111493,3.5930830618307152,3.611048460006714,35855100,0.0,0.0
2020-02-25,3.629014074442435,3.629014074442435,3.5032562797163047,3.5122389793395996,35960600,0.0,0.0
2020-02-26,3.5841005650182938,3.9793395613607676,3.5481697666384733,3.7278239727020264,93267200,0.0,0.0
2020-02-27,3.6020659809483195,3.7008754569127604,3.5391868730655007,3.557152271270752,62126700,0.0,0.0
2020-02-28,3.4583417586566365,3.4942727629113306,3.3954628759986254,3.4763071537017822,58527100,0.0,0.0
2020-03-02,3.5122388972851857,3.557152394352373,3.458342486640114,3.5302042961120605,41572100,0.0,0.0
2020-03-03,3.521221425905592,3.5571522218165574,3.35054993116407,3.4044461250305176,45558100,0.0,0.0
2020-03-04,3.4493595744341286,3.46732497215271,3.3864806824190943,3.46732497215271,23839600,0.0,0.0
2020-03-05,3.377498325271929,3.404446424576225,3.2876713275909424,3.2876713275909424,35255400,0.0,0.0
2020-03-06,3.2517399421399706,3.287670951263937,3.1529302560012487,3.2068264484405518,39638300,0.0,0.0
2020-03-09,3.0002244757507057,3.0990343863455214,2.964293677048756,2.973276376724243,54609300,0.0,0.0
2020-03-10,3.045137659241802,3.0541203573566693,2.8834488790097765,2.9822585582733154,42384200,0.0,0.0
2020-03-11,2.910397014334021,2.928362410816716,2.7576909300666954,2.811587333679199,41293600,0.0,0.0
2020-03-12,2.5510887568448166,2.631933258366023,2.3444864749908447,2.3444864749908447,51754600,0.0,0.0
2020-03-13,2.5331233373977646,2.542106035914038,2.2816075647776857,2.461261749267578,31675100,0.0,0.0
2020-03-16,2.1378846896885184,2.2816078861956752,2.1378846896885184,2.1738154888153076,27259500,0.0,0.0
2020-03-17,2.299572825009531,2.3534690129009075,2.20974584519057,2.2726247310638428,29468800,0.0,0.0
2020-03-18,2.2546592515568187,2.353468925696422,2.101953177358481,2.18279767036438,42501300,0.0,0.0
2020-03-19,2.1738156171123726,2.3534696233493713,2.1378848158649726,2.2995734214782715,40297700,0.0,0.0
2020-03-20,2.407365881624116,2.5151582783024047,2.3355040696741356,2.3894004821777344,49575200,0.0,0.0
2020-03-23,2.452278931592709,2.5151578181512764,2.353469038550544,2.3804173469543457,46726700,0.0,0.0
2020-03-24,2.6139677757614685,2.685829362174896,2.5690540700886557,2.640915870666504,47526100,0.0,0.0
2020-03-25,2.6858293212073514,2.8295527060063823,2.604985037725381,2.757690906524658,48724400,0.0,0.0
2020-03-26,2.739725687253978,2.865483683850971,2.739725687253978,2.8295528888702393,35219800,0.0,0.0
2020-03-27,2.712778133586197,2.7666743368367763,2.6409165292520904,2.7037954330444336,31098800,0.0,0.0
2020-03-30,2.6768467007736603,2.7487082881777027,2.6498986054971447,2.7397255897521973,20464500,0.0,0.0
2020-03-31,2.7756564215531263,2.8744663197543816,2.757691024455521,2.7846391201019287,29414900,0.0,0.0
2020-04-01,2.730742243038909,2.757690331917854,2.667863368988037,2.667863368988037,22136800,0.0,0.0
2020-04-02,2.6858294385799004,2.76667372559482,2.649898644351047,2.730742931365967,23224700,0.0,0.0
2020-04-03,2.6858287615740006,2.7127768504529457,2.640915280109092,2.667863368988037,17041700,0.0,0.0
2020-04-06,2.811587687559189,2.8654838837909087,2.7846393752788825,2.838535785675049,23284600,0.0,0.0
2020-04-07,2.9193800800226284,2.9463281781384887,2.8295530863030955,2.838535785675049,27185900,0.0,0.0
2020-04-08,2.883449193896011,2.9463280875667524,2.8565010966085502,2.9103972911834717,18400700,0.0,0.0
2020-04-09,2.937345027923584,3.0002239138761944,2.910396933943894,2.937345027923584,20935300,0.0,0.0
2020-04-13,2.9283626485402623,2.9373453475108224,2.874466454716902,2.919379949569702,11758400,0.0,0.0
2020-04-14,3.009206692157257,3.0810684921848357,3.009206692157257,3.027172088623047,27571000,0.0,0.0
2020-04-15,2.9193797913460995,2.928362489829818,2.84751820347635,2.901414394378662,23708900,0.0,0.0
2020-04-16,2.892431969599429,3.3056365672799823,2.8205703749295745,3.1080169677734375,83467900,0.0,0.0
2020-04-17,3.1619128397804848,3.19784363343365,3.090051252474154,3.1259820461273193,34633100,0.0,0.0
2020-04-20,3.099034350572775,3.161913247575364,3.0720862518573795,3.0900516510009766,16577500,0.0,0.0
2020-04-21,3.090051475308351,3.0990341743694154,3.0002242705332662,3.0181896686553955,22449500,0.0,0.0
2020-04-22,3.0541206216307217,3.081068718307151,3.009206913005572,3.0361552238464355,18067200,0.0,0.0
2020-04-23,3.0271720335109564,3.0990338322302335,3.0181893354415985,3.045137643814087,23344700,0.0,0.0
2020-04-24,3.054120341883445,3.0631030399528023,2.97327584509481,3.045137643814087,16364200,0.0,0.0
2020-04-27,3.0631034711047787,3.1080169677734375,3.054120771771047,3.1080169677734375,12403700,0.0,0.0
2020-04-28,3.1259818454428343,3.134964543279447,3.045137564913323,3.063102960586548,26159500,0.0,0.0
2020-04-29,3.1349648622037205,3.188861054706328,3.0720859709506785,3.15293025970459,22155600,0.0,0.0
2020-04-30,3.3146185144014195,3.3236012116966376,3.197843235399188,3.215808629989624,55906500,0.0,0.0
2020-05-01,3.1708957685566843,3.260722973379892,3.108016875095546,3.2337746620178223,32805500,0.0,0.0
2020-05-04,3.1978438306353185,3.224791927537003,3.14394763683195,3.188861131668091,23352900,0.0,0.0
2020-05-05,3.134965065774633,3.179878562443292,3.1080169677734375,3.1080169677734375,20014700,0.0,0.0
2020-05-06,3.1978439611107556,3.206826660444487,3.1080169677734375,3.1080169677734375,19892300,0.0,0.0
2020-05-07,3.188861131668091,3.215809228569775,3.1619130347664064,3.188861131668091,14401100,0.0,0.0
2020-05-08,3.197843235399188,3.224791327284842,3.179877840808752,3.215808629989624,17414200,0.0,0.0
2020-05-11,3.2158091471804355,3.2247918459203193,3.188861050960784,3.2068264484405518,14346000,0.0,0.0
2020-05-12,3.233774544660203,3.2607228550442855,3.197843749700668,3.2068264484405518,16924300,0.0,0.0
2020-05-13,3.206826745434356,3.2158094450061547,3.054120852713783,3.0900516510009766,27715800,0.0,0.0
2020-05-14,3.0002242887213377,3.0720860958099365,2.946328094028219,3.0720860958099365,24552500,0.0,0.0
2020-05-15,3.1080167697299803,3.1349648660140375,3.063103275923218,3.099034070968628,15698800,0.0,0.0
2020-05-18,3.215809555869939,3.3146194687306063,3.2068268559884654,3.278688669204712,25647700,0.0,0.0
2020-05-19,3.287670495013995,3.359532074960399,3.2786877975206945,3.3146185874938965,21212800,0.0,0.0
2020-05-20,3.359532510917528,3.440376798848169,3.350549812258568,3.431394100189209,22489500,0.0,0.0
2020-05-21,3.4852907135463864,3.4942734127394672,3.377498109064976,3.3864808082580566,20947700,0.0,0.0
2020-05-22,3.4134288189444026,3.467325012730895,3.3954634210155716,3.4583423137664795,18401500,0.0,0.0
2020-05-26,3.503256022752993,3.521221420681824,3.4583423137664795,3.4583423137664795,17394000,0.0,0.0
2020-05-27,3.5122389793395996,3.53020437858619,3.440377168188787,3.5122389793395996,25093200,0.0,0.0
2020-05-28,3.5391870367620273,3.5751178348344212,3.5122389382077315,3.52122163772583,22178900,0.0,0.0
2020-05-29,3.5571523120902264,3.5751177105016363,3.503256116855997,3.5481696128845215,21054000,0.0,0.0
2020-06-01,3.718840596922232,3.7907021847539504,3.7008751999643024,3.7727367877960205,39432800,0.0,0.0
2020-06-02,3.8356159508269285,3.898495055319745,3.826633466373016,3.871546745300293,36621500,0.0,0.0
2020-06-03,3.880530833596472,3.952392444311946,3.8715479180925447,3.9254441261291504,32103100,0.0,0.0
2020-06-04,3.889512047976968,3.9344257541411807,3.8445987701416016,3.8445987701416016,38453700,0.0,0.0
2020-06-05,3.9883221769213923,4.042218370461414,3.9613738659869466,4.006287574768066,33115900,0.0,0.0
2020-06-08,4.060184001922607,4.078149400802973,4.015270290557246,4.060184001922607,38203500,0.0,0.0
2020-06-09,4.051200962452754,4.051200962452754,3.9434081555874516,3.9703564643859863,35176900,0.0,0.0
2020-06-10,3.9973034858703613,4.051200091885525,3.9613727007460824,3.9973034858703613,34982300,0.0,0.0
2020-06-11,3.871546839036471,3.880529752036731,3.6559620669766417,3.6918928623199463,49802300,0.0,0.0
2020-06-12,3.8445988039565893,3.8715466852290588,3.6918927156497623,3.7727367877960205,38508100,0.0,0.0
2020-06-15,3.7278234767777256,3.8535812543771364,3.682909770613513,3.8445987701416016,39958300,0.0,0.0
2020-06-16,3.952390907539624,3.9793387869155343,3.8625639290718916,3.8984947204589844,36960900,0.0,0.0
2020-06-17,3.970357196869946,3.988322596607094,3.9344263973956504,3.961374282836914,31784500,0.0,0.0
2020-06-18,3.9434095288080186,3.9613749314868874,3.9074787234502817,3.9254441261291504,26224100,0.0,0.0
2020-06-19,3.9703565621297825,3.9703565621297825,3.8625641809396427,3.889512062072754,21062200,0.0,0.0
2020-06-22,3.8715466652077306,3.9254428558028005,3.8535812683427073,3.889512062072754,20886700,0.0,0.0
2020-06-23,3.943408252667824,3.961373649532847,3.889512062072754,3.889512062072754,20228600,0.0,0.0
2020-06-24,3.8715466852290588,3.8805295978724486,3.7457889065235515,3.7727367877960205,36423100,0.0,0.0
2020-06-25,3.7547704721171065,3.9973034858703613,3.7278225974382697,3.9973034858703613,43493900,0.0,0.0
2020-06-26,3.970356303233171,3.9883216989267174,3.8895118084478013,3.8984947204589844,40939600,0.0,0.0
2020-06-29,3.9164607691913864,3.961374051749777,3.871547058304104,3.907477855682373,30304200,0.0,0.0
2020-06-30,3.8625646296895337,3.96137410976235,3.8625646296895337,3.9523916244506836,21533700,0.0,0.0
2020-07-01,3.9164607691913864,3.961374051749777,3.8984953705022516,3.907477855682373,24728800,0.0,0.0
2020-07-02,3.9793388689620532,4.042217969350325,3.9793388689620532,3.9883217811584473,26431200,0.0,0.0
2020-07-06,4.158993579355487,4.266785964069904,4.12306278445068,4.132045269012451,56523000,0.0,0.0
2020-07-07,4.1050973377060185,4.114079822159931,3.8625642608463804,3.871546745300293,59104900,0.0,0.0
2020-07-08,3.7368064581325298,3.7817201702717567,3.691893174322206,3.7278239727020264,56456500,0.0,0.0
2020-07-09,3.718840503711455,3.781719605652602,3.6469789176809093,3.745788812637329,37914500,0.0,0.0
2020-07-10,3.6918920842535266,3.7368053548027502,3.6739266903680816,3.7008745670318604,25485100,0.0,0.0
2020-07-13,3.808667904889187,3.8715470137418535,3.7547717094421387,3.7547717094421387,37504700,0.0,0.0
2020-07-14,3.8086683271356017,3.889512843433411,3.8086683271356017,3.88053035736084,38867000,0.0,0.0
2020-07-15,3.943408252667824,3.952391165264759,3.8445987840746194,3.889512062072754,29809700,0.0,0.0
2020-07-16,3.8356162100185833,3.853581608469277,3.7996854131171967,3.8086678981781006,21948700,0.0,0.0
2020-07-17,3.9164606064776186,4.015270080998262,3.8984952085348765,3.943408489227295,50071100,0.0,0.0
2020-07-20,3.9523902186293856,4.024251788877943,3.9523902186293856,3.9973034858703613,30552900,0.0,0.0
2020-07-21,4.051201625388642,4.0601841109054835,3.9793395996093754,3.979339599609375,26432000,0.0,0.0
2020-07-22,4.015269424801318,4.087131433157083,3.997304029794577,4.04221773147583,23368000,0.0,0.0
2020-07-23,4.02425405502742,4.033236542202361,3.862565430917604,3.9254441261291504,35977300,0.0,0.0
2020-07-24,3.898495601678726,3.916461001433189,3.85358188812811,3.8625648021698,22774400,0.0,0.0
2020-07-27,3.8895118084478013,3.9254425998348945,3.880529324765438,3.8984947204589844,21065900,0.0,0.0
2020-07-28,3.871546651177052,3.889512047976968,3.8266333733416857,3.8445987701416016,19863400,0.0,0.0
2020-07-29,3.8715464127542547,3.916460116152531,3.8625639290718916,3.8984947204589844,15453400,0.0,0.0
2020-07-30,3.790701257241385,4.069165484447664,3.736805079554967,3.9973034858703613,58415900,0.0,0.0
2020-07-31,4.365595175270609,4.446439236883668,4.167975406152475,4.293733596801758,117875600,0.0,0.0
2020-08-03,4.455422482308724,4.608128562165371,4.437457086344932,4.5452494621276855,62489200,0.0,0.0
2020-08-04,4.527285323326498,4.617112328089138,4.500337436062179,4.581181526184082,42735100,0.0,0.0
2020-08-05,4.554232131661138,4.581180010006847,4.4823701233053725,4.4913530349731445,36259200,0.0,0.0
2020-08-06,4.464404728298632,4.5003359466409165,4.446439333291892,4.4913530349731445,30262600,0.0,0.0
2020-08-07,4.446439411054877,4.482370201696745,4.4284740157339435,4.473387718200684,21405300,0.0,0.0
2020-08-10,4.455423298637272,4.464405784100538,4.383561701615527,4.4105095863342285,21177600,0.0,0.0
2020-08-11,4.446440441196525,4.536267866941028,4.419492556136301,4.455423355102539,40259300,0.0,0.0
2020-08-12,4.545249287213266,4.563214682485698,4.500336013196592,4.536266803741455,21654000,0.0,0.0
2020-08-13,4.51830158234641,4.563214858091477,4.4913532742363085,4.5452494621276855,21989500,0.0,0.0
2020-08-14,4.5003359466409165,4.509318429979885,4.464404728298632,4.4913530349731445,18991900,0.0,0.0
2020-08-17,4.527284761936598,4.5721984729130245,4.500336878013855,4.554233074188232,24050200,0.0,0.0
2020-08-18,4.608129187766252,4.6171116728032,4.518302195752355,4.572198390960693,18338100,0.0,0.0
2020-08-19,4.581180334189354,4.590163246492793,4.500336265102577,4.527284145355225,20351200,0.0,0.0
2020-08-20,4.4823701895953505,4.545249287213266,4.4823701895953505,4.536266803741455,15366400,0.0,0.0
2020-08-21,4.4374571794676605,4.491353368490081,4.4374571794676605,4.464405059814453,15015100,0.0,0.0
2020-08-24,4.545248886500331,4.545248886500331,4.4913527054345685,4.518301010131836,12604400,0.0,0.0
2020-08-25,4.545249541633268,4.563214937911312,4.4913533527991385,4.527284145355225,13587400,0.0,0.0
2020-08-26,4.536266803741455,4.554232199013886,4.509318496668403,4.536266803741455,19752400,0.0,0.0
2020-08-27,4.50931960955952,4.536267923283363,4.455423410440751,4.50033712387085,25348600,0.0,0.0
2020-08-28,4.482370456155261,4.509318764830888,4.42847426713284,4.464405059814453,20820200,0.0,0.0
2020-08-31,4.437457244317553,4.437457244317553,4.365595657904126,4.40152645111084,22437800,0.0,0.0
2020-09-01,4.356613171879012,4.356613171879012,4.2039070716386355,4.248820781707764,49143200,0.0,0.0
2020-09-02,4.266785290711542,4.329664386036183,4.221871590004113,4.293733596801758,31895600,0.0,0.0
2020-09-03,4.230854248522384,4.230854248522384,4.015269097676465,4.0691657066345215,63168200,0.0,0.0
2020-09-04,4.0601836865099985,4.078149083994734,3.916460506632114,4.024252891540527,45584000,0.0,0.0
2020-09-08,3.7727374427357314,3.817651157091912,3.682910442352295,3.682910442352295,67144100,0.0,0.0
2020-09-09,3.763753823049044,3.7907017008816934,3.709857639054949,3.7188401222229004,47162700,0.0,0.0
2020-09-10,3.7637549568618502,3.7727374427357314,3.664945042275608,3.682910442352295,35018300,0.0,0.0
2020-09-11,3.709858756631788,3.7278241567084756,3.6469796421989202,3.682910442352295,27316100,0.0,0.0
2020-09-14,3.71884058521795,3.727823497833068,3.655961910227519,3.6739273071289062,21318000,0.0,0.0
2020-09-15,3.772737190420048,3.772737190420048,3.709858508521348,3.7368063926696777,24076200,0.0,0.0
2020-09-16,3.7547719407376734,3.7547719407376734,3.6918932563405398,3.7098586559295654,30873400,0.0,0.0
2020-09-17,3.664943938228806,3.7278230337196474,3.6559614550608543,3.7188401222229004,28414600,0.0,0.0
2020-09-18,3.6829097914151756,3.71884058521795,3.629013600711014,3.6739273071289062,20339400,0.0,0.0
2020-09-21,3.5481695721681263,3.5661349703733776,3.4852906784497475,3.557152271270752,29189500,0.0,0.0
2020-09-22,3.5571517158061776,3.584099808905993,3.503255529606546,3.5751171112060547,15175300,0.0,0.0
2020-09-23,3.5661348157623474,3.5751175144755245,3.476307614466142,3.48529052734375,19322600,0.0,0.0
2020-09-24,3.4583421154108764,3.4852904249229204,3.4224113216140504,3.44935941696167,19266900,0.0,0.0
2020-09-25,3.395463228225708,3.4044459266800975,3.341567037499369,3.395463228225708,32637600,0.0,0.0
2020-09-28,3.45834237278184,3.5391868790055976,3.4403769745464365,3.50325608253479,28025500,0.0,0.0
2020-09-29,3.5571523120902264,3.629013905735866,3.5302042144731116,3.5481696128845215,25047400,0.0,0.0
2020-09-30,3.5481697778327796,3.575117876702665,3.5032562797163047,3.5122389793395996,24780800,0.0,0.0
2020-10-01,3.5122381579564768,3.52122085547905,3.4493590611340634,3.4763071537017822,17028000,0.0,0.0
2020-10-02,3.413428702871289,3.4673248948250497,3.413428702871289,3.431394100189209,19307700,0.0,0.0
2020-10-05,3.5481696949389354,3.557152394352373,3.485290799044874,3.5302042961120605,15811400,0.0,0.0
2020-10-06,3.575117876702665,3.593083275949255,3.476307966681967,3.5122389793395996,23824300,0.0,0.0
2020-10-07,3.50325608253479,3.521221480770194,3.467325071899542,3.50325608253479,15216500,0.0,0.0
2020-10-08,3.503256116855997,3.5751177105016363,3.494273417650292,3.5481696128845215,19386200,0.0,0.0
2020-10-09,3.655961912215254,3.709858102948719,3.611048205772942,3.6200311183929443,35552900,0.0,0.0
2020-10-12,3.637996515304099,3.646978999595252,3.602065721481789,3.6200311183929443,18341200,0.0,0.0
2020-10-13,3.6559618474141,3.66494433154604,3.6020656576359333,3.6290135383605957,19771400,0.0,0.0
2020-10-14,3.6379967656857057,3.682910046890282,3.6200313675380995,3.664944648742676,20957600,0.0,0.0
2020-10-15,3.5841000468787905,3.6290135383605957,3.5751173485824297,3.6290135383605957,15456600,0.0,0.0
2020-10-16,3.6290136026840973,3.655961912215254,3.611048205772942,3.6200311183929443,13355000,0.0,0.0
2020-10-19,3.709858427400708,3.7996854198124557,3.70087551399509,3.7547717094421387,36642500,0.0,0.0
2020-10-20,3.8445988039565893,3.8445988039565893,3.7457889065235515,3.7727367877960205,39536900,0.0,0.0
2020-10-21,3.8356158575772206,3.898494960541349,3.790702151413008,3.8445987701416016,43146600,0.0,0.0
2020-10-22,3.8625634625308245,3.8625634625308245,3.7637535839866936,3.8356151580810547,33773200,0.0,0.0
2020-10-23,3.817651088619184,3.871547287882573,3.790702774823031,3.8625648021698,15898800,0.0,0.0
2020-10-26,3.8625638609373656,3.8715463444612803,3.7547710603487006,3.799684762954712,34590500,0.0,0.0
2020-10-27,3.781720014666503,3.844599123408373,3.781720014666503,3.8086678981781006,24062200,0.0,0.0
2020-10-28,3.6379966735839844,3.6739274689695507,3.5930829651875924,3.6379966735839844,47238600,0.0,0.0
2020-10-29,3.090051272252078,3.0990339707228634,2.8834489932595924,3.009206771850586,149133000,0.0,0.0
2020-10-30,3.036155001020361,3.045137699253256,2.9822585974585722,3.027172088623047,65867800,0.0,0.0
2020-11-02,3.0361549200135274,3.0361549200135274,2.9014142359506643,2.937345027923584,41682300,0.0,0.0
2020-11-03,2.97327584509481,3.116999228368949,2.964293147025452,3.045137643814087,52419300,0.0,0.0
2020-11-04,3.063102761033151,3.116998944541625,3.0181890606116935,3.0541200637817383,38149500,0.0,0.0
2020-11-05,3.1529303760362697,3.2427573668549057,3.143947676954406,3.1798784732818604,43167600,0.0,0.0
2020-11-06,3.1529299817138026,3.1888607735475576,3.1080164919216084,3.161912679672241,29258000,0.0,0.0
2020-11-09,3.395463767663868,3.404446467545341,3.251740355395833,3.278688669204712,49820900,0.0,0.0
2020-11-10,3.35953215466636,3.3774975500791955,3.2966532707214355,3.2966532707214355,37387900,0.0,0.0
2020-11-11,3.305636361642473,3.3954633493918207,3.287670964092604,3.3685152530670166,40456000,0.0,0.0
2020-11-12,3.3685152530670166,3.4313941444915597,3.341567156742212,3.3685152530670166,46774600,0.0,0.0
2020-11-13,3.359532784488529,3.4673251771737212,3.359532784488529,3.4224116802215576,46253800,0.0,0.0
2020-11-16,3.476307771017244,3.5302041798878956,3.449359673664138,3.50325608253479,37591800,0.0,0.0
2020-11-17,3.476307885466989,3.5481696949389354,3.458342486640114,3.5302042961120605,27364100,0.0,0.0
2020-11-18,3.539186716079712,3.5751175108964515,3.530204017375527,3.539186716079712,28103600,0.0,0.0
2020-11-19,3.4673248757370243,3.512238582948999,3.4493594785180055,3.4942731857299805,30776700,0.0,0.0
2020-11-20,3.503256116855997,3.5661350112959314,3.494273417650292,3.5481696128845215,29367100,0.0,0.0
2020-11-23,3.5302036616239625,3.5751171506187895,3.521220963824997,3.566134452819824,32393600,0.0,0.0
2020-11-24,3.6200311957661637,3.700875269429868,3.6020657984710227,3.6559619903564453,25386800,0.0,0.0
2020-11-25,3.673927856751514,3.718841141559622,3.6649449427925447,3.7098586559295654,16995800,0.0,0.0
2020-11-27,3.7008757419705964,3.718841141559622,3.6918932563405398,3.7098586559295654,8288300,0.0,0.0
2020-11-30,3.664944396506407,3.691892706037564,3.611048205772942,3.6200311183929443,20845200,0.0,0.0
2020-12-01,3.6469788551330566,3.6739271635967516,3.6379963711977132,3.6469788551330566,20161200,0.0,0.0
2020-12-02,3.584099968434739,3.6469788551330566,3.56613457223522,3.6469788551330566,23692300,0.0,0.0
2020-12-03,3.6200313732591525,3.6469792563587107,3.602065975083154,3.611048460006714,18883600,0.0,0.0
2020-12-04,3.611048205772942,3.6200311183929443,3.58410011040621,3.6200311183929443,19651500,0.0,0.0
2020-12-07,3.6290134589335374,3.682909647532095,3.620030974998194,3.6469788551330566,21546500,0.0,0.0
2020-12-08,3.6829092618232373,3.799684539054724,3.6829092618232373,3.7907016277313232,35820000,0.0,0.0
2020-12-09,3.8086678880902793,3.844599113225383,3.754771692880951,3.7637546062469482,31808800,0.0,0.0
2020-12-10,3.709858112607692,3.7907021847539504,3.7008751999643024,3.7727367877960205,27951000,0.0,0.0
2020-12-11,3.6559617673972324,3.682909647532095,3.593082666534499,3.6469788551330566,34215600,0.0,0.0
2020-12-14,3.6379968538562366,3.6559622524392523,3.575117744651237,3.593083143234253,21093200,0.0,0.0
2020-12-15,3.6469796421989202,3.7008758424289825,3.6200317562483515,3.682910442352295,18725600,0.0,0.0
2020-12-16,3.602065618573178,3.6200310149710737,3.575117309811916,3.5841000080108643,19877700,0.0,0.0
2020-12-17,3.6739271635967516,3.6739271635967516,3.6110480627340182,3.6469788551330566,26082200,0.0,0.0
2020-12-18,3.6290139404002844,3.6469793389833,3.575117744651237,3.593083143234253,20259700,0.0,0.0
2020-12-21,3.476307771017244,3.521221480770194,3.4403769745464365,3.50325608253479,26116600,0.0,0.0
2020-12-22,3.476307614466142,3.5032559247701047,3.4493595183266095,3.48529052734375,25157100,0.0,0.0
2020-12-23,3.458342217039787,3.52122132219646,3.458342217039787,3.48529052734375,27033500,0.0,0.0
2020-12-24,3.50325588433949,3.521221281558508,3.4942731857299805,3.4942731857299805,7298800,0.0,0.0
2020-12-28,3.50325608253479,3.5391868790055976,3.494273383417088,3.50325608253479,18694700,0.0,0.0
2020-12-29,3.5481696949389354,3.5751177931792477,3.5302042961120605,3.5302042961120605,19875400,0.0,0.0
2020-12-30,3.539186678777527,3.557152075996546,3.485290487120471,3.4942731857299805,17464600,0.0,0.0
2020-12-31,3.4852908804697145,3.53020437858619,3.476307966681967,3.5122389793395996,17088900,0.0,0.0
2021-01-04,3.5841001718250736,3.5841001718250736,3.458342177127515,3.4942731857299805,30281400,0.0,0.0
2021-01-05,3.5841000468787905,3.646978934953318,3.5481692536933465,3.6290135383605957,38446200,0.0,0.0
2021-01-06,3.6020656576359333,3.673927244006822,3.6020656576359333,3.6290135383605957,37467400,0.0,0.0
2021-01-07,3.602065618573178,3.6200310149710737,3.5661346116129686,3.5841000080108643,25318000,0.0,0.0
2021-01-08,3.539186995525498,3.557152394352373,3.5032561978717482,3.5302042961120605,23978700,0.0,0.0
2021-01-11,3.4493590611340634,3.5391862505241956,3.4403763636114904,3.4763071537017822,37045200,0.0,0.0
2021-01-12,3.5391866968680836,3.6110482861114788,3.530203998212659,3.6020658016204834,26065000,0.0,0.0
2021-01-13,3.5122382273064847,3.5751171112060547,3.5122382273064847,3.5751171112060547,33763400,0.0,0.0
2021-01-14,3.7008751883165627,3.8176504823400044,3.655961910227519,3.6739273071289062,93198600,0.0,0.0
2021-01-15,3.673927561980918,3.718840843185494,3.6290138524474638,3.664944648742676,36639300,0.0,0.0
2021-01-19,3.6559624571624885,3.7637548546966424,3.620031657984437,3.7098586559295654,40539400,0.0,0.0
2021-01-20,3.7278235095656216,3.79968509739734,3.7278235095656216,3.7727367877960205,43924100,0.0,0.0
2021-01-21,3.7547708390952943,3.799684539054724,3.7368054447772803,3.7907016277313232,22026300,0.0,0.0
2021-01-22,3.763754303481481,3.7907021847539504,3.718840596922232,3.7727367877960205,29126700,0.0,0.0
2021-01-25,4.078149271217897,4.419492267427401,4.069166786227585,4.3566131591796875,296379300,0.0,0.0
2021-01-26,4.563215467205013,4.733886965807264,4.141028391536516,4.248820781707764,379387300,0.0,0.0
2021-01-27,4.482370537684248,8.794070021190944,4.374578157678791,5.883673191070557,1123003300,0.0,0.0
2021-01-28,4.6530426392417406,4.9674377652454105,4.123063152874179,4.212890148162842,675220900,0.0,0.0
2021-01-29,4.608128052640657,4.688972111374311,4.069165804991588,4.096113681793213,362323300,0.0,0.0
2021-02-01,4.464404414018423,4.482369807760455,4.185940596852532,4.392542839050293,194969200,0.0,0.0
2021-02-02,4.257802124672644,4.275767946544509,3.9523904344400136,4.0691657066345215,165679700,0.0,0.0
2021-02-03,4.1589941214345485,4.275769434259975,4.0601842084031174,4.221872806549072,95964300,0.0,0.0
2021-02-04,4.033236542202361,4.096115665742894,3.862565430917604,3.9254441261291504,151036400,0.0,0.0
2021-02-05,3.8895115106447955,3.8895115106447955,3.7727362334133088,3.7907016277313232,107577200,0.0,0.0
2021-02-08,3.8445993296206002,3.9074780134061995,3.781720217506092,3.826633930206299,79270400,0.0,0.0
2021-02-09,3.8266337148222735,3.835616199859386,3.745789207843839,3.7637546062469482,83593900,0.0,0.0
2021-02-10,3.781719605652602,3.7907020897420005,3.6829097106961823,3.745788812637329,79240200,0.0,0.0
2021-02-11,3.7368066425823567,3.7457895567851627,3.655962556401726,3.682910442352295,63166100,0.0,0.0
2021-02-12,3.6918926231144202,3.7907020897420005,3.655961830099147,3.745788812637329,50557400,0.0,0.0
2021-02-16,3.7457894551076167,3.772737340326699,3.6829103423815703,3.7098586559295654,42745500,0.0,0.0
2021-02-17,3.682909949319687,3.700875346991339,3.637996669304989,3.6918928623199463,50251800,0.0,0.0
2021-02-18,3.6559612964826367,3.7188399609173053,3.6379959025971917,3.7008745670318604,43669200,0.0,0.0
2021-02-19,3.7098581822418675,3.7188406667250087,3.6469790775444455,3.6559619903564453,28413700,0.0,0.0
2021-02-22,3.611048465886505,3.629013864091756,3.557152271270752,3.557152271270752,56342100,0.0,0.0
2021-02-23,3.5302042144731116,3.5661350112959314,3.44037700825162,3.5481696128845215,68365800,0.0,0.0
2021-02-24,3.5391865553969852,3.700875124731484,3.512238460507902,3.6290135383605957,77998700,0.0,0.0
2021-02-25,3.817650650511817,3.8984951542937756,3.6020658781984176,3.6379966735839844,121260400,0.0,0.0
2021-02-26,3.602066147553167,3.629014031943013,3.5122389382077315,3.52122163772583,69186700,0.0,0.0
2021-03-01,3.5841000468787905,3.682909728138762,3.5751173485824297,3.6290135383605957,40902400,0.0,0.0
2021-03-02,3.6200310542286553,3.6559618474141,3.5930827451751517,3.6290135383605957,29041800,0.0,0.0
2021-03-03,3.5930825066059318,3.611047902005809,3.548169018106239,3.5751171112060547,41330300,0.0,0.0
2021-03-04,3.55715209557908,3.5930828902149208,3.368515209576488,3.431394100189209,77661700,0.0,0.0
2021-03-05,3.476307614466142,3.5032559247701047,3.3864806273343673,3.48529052734375,60969100,0.0,0.0
2021-03-08,3.4673244561792096,3.566134343091915,3.4403763636114904,3.4763071537017822,44731700,0.0,0.0
2021-03-09,3.557152271270752,3.6020659809483195,3.5481695721681263,3.557152271270752,28745800,0.0,0.0
2021-03-10,3.629013864091756,3.6379967773588215,3.5212214748602495,3.557152271270752,48054800,0.0,0.0
2021-03-11,3.664945042275608,3.7188412425056696,3.637997156325039,3.682910442352295,47804000,0.0,0.0
2021-03-12,3.6739267788286236,3.7907016277313232,3.664943867505223,3.7907016277313232,42936700,0.0,0.0
2021-03-15,3.85358188812811,3.9434088869004253,3.826634002660874,3.8625648021698,59527500,0.0,0.0
2021-03-16,3.88052992030976,3.907477803821357,3.7637546162158095,3.8086678981781006,37064700,0.0,0.0
2021-03-17,3.7637542703775573,3.8625641669415174,3.7368059610132605,3.8445987701416016,24682500,0.0,0.0
2021-03-18,3.629014074442435,3.709858585216543,3.5122389793395996,3.5122389793395996,83759200,0.0,0.0
2021-03-19,3.53918686730272,3.6739275677871475,3.5302041682147207,3.611048460006714,47529100,0.0,0.0
2021-03-22,3.6559617673972324,3.691892559796271,3.6290134589335374,3.6469788551330566,31188900,0.0,0.0
2021-03-23,3.646978692805563,3.6649440882054405,3.5751171112060547,3.5751171112060547,33771300,0.0,0.0
2021-03-24,3.5751178348344212,3.5930832338706185,3.52122163772583,3.52122163772583,35003500,0.0,0.0
2021-03-25,3.521220963824997,3.5930825462167206,3.503255568227066,3.566134452819824,37997300,0.0,0.0
2021-03-26,3.6110480627340182,3.6739271635967516,3.56613457223522,3.6469788551330566,34522200,0.0,0.0
2021-03-29,3.629013858182712,3.664944654534709,3.5930830618307152,3.611048460006714,26233600,0.0,0.0
2021-03-30,3.5841000080108643,3.593082706209812,3.5122384224192817,3.5841000080108643,29751400,0.0,0.0
2021-03-31,3.5661349703733776,3.593083067681254,3.557152271270752,3.557152271270752,18639300,0.0,0.0
2021-04-01,3.593083143234253,3.6290139404002844,3.5661350453597294,3.593083143234253,24315900,0.0,0.0
2021-04-05,3.6020658781984176,3.6379966735839844,3.5930829651875924,3.6379966735839844,21294300,0.0,0.0
2021-04-06,3.6110485418172686,3.6290139404002844,3.584100443942745,3.593083143234253,24788100,0.0,0.0
2021-04-07,3.620031275891201,3.6379966735839844,3.5930829651875924,3.6379966735839844,30073100,0.0,0.0
2021-04-08,3.664944251332576,3.682909647532095,3.6110480627340182,3.6469788551330566,20646800,0.0,0.0
2021-04-09,3.6649449427925447,3.727824055518591,3.6559624571624885,3.7098586559295654,45389600,0.0,0.0
2021-04-12,3.691892784946727,3.7098581822418675,3.6559619903564453,3.6559619903564453,20166000,0.0,0.0
2021-04-13,3.6649449427925447,3.727824055518591,3.646979543203519,3.7098586559295654,23394700,0.0,0.0
2021-04-14,3.7098586559295654,3.7457894551076167,3.6918932563405398,3.7098586559295654,28670000,0.0,0.0
2021-04-15,3.7008757419705964,3.7457894551076167,3.6829103423815703,3.7098586559295654,26112500,0.0,0.0
2021-04-16,3.7278238258830574,3.7637546228477565,3.709858427400708,3.7547717094421387,22913700,0.0,0.0
2021-04-19,3.745788812637329,3.7907020897420005,3.727823416129693,3.745788812637329,32936800,0.0,0.0
2021-04-20,3.709858573512116,3.7278239727020264,3.691893174322206,3.7278239727020264,31939900,0.0,0.0
2021-04-21,3.7188410502557314,3.7907026468475093,3.7098585648462103,3.7817201614379883,24943500,0.0,0.0
2021-04-22,3.772737190420048,3.7996855028972734,3.7368063926696777,3.7368063926696777,30173600,0.0,0.0
2021-04-23,3.7368059938801617,3.7727367877960205,3.7008751999643024,3.7727367877960205,24054100,0.0,0.0
2021-04-26,3.7817197004394103,3.79968509739734,3.7457889065235515,3.7727367877960205,33928800,0.0,0.0
2021-04-27,3.7727362334133088,3.799684539054724,3.745788356100681,3.7907016277313232,29219000,0.0,0.0
2021-04-28,3.8266334069986594,3.8625642009145187,3.763754303481481,3.7727367877960205,30467300,0.0,0.0
2021-04-29,4.3655953474763045,4.428474016952469,4.087131505760801,4.1949238777160645,165782300,0.0,0.0
2021-04-30,4.275768548724164,4.338647220816159,4.15899326008356,4.203906536102295,67006400,0.0,0.0
2021-05-03,4.275769306082908,4.437457899381836,4.23983807924313,4.4105095863342285,73060400,0.0,0.0
2021-05-04,4.311700233847964,4.338648119374498,4.141028721640554,4.221872806549072,54431800,0.0,0.0
2021-05-05,4.302716953950845,4.356613148750341,4.275769070715538,4.311699867248535,39932100,0.0,0.0
2021-05-06,4.311699327222037,4.383560911287599,4.302716415049428,4.37457799911499,37305600,0.0,0.0
2021-05-07,4.509319922373971,4.653043129994194,4.473389120468914,4.581181526184082,75594600,0.0,0.0
2021-05-10,4.6171108807681565,4.6260937925930286,4.45542232287975,4.473387718200684,56138800,0.0,0.0
2021-05-11,4.356612838323966,4.437457338927152,4.329664957008805,4.428474426269531,48344900,0.0,0.0
2021-05-12,4.3566127648829385,4.383561074072673,4.212889591414602,4.2308549880981445,44321400,0.0,0.0
2021-05-13,4.2757685338127835,4.302716413664281,4.1859411254309205,4.266785621643066,34768600,0.0,0.0
2021-05-14,4.347630261300769,4.40152645111084,4.302716555627956,4.40152645111084,24306400,0.0,0.0
2021-05-17,4.383561701615527,4.428474985589665,4.36559630236009,4.4105095863342285,21961100,0.0,0.0
2021-05-18,4.482370201696745,4.554232211309293,4.446439411054877,4.473387718200684,43302500,0.0,0.0
2021-05-19,4.401525819765722,4.464404484693874,4.392542908588112,4.4374566078186035,27387100,0.0,0.0
2021-05-20,4.446439480112553,4.626093864440918,4.4374569964769845,4.626093864440918,49555700,0.0,0.0
2021-05-21,4.626093780103612,4.6350762635754235,4.527283891940834,4.536266803741455,38946200,0.0,0.0
2021-05-24,4.527284703914468,4.5721984143152765,4.491353906925376,4.509319305419922,20700400,0.0,0.0
2021-05-25,4.527283824986625,4.536266736654397,4.446439333291892,4.4913530349731445,26384100,0.0,0.0
2021-05-26,4.428474346379697,4.518301758020015,4.419491862212971,4.446439743041992,46709100,0.0,0.0
2021-05-27,4.455423167037428,4.581180958110975,4.455423167037428,4.554233074188232,52034900,0.0,0.0
2021-05-28,4.671007315381713,4.751851812793899,4.617111126549866,4.635076522827148,68837800,0.0,0.0
2021-06-01,4.67999085032762,4.715921647662547,4.626094654325229,4.662025451660156,29907300,0.0,0.0
2021-06-02,4.715920622096652,4.985401971833695,4.706937710551979,4.895574569702148,122532600,0.0,0.0
2021-06-03,5.030315880730436,5.111160381541322,4.859644394756817,4.922523498535156,100445400,0.0,0.0
2021-06-04,4.940488895567703,5.003367999346042,4.89557518882191,4.922523498535156,31582700,0.0,0.0
2021-06-07,4.922523711306979,5.057264409039554,4.895575400428915,5.039299011230469,46400100,0.0,0.0
2021-06-08,5.003368074747405,5.111160458567128,4.976419764628044,5.012350559234619,48799900,0.0,0.0
2021-06-09,4.985403260298437,5.03929945850942,4.913541234354883,4.931506633758545,45972000,0.0,0.0
2021-06-10,4.886593818664551,4.931507107322191,4.8416801016779605,4.886593818664551,26553200,0.0,0.0
2021-06-11,4.922523435941526,4.940488832745629,4.841678936158639,4.877609729766846,20367500,0.0,0.0
2021-06-14,4.913539964462698,4.922522876007372,4.868626691725723,4.895574569702148,18049500,0.0,0.0
2021-06-15,4.877609325901293,4.886592237723984,4.7428690751914235,4.751851558685303,28954100,0.0,0.0
2021-06-16,4.71592125993171,4.733886657122105,4.635076758410504,4.6889729499816895,27315300,0.0,0.0
2021-06-17,4.626094038852924,4.715921020239335,4.599145730272584,4.635076522827148,21979300,0.0,0.0
2021-06-18,4.59914692713661,4.635077729041666,4.554233638919762,4.581181526184082,32587600,0.0,0.0
2021-06-21,4.59914692713661,4.617112328089138,4.572199039872291,4.581181526184082,17269200,0.0,0.0
2021-06-22,4.617111590693647,4.617111590693647,4.563215396443785,4.590163707733154,20408100,0.0,0.0
2021-06-23,4.590162989558749,4.6171108683029916,4.536266803741455,4.536266803741455,19223900,0.0,0.0
2021-06-24,4.644059994719341,4.653042479775915,4.590163799393236,4.617111682891846,22525900,0.0,0.0
2021-06-25,4.760834323162425,5.075228945636442,4.760834323162425,4.895574569702148,80335300,0.0,0.0
2021-06-28,4.895574550330248,4.940488251218296,4.841678366261868,4.850661277770996,32338100,0.0,0.0
2021-06-29,4.850661915163575,4.868627312213746,4.77880032696289,4.814731121063232,24817500,0.0,0.0
2021-06-30,4.796766363801851,4.805748849360587,4.751852651021442,4.778800964355469,22820600,0.0,0.0
2021-07-01,4.841679177147773,4.859644574846084,4.787782984052842,4.823713779449463,20298900,0.0,0.0
2021-07-02,4.823714173891714,4.8506624868072175,4.778800890137746,4.841679573059082,16496300,0.0,0.0
2021-07-06,4.922523259865081,4.922523259865081,4.7877825744894995,4.868627071380615,22637400,0.0,0.0
2021-07-07,4.90455868430932,4.922524083476688,4.814731688472482,4.841679573059082,23180500,0.0,0.0
2021-07-08,4.778800340208954,4.868627325708796,4.742869546009017,4.859644412994385,27998400,0.0,0.0
2021-07-09,4.904556927435856,4.94947062343008,4.895574016905511,4.913539409637451,17011000,0.0,0.0
2021-07-12,4.904558283256294,4.913540767941015,4.814731294764742,4.823713779449463,17539900,0.0,0.0
2021-07-13,5.2099701549195805,5.389624120953149,5.192004758316224,5.281831741333008,112928500,0.0,0.0
2021-07-14,5.36267597509959,5.389624284989232,5.245901107788086,5.245901107788086,53167000,0.0,0.0
2021-07-15,5.174038663053659,5.218951934332915,5.084211263837579,5.165055751800537,35647500,0.0,0.0
2021-07-16,5.174039638520926,5.2009875207032366,5.093195135316266,5.102177619934082,24607200,0.0,0.0
2021-07-19,5.066247630524704,5.0752305448999975,4.9674381423700735,5.0303168296813965,36996800,0.0,0.0
2021-07-20,5.075229946210193,5.236918530931795,5.066247032894553,5.2189531326293945,33724300,0.0,0.0
2021-07-21,5.263866667356579,5.353693655878937,5.183022163522023,5.209970474243164,31808000,0.0,0.0
2021-07-22,5.218951934332915,5.227934845586036,5.156072840547416,5.165055751800537,19818600,0.0,0.0
2021-07-23,5.1920040572311175,5.218951934332915,5.147090357623078,5.165055751800537,16085400,0.0,0.0
2021-07-26,5.218952797898444,5.290814386499017,5.2099703134877995,5.245901107788086,21145800,0.0,0.0
2021-07-27,5.245900239763495,5.254882722687833,5.129124963445618,5.165055751800537,28728700,0.0,0.0
2021-07-28,5.174039851037835,5.254883929234195,5.138108626104153,5.2189531326293945,25051900,0.0,0.0
2021-07-29,5.515380991169422,5.59622547676869,5.407588629256246,5.434536933898926,71235000,0.0,0.0
2021-07-30,5.452503378339148,5.515382054075213,5.398607186995868,5.461485862731934,33579100,0.0,0.0
2021-08-02,5.4974171947370225,5.551313391352614,5.416573113978084,5.506400108337402,35358500,0.0,0.0
2021-08-03,5.587244482671527,5.650123596191406,5.551313683039858,5.650123596191406,31755700,0.0,0.0
2021-08-04,5.641140400249283,5.650122884861879,5.587243779258246,5.596226692199707,21965600,0.0,0.0
2021-08-05,5.6141912899646735,5.623174201626442,5.542329709985734,5.560295104980469,15594700,0.0,0.0
2021-08-06,5.5333473700574265,5.560295679498366,5.4435203858023735,5.4794511795043945,19933500,0.0,0.0
2021-08-09,5.4614857826533845,5.515381973206416,5.452503298392303,5.4794511795043945,15932800,0.0,0.0
2021-08-10,5.479452470422973,5.48843538512921,5.398608379711578,5.407590866088867,18532200,0.0,0.0
2021-08-11,5.398608379711578,5.416573780795105,5.3626771492155765,5.407590866088867,19023600,0.0,0.0
2021-08-12,5.398608379711578,5.416573780795105,5.326746347048523,5.407590866088867,21993400,0.0,0.0
2021-08-13,5.443521250833484,5.524365763674473,5.425555851127588,5.497417449951172,13796100,0.0,0.0
2021-08-16,5.425556318810929,5.452504634857178,5.407590917556414,5.452504634857178,11390900,0.0,0.0
2021-08-17,5.416571218777283,5.4435190934918545,5.299795952804147,5.335726737976074,22073200,0.0,0.0
2021-08-18,5.3716591380185115,5.407589933992237,5.344710826873779,5.344710826873779,14948400,0.0,0.0
2021-08-19,5.227935252530861,5.308779318457974,5.1920044613790735,5.29081392288208,24224800,0.0,0.0
2021-08-20,5.28183261221425,5.335728810910855,5.272849698267026,5.299798011779785,12266100,0.0,0.0
2021-08-23,5.335729261754761,5.434539181878631,5.335729261754761,5.407590866088867,17737900,0.0,0.0
2021-08-24,5.407588629256246,5.470467721203318,5.380640324613567,5.434536933898926,17137700,0.0,0.0
2021-08-25,5.434537967871064,5.46148584931206,5.407589658101214,5.416572570800781,11193500,0.0,0.0
2021-08-26,5.443520565638988,5.479451360528048,5.380641460418701,5.380641460418701,15143000,0.0,0.0
2021-08-27,5.362675951261082,5.443520452241779,5.362675951261082,5.416572570800781,14302400,0.0,0.0
2021-08-30,5.42555570602417,5.470469418252176,5.407590306798748,5.42555570602417,12747500,0.0,0.0
2021-08-31,5.407589195018258,5.416572106948568,5.344710096492543,5.353693008422852,16860500,0.0,0.0
2021-09-01,5.380641622847505,5.407589933992237,5.344710826873779,5.344710826873779,11898800,0.0,0.0
2021-09-02,5.416572664054531,5.452503458813694,5.39860726667495,5.443520545959473,13774800,0.0,0.0
2021-09-03,5.42555570602417,5.434538619801333,5.407590306798748,5.42555570602417,9894300,0.0,0.0
2021-09-07,5.380641763934154,5.425555474243438,5.371659278869629,5.371659278869629,15367400,0.0,0.0
2021-09-08,5.37165841713801,5.389623812713904,5.29081392288208,5.29081392288208,15242900,0.0,0.0
2021-09-09,5.281832309688496,5.371659302371181,5.281832309688496,5.308780193328857,17186400,0.0,0.0
2021-09-10,5.326744469483051,5.362675258985257,5.227935012516387,5.236917495727539,23802700,0.0,0.0
2021-09-13,5.245901433764238,5.2548839187330465,5.1470915291340535,5.174039840698242,25984600,0.0,0.0
2021-09-14,5.218953122200048,5.227936035497739,5.156074014102862,5.174039840698242,16905600,0.0,0.0
2021-09-15,5.111160602466811,5.111160602466811,5.012350700352406,5.039299011230469,25212400,0.0,0.0
2021-09-16,5.030315320909196,5.075229022656566,5.012349925876009,5.048280715942383,20818300,0.0,0.0
2021-09-17,4.9943850055296934,5.003367918064462,4.913540506032157,4.940488815307617,21710000,0.0,0.0
2021-09-20,4.769817193403305,4.886592482986472,4.733886400966766,4.805747985839844,37440900,0.0,0.0
2021-09-21,4.913541169728553,4.922524083476688,4.814731688472482,4.841679573059082,26761700,0.0,0.0
2021-09-22,4.931506136722343,5.048281435241058,4.922523652090293,4.994385242462158,27086700,0.0,0.0
2021-09-23,5.003368074747405,5.048281353841194,4.985402677444117,5.012350559234619,16793300,0.0,0.0
2021-09-24,4.958454367324757,5.048281353841194,4.94048897002147,5.012350559234619,12200000,0.0,0.0
2021-09-27,5.030316017556681,5.084212210120315,5.021333532960507,5.05726432800293,12450900,0.0,0.0
2021-09-28,5.0033679357244125,5.0572641261367215,4.877609729766846,4.877609729766846,26288200,0.0,0.0
2021-09-29,4.904558039137423,4.940488832745629,4.832696451921011,4.877609729766846,17239600,0.0,0.0
2021-09-30,4.931505359223248,4.940488270767921,4.877609174941599,4.895574569702148,14617300,0.0,0.0
2021-10-01,4.940488976415774,4.9494718892434735,4.841679076955378,4.904558181762695,35200500,0.0,0.0
2021-10-04,4.96743601616202,5.0033668016259005,4.904556927435856,4.913539409637451,20779000,0.0,0.0
2021-10-05,5.012351651956538,5.102178658055787,5.0033691655110895,5.0842132568359375,17459800,0.0,0.0
2021-10-06,5.057264722689256,5.093195520535842,4.97642021336999,5.075230121612549,24246800,0.0,0.0
2021-10-07,5.138109260456133,5.209971290866717,5.129126774360395,5.183022975921631,16933400,0.0,0.0
2021-10-08,5.254883754339909,5.28183206506105,5.192005076538693,5.209970474243164,16116500,0.0,0.0
2021-10-11,5.192005076538693,5.254883754339909,5.174039678834221,5.209970474243164,12405100,0.0,0.0
2021-10-12,5.236918356635438,5.254883754339909,5.192005076538693,5.209970474243164,17008300,0.0,0.0
2021-10-13,5.2548835921987305,5.290814386499017,5.227935710637943,5.245901107788086,10745600,0.0,0.0
2021-10-14,5.326745428886917,5.3626762248606425,5.308780030900054,5.344710826873779,13816600,0.0,0.0
2021-10-15,5.362676696094701,5.371659610041926,5.290815097832561,5.299798011779785,12341800,0.0,0.0
2021-10-18,5.326745591865394,5.353693903834643,5.299797708225033,5.308780193328857,18052100,0.0,0.0
2021-10-19,5.30877995940911,5.32674535715404,5.245901281466286,5.254883766174316,18232400,0.0,0.0
2021-10-20,5.245901261015511,5.326745336388101,5.2369183480136305,5.317762851715088,18194700,0.0,0.0
2021-10-21,5.317762944057923,5.3626762248606425,5.299797546071059,5.344710826873779,15080400,0.0,0.0
2021-10-22,5.362675811883693,5.371658724349792,5.272848828866908,5.281831741333008,18971000,0.0,0.0
2021-10-25,5.120144059275637,5.174040691264137,5.066247855616088,5.0842132568359375,29516000,0.0,0.0
2021-10-26,5.129126804858947,5.165057606113421,5.0842130891263855,5.120143890380859,21496800,0.0,0.0
2021-10-27,5.20098772393355,5.227936035497739,5.156074014102862,5.174039840698242,15961200,0.0,0.0
2021-10-28,5.371658970426465,5.371658970426465,5.183022083285307,5.227935791015625,35044400,0.0,0.0
2021-10-29,5.138108415063072,5.183022123138741,5.075229737751772,5.102177619934082,21221300,0.0,0.0
2021-11-01,5.030315309847193,5.111159801483154,4.994384519859834,5.111159801483154,22731400,0.0,0.0
2021-11-02,5.057264348201973,5.07522974579494,4.985402757830108,4.994385242462158,17793500,0.0,0.0
2021-11-03,5.066247658374485,5.183022975921631,5.039299771758334,5.183022975921631,19821100,0.0,0.0
2021-11-04,5.174040262257157,5.1920056619874,5.084212835277023,5.12912654876709,17463100,0.0,0.0
2021-11-05,5.147092174880807,5.209971290866717,5.120143859935721,5.183022975921631,17859500,0.0,0.0
2021-11-08,5.272848908834032,5.299797218312181,5.209970233933096,5.263866424560547,19162300,0.0,0.0
2021-11-09,5.245901045526497,5.263866442463416,5.183021942082856,5.200987339019775,20290700,0.0,0.0
2021-11-10,5.156074691635333,5.227936722473219,5.075230602977236,5.120143890380859,19309100,0.0,0.0
2021-11-11,5.111161149036846,5.165057348227577,5.102178235007266,5.12912654876709,13777600,0.0,0.0
2021-11-12,5.1201430174985765,5.156073812627567,5.102177619934082,5.102177619934082,11165000,0.0,0.0
2021-11-15,5.039299092557028,5.057264490656046,5.003368296358988,5.021333694458008,15312100,0.0,0.0
2021-11-16,5.030316179343079,5.057264490656046,5.012350781244059,5.021333694458008,15059200,0.0,0.0
2021-11-17,5.021333545058287,5.156073812627567,5.012350632111607,5.102177619934082,16380600,0.0,0.0
2021-11-18,5.102176820929872,5.245900407267489,5.048280636676565,5.236917495727539,30949000,0.0,0.0
2021-11-19,5.2189531326293945,5.290814725838995,5.209970647642636,5.2189531326293945,21261100,0.0,0.0
2021-11-22,5.209970433649916,5.254883713396722,5.102177619934082,5.102177619934082,17477300,0.0,0.0
2021-11-23,5.138108253479004,5.174039475806888,5.057264181145606,5.138108253479004,25194100,0.0,0.0
2021-11-24,5.084212421036867,5.192005238964741,5.075229936068058,5.174039840698242,13151100,0.0,0.0
2021-11-26,5.039299738960704,5.075230539767677,4.922524422173574,4.985403537750244,21427900,0.0,0.0
2021-11-29,5.039298232590192,5.084211506008757,5.012349925876009,5.048280715942383,12154900,0.0,0.0
2021-11-30,5.04828223010305,5.057265144478344,4.922524427151472,5.0303168296813965,34600400,0.0,0.0
2021-12-01,5.08421223042699,5.183022131352738,4.994385242462158,4.994385242462158,25094700,0.0,0.0
2021-12-02,5.021332844639751,5.200986795225028,5.012349932946085,5.156073093414307,37630500,0.0,0.0
2021-12-03,5.156074861715336,5.174040691264137,5.021334566730939,5.0842132568359375,27178700,0.0,0.0
2021-12-06,5.075229011495795,5.138107679809273,4.958453729872474,5.111159801483154,22973500,0.0,0.0
2021-12-07,5.129126501742746,5.371659610041926,5.111161102177211,5.299798011779785,34604200,0.0,0.0
2021-12-08,5.290814305709849,5.3267450994614824,5.227935630808913,5.263866424560547,18388700,0.0,0.0
2021-12-09,5.32674526808511,5.443520565638988,5.30877987064058,5.380641460418701,31584000,0.0,0.0
2021-12-10,5.407590866088867,5.434539181878631,5.353694662838287,5.407590866088867,18091100,0.0,0.0
2021-12-13,5.380641763934154,5.425555474243438,5.353693880411693,5.371659278869629,21072800,0.0,0.0
2021-12-14,5.344710096492543,5.380640887556147,5.290813909897136,5.353693008422852,19633000,0.0,0.0
2021-12-15,5.353694003762114,5.524365507209266,5.317763206018387,5.506400108337402,26636000,0.0,0.0
2021-12-16,5.479451340718636,5.5153821354777985,5.416572664054531,5.443520545959473,32010000,0.0,0.0
2021-12-17,5.380641903612275,5.4525039276384,5.353694019390263,5.3986077308654785,25637100,0.0,0.0
2021-12-20,5.371659302371181,5.380641787475005,5.245901512615422,5.308780193328857,18759900,0.0,0.0
2021-12-21,5.308779950501876,5.371659056668069,5.290814552787088,5.36267614364624,15204500,0.0,0.0
2021-12-22,5.3806411264149485,5.524364725378397,5.371658642414703,5.515381813049316,20772700,0.0,0.0
2021-12-23,5.569277588313435,5.6141912899646735,5.5513121933187,5.560295104980469,13625900,0.0,0.0
2021-12-27,5.641140692666593,5.704019373200776,5.605209467367063,5.695036888122559,15681700,0.0,0.0
2021-12-28,5.721984454792328,5.748932765192309,5.641140380250112,5.6591057777404785,12315300,0.0,0.0
2021-12-29,5.641141110447948,5.668088996007241,5.623175710632114,5.650123596191406,9834900,0.0,0.0
2021-12-30,5.650122547918022,5.677070856806483,5.623174667358398,5.623174667358398,12171400,0.0,0.0
2021-12-31,5.614190908125666,5.632156301898517,5.533346421983448,5.587242603302002,10957100,0.0,0.0
2022-01-03,5.677071910079617,5.686054395823075,5.596227396743903,5.650123596191406,22991400,0.0,0.0
2022-01-04,5.659105716375488,5.668088200858838,5.587243698864404,5.614192008972168,21344900,0.0,0.0
2022-01-05,5.623174619354112,5.6950362046714185,5.506399329049071,5.515381813049316,27541300,0.0,0.0
2022-01-06,5.470469564556786,5.533348249362964,5.407590451421692,5.497417449951172,27604400,0.0,0.0
2022-01-07,5.524364885796345,5.560295679498366,5.4614857826533845,5.4794511795043945,25342500,0.0,0.0
2022-01-10,5.461486235189614,5.55131322688769,5.425555438510384,5.542330741882324,21384500,0.0,0.0
2022-01-11,5.515382360030818,5.623175177025838,5.479451563808771,5.6052093505859375,27926600,0.0,0.0
2022-01-12,5.560295502514022,5.587243382768363,5.452503124838993,5.470468521118164,28582000,0.0,0.0
2022-01-13,5.3986067246662595,5.425554603865692,5.281831439258542,5.29081392288208,29341500,0.0,0.0
2022-01-14,5.272849787331503,5.326745986938477,5.218953587724529,5.326745986938477,27200500,0.0,0.0
2022-01-18,5.281831028118414,5.281831028118414,5.156072840547416,5.165055751800537,25236800,0.0,0.0
2022-01-19,5.209969706918694,5.24590049703575,5.138107698355779,5.156073093414307,23791200,0.0,0.0
2022-01-20,5.165056713130197,5.209970421097658,5.05726432800293,5.05726432800293,25855700,0.0,0.0
2022-01-21,5.039298452784816,5.1111600360575915,4.949471473693848,4.949471473693848,64116800,0.0,0.0
2022-01-24,4.850662550606524,4.949472461491115,4.724904754780895,4.931506633758545,44962300,0.0,0.0
2022-01-25,4.958454194986779,5.057264090885013,4.91354048912517,5.003367900848389,37207600,0.0,0.0
2022-01-26,5.1201429430543435,5.129125855870416,4.949471882837543,5.012350559234619,30882900,0.0,0.0
2022-01-27,5.066246975541118,5.111160684953105,4.985402898259969,5.021333694458008,44196400,0.0,0.0
2022-01-28,5.057264181145606,5.138108253479004,4.949471799148509,5.138108253479004,33370700,0.0,0.0
2022-01-31,5.20997101395211,5.326745896963631,5.200988100004886,5.299798011779785,25122600,0.0,0.0
2022-02-01,5.317761345390111,5.344709220104683,5.263865167632221,5.335726737976074,25378700,0.0,0.0
2022-02-02,5.344710745931453,5.389624454382856,5.326745348216664,5.36267614364624,31203900,0.0,0.0
2022-02-03,5.245901063804952,5.308779739138834,5.138108253479004,5.138108253479004,32235300,0.0,0.0
2022-02-04,5.147091948497334,5.1920056619874,5.084212835277023,5.12912654876709,24880000,0.0,0.0
2022-02-07,5.075229327417294,5.183021704089204,5.075229327417294,5.147090911865234,23069500,0.0,0.0
2022-02-08,5.0931944064894745,5.138107679809273,5.084211494828233,5.111159801483154,15663800,0.0,0.0
2022-02-09,5.147092174880807,5.183022975921631,5.129126774360395,5.183022975921631,13622400,0.0,0.0
2022-02-10,5.093195520535842,5.183022515152306,5.057264722689256,5.075230121612549,21150500,0.0,0.0
2022-02-11,5.093195714131411,5.156074398588545,4.958455002920686,4.9764204025268555,28640500,0.0,0.0
2022-02-14,4.922523435941526,4.940488832745629,4.8147310551169085,4.877609729766846,27289200,0.0,0.0
2022-02-15,4.949472741948419,5.04828223010305,4.949472741948419,5.0303168296813965,29911500,0.0,0.0
2022-02-16,5.156073693708516,5.2548835921987305,5.156073693708516,5.245901107788086,27841300,0.0,0.0
2022-02-17,5.156074202602919,5.192005428778401,5.048281809063162,5.075230121612549,21700700,0.0,0.0
2022-02-18,5.111161572830188,5.129126974050037,5.039299967950789,5.0842132568359375,26626000,0.0,0.0
2022-02-22,4.949471473693848,5.0303155407113085,4.886592374165758,4.949471473693848,33156700,0.0,0.0
2022-02-23,4.994385501392166,5.012350899916535,4.823714001246223,4.832696914672852,40536600,0.0,0.0
2022-02-24,4.608129383883302,4.8506624868072175,4.5991464701351665,4.841679573059082,46599900,0.0,0.0
2022-02-25,4.886593818664551,4.931507107322191,4.859645502806807,4.886593818664551,38478900,0.0,0.0
2022-02-28,4.796765501895125,4.868627086768203,4.733886400966766,4.805747985839844,36567100,0.0,0.0
2022-03-01,4.751852218563807,4.769817616375189,4.617111520814003,4.653042316436768,37545500,0.0,0.0
2022-03-02,4.697956154376374,4.823713942515807,4.65304244444785,4.787783145904541,28706000,0.0,0.0
2022-03-03,4.626094864356622,4.64406026383974,4.43745795561942,4.455423355102539,51214000,0.0,0.0
2022-03-04,4.266786157417847,4.356613148750341,4.257803244120157,4.311699867248535,34027800,0.0,0.0
2022-03-07,4.275767946544509,4.293733340087604,4.051200313091425,4.0691657066345215,47979400,0.0,0.0
2022-03-08,4.239837472275494,4.329664884022047,4.141028004680435,4.2308549880981445,50710900,0.0,0.0
2022-03-09,4.401527100870963,4.455423298637272,4.347630903104654,4.4105095863342285,36989000,0.0,0.0
2022-03-10,4.365596072498882,4.419492267427401,4.311699877570363,4.3566131591796875,25449600,0.0,0.0
2022-03-11,4.455422740498629,4.473388137503509,4.320682048797607,4.320682048797607,24625700,0.0,0.0
2022-03-14,4.536267617326184,4.581180899398106,4.47338850843083,4.509319305419922,36673600,0.0,0.0
2022-03-15,4.554233638919762,4.581181526184082,4.509319922373971,4.581181526184082,26503800,0.0,0.0
2022-03-16,4.7069387102956775,4.724904537200928,4.581180920261144,4.724904537200928,32842100,0.0,0.0
2022-03-17,4.7338872515750605,4.787783449914205,4.706938938241033,4.778800964355469,22962000,0.0,0.0
2022-03-18,4.6889732410591165,4.796766059221799,4.6889732410591165,4.787783145904541,20828300,0.0,0.0
2022-03-21,4.787782573983662,4.8147308823874635,4.72490390158951,4.760834693908691,20785300,0.0,0.0
2022-03-22,4.814731294764742,4.841679177147773,4.778800499368121,4.823713779449463,25156700,0.0,0.0
2022-03-23,4.769818216755132,4.796766531028642,4.715922016537037,4.742870330810547,17479200,0.0,0.0
2022-03-24,4.760834536323751,4.8147307230185445,4.7428691407588195,4.796765327453613,17752300,0.0,0.0
2022-03-25,4.787782984052842,4.832696692463052,4.769817586354531,4.823713779449463,18601200,0.0,0.0
2022-03-28,4.823714173891714,4.8506624868072175,4.778800890137746,4.841679573059082,17026300,0.0,0.0
2022-03-29,4.994385149024327,5.012350546281187,4.913540647204032,4.967437267303467,23298200,0.0,0.0
2022-03-30,4.985402664560326,5.030315943538046,4.967437267303467,4.967437267303467,25986500,0.0,0.0
2022-03-31,4.958454373742314,4.976419771068853,4.904558181762695,4.904558181762695,18254600,0.0,0.0
2022-04-01,4.9674381373467575,4.985403537750244,4.922524422173574,4.985403537750244,17550400,0.0,0.0
2022-04-04,5.003368296358988,5.021333694458008,4.985402898259969,5.021333694458008,14702400,0.0,0.0
2022-04-05,4.994384924981983,5.003367837371878,4.940488735629126,4.958454132080078,26184200,0.0,0.0
2022-04-06,4.9045581199087325,4.9135406042942895,4.81473113440889,4.859644412994385,24163800,0.0,0.0
2022-04-07,4.877610903935653,4.895576305064499,4.805749299420269,4.886593818664551,22521000,0.0,0.0
2022-04-08,4.859644574846084,4.895575370242704,4.814731294764742,4.823713779449463,16916400,0.0,0.0
2022-04-11,4.787782349318443,4.814730656457703,4.7428690751914235,4.751851558685303,19077300,0.0,0.0
2022-04-12,4.733886820752424,4.769817616375189,4.626094433884129,4.653042316436768,22544600,0.0,0.0
2022-04-13,4.688972617103467,4.715920925140381,4.6530418252734655,4.715920925140381,22584400,0.0,0.0
2022-04-14,4.706938581110085,4.733886892399454,4.581180794527072,4.590163707733154,21080800,0.0,0.0
2022-04-18,4.554233638919762,4.608129841777346,4.518302837014707,4.581181526184082,15062300,0.0,0.0
2022-04-19,4.626093881372212,4.697955464035041,4.617110969374949,4.67100715637207,24988700,0.0,0.0
2022-04-20,4.787783145904541,4.805748544210174,4.751852349293275,4.787783145904541,28273200,0.0,0.0
2022-04-21,4.850661527572475,4.859644011215392,4.733886241912842,4.733886241912842,30061800,0.0,0.0
2022-04-22,4.742869900314976,4.742869900314976,4.5991462844498106,4.617111682891846,34457000,0.0,0.0
2022-04-25,4.599147198879349,4.6889742089494595,4.563216394851305,4.679991722106934,40947400,0.0,0.0
2022-04-26,4.679990781377371,4.688973266414319,4.563215477594861,4.572198390960693,31870800,0.0,0.0
2022-04-27,4.554232453936707,4.590163246492793,4.4913533527991385,4.527284145355225,45674900,0.0,0.0
2022-04-28,4.51830174319708,4.527284227334338,4.266785762421243,4.40152645111084,60763600,0.0,0.0
2022-04-29,4.545249541633268,4.599145730467398,4.51830166138062,4.527284145355225,42409400,0.0,0.0
2022-05-02,4.483084507434648,4.6364295256376975,4.47406443995735,4.6274094581604,56168800,0.021,0.0
2022-05-03,4.6364299775638935,4.762714375523356,4.627409909207384,4.7176127433776855,46478000,0.0,0.0
2022-05-04,4.681531120284439,4.816835572455168,4.654470057801895,4.807815074920654,28011200,0.0,0.0
2022-05-05,4.672511529299486,4.708592666195924,4.573288617894822,4.60936975479126,45501500,0.0,0.0
2022-05-06,4.546226608981694,4.5552471063988795,4.4470032879976085,4.474064350128174,42865200,0.0,0.0
2022-05-09,4.374841637464717,4.410922771908551,4.2936593000266186,4.311699867248535,38416100,0.0,0.0
2022-05-10,4.365820961266365,4.383861525977342,4.266597640295496,4.338759899139404,39593100,0.0,0.0
2022-05-11,4.329741216939975,4.410923569049324,4.230517864227295,4.230517864227295,47786100,0.0,0.0
2022-05-12,4.176394648702144,4.257576971574651,4.131293023678883,4.212475776672363,48509900,0.0,0.0
2022-05-13,4.320718972494886,4.428962351693529,4.320718972494886,4.401901721954346,25335500,0.0,0.0
2022-05-16,4.401901721954346,4.437982848353893,4.365820595554798,4.401901721954346,31238000,0.0,0.0
2022-05-17,4.474065182854582,4.555247954235268,4.465044683758474,4.54622745513916,26692600,0.0,0.0
2022-05-18,4.510146476325575,4.528187045026034,4.356801427311132,4.383862495422363,35275200,0.0,0.0
2022-05-19,4.302679931694109,4.392882779609069,4.266598792528125,4.32974100112915,41833300,0.0,0.0
2022-05-20,4.401902665750005,4.41994323281779,4.257577699086679,4.3568010330200195,36037700,0.0,0.0
2022-05-23,4.401902167063512,4.474064427159472,4.365821037015532,4.447003364562988,30988400,0.0,0.0
2022-05-24,4.419943809509277,4.447004448581164,4.383862670666026,4.419943809509277,33970800,0.0,0.0
2022-05-25,4.401902167063512,4.474064427159472,4.383861602039523,4.447003364562988,33097900,0.0,0.0
2022-05-26,4.456024159151511,4.609369187137127,4.456024159151511,4.5913286209106445,36661500,0.0,0.0
2022-05-27,4.600348654499468,4.645450284788306,4.573288020422985,4.636429786682129,19403100,0.0,0.0
2022-05-31,4.546228543610569,4.573289617256863,4.501126897573804,4.519167900085449,33552200,0.0,0.0
2022-06-01,4.519166240300096,4.546226873886471,4.437983479298939,4.483084678649902,38040600,0.0,0.0
2022-06-02,4.5011253596572045,4.5913286209106445,4.4740647253779935,4.5913286209106445,28923800,0.0,0.0
2022-06-03,4.537207386164123,4.564268023210305,4.510146318996871,4.54622745513916,29687900,0.0,0.0
2022-06-06,4.564267360571148,4.591328423809682,4.501125166428573,4.510145664215088,32119400,0.0,0.0
2022-06-07,4.50112573958631,4.573288440704346,4.474065103022975,4.573288440704346,28128000,0.0,0.0
2022-06-08,4.519167900085449,4.555249044866392,4.501126897573804,4.519167900085449,24280400,0.0,0.0
2022-06-09,4.465044527257568,4.492105593476324,4.374841690063477,4.374841690063477,35493900,0.0,0.0
2022-06-10,4.275619335912076,4.293660337614757,4.221497621167497,4.239538192749023,45863300,0.0,0.0
2022-06-13,4.1763956265943385,4.212476763012862,4.113253422801384,4.122273921966553,46380400,0.0,0.0
2022-06-14,4.293658529665843,4.311699093650954,4.176394648702144,4.212475776672363,41501400,0.0,0.0
2022-06-15,4.248557578033269,4.347780910738624,4.203455945861459,4.293659210205078,41937200,0.0,0.0
2022-06-16,4.167374908171312,4.19443597412198,4.113253206391028,4.131293773651123,51041800,0.0,0.0
2022-06-17,4.194435801728709,4.212476368247327,4.104232969135614,4.140314102172852,53596800,0.0,0.0
2022-06-21,4.2665976555346905,4.31169928253372,4.239536593311074,4.248557090759277,28100300,0.0,0.0
2022-06-22,4.22149658203125,4.275618283453581,4.212476513521386,4.22149658203125,38534800,0.0,0.0
2022-06-23,4.185414715634212,4.221495843604432,4.131293023678883,4.212475776672363,41369400,0.0,0.0
2022-06-24,4.230516510873541,4.356800463850382,4.221496013457558,4.338759899139404,22890000,0.0,0.0
2022-06-27,4.3658212704870385,4.3928819044096485,4.311699572520797,4.347780704498291,30702300,0.0,0.0
2022-06-28,4.36582165076451,4.392882287044191,4.27561838284275,4.28463888168335,31195000,0.0,0.0
2022-06-29,4.293658717758307,4.302678785085518,4.221496028535661,4.248557090759277,30976400,0.0,0.0
2022-06-30,4.149334736502892,4.194436374013581,4.104233529113297,4.158355236053467,29242000,0.0,0.0
2022-07-01,4.158355194881899,4.203456401824951,4.0952129890163205,4.203456401824951,31178700,0.0,0.0
2022-07-05,4.032070563526902,4.104233264923096,3.977948860070555,4.104233264923096,39648300,0.0,0.0
2022-07-06,4.068151914502416,4.131293683473975,4.041090849142433,4.113253116607666,27760300,0.0,0.0
2022-07-07,4.131293782947514,4.185415484849584,4.1222737143576955,4.176395416259766,15795400,0.0,0.0
2022-07-08,4.158354465194526,4.230516727737604,4.140313899558755,4.1944355964660645,15861400,0.0,0.0
2022-07-11,4.14031466707341,4.203456443443063,4.131294167522836,4.158355236053467,19140000,0.0,0.0
2022-07-12,4.149334559219908,4.1944361948036,4.113253422801384,4.122273921966553,21726900,0.0,0.0
2022-07-13,4.077171691548408,4.158354451706555,4.068151623820286,4.149333953857422,24229500,0.0,0.0
2022-07-14,4.00500926654598,4.032069898752085,3.9418670745300792,4.023049831390381,29844500,0.0,0.0
2022-07-15,4.08619296013324,4.158355236053467,4.0591318916026085,4.158355236053467,19344900,0.0,0.0
2022-07-18,4.1763956265943385,4.203456263847694,4.113253422801384,4.122273921966553,23160100,0.0,0.0
2022-07-19,4.1222736778175015,4.230517080662163,4.1132531791865885,4.22149658203125,20809600,0.0,0.0
2022-07-20,4.221497621167497,4.25757876433055,4.185416478004445,4.239538192749023,22249300,0.0,0.0
2022-07-21,4.483084671557798,4.636429695374721,4.47406460375028,4.618389129638672,37441000,0.0,0.0
2022-07-22,4.591329356771141,4.6544711336231614,4.582308857151654,4.600349426269531,25884900,0.0,0.0
2022-07-25,4.636572805277334,4.681852010316736,4.600349613971613,4.627517223358154,23800700,0.02,0.0
2022-07-26,4.600349202777448,4.609405215701673,4.5550704335997105,4.564126014709473,17309100,0.0,0.0
2022-07-27,4.636572188012523,4.718074573507271,4.618460594770851,4.681851387023926,23703400,0.0,0.0
2022-07-28,4.663739466419535,4.709018230438232,4.645627874449173,4.709018230438232,18611600,0.0,0.0
2022-07-29,4.699963014088591,4.709018594867373,4.6637398273445685,4.690907001495361,16225000,0.0,0.0
2022-08-01,4.727130015265002,4.772409212945405,4.699962842108306,4.7361860275268555,27484300,0.0,0.0
2022-08-02,4.681851274048527,4.718074459657788,4.6637396812438965,4.6637396812438965,29076500,0.0,0.0
2022-08-03,4.6818511711094395,4.727129936218262,4.663739578703026,4.727129936218262,24190200,0.0,0.0
2022-08-04,4.718074434817581,4.763353632497983,4.709018422555728,4.7361860275268555,22341600,0.0,0.0
2022-08-05,4.663739844789581,4.7633538246154785,4.654683832162477,4.7633538246154785,30402400,0.0,0.0
2022-08-08,4.727129822408594,4.781465030134094,4.690906638467871,4.709018230438232,26467600,0.0,0.0
2022-08-09,4.690906914615208,4.699962927040711,4.59129336882131,4.600348949432373,25100300,0.0,0.0
2022-08-10,4.709018309702004,4.727129901977227,4.672795125151559,4.718074321746826,17977300,0.0,0.0
2022-08-11,4.718074321746826,4.75429750629727,4.699962729471603,4.718074321746826,21254200,0.0,0.0
2022-08-12,4.681851137196381,4.718074321746826,4.672795125151559,4.718074321746826,16518900,0.0,0.0
2022-08-15,4.618461209624473,4.645628819011015,4.582238018318752,4.627517223358154,22269500,0.0,0.0
2022-08-16,4.618460594770851,4.69090696773754,4.609405014057237,4.681851387023926,21870800,0.0,0.0
2022-08-17,4.636572021425167,4.645628033627851,4.546014058470462,4.582237243652344,25897200,0.0,0.0
2022-08-18,4.591292727111203,4.645627498626709,4.564125125446261,4.645627498626709,15329500,0.0,0.0
2022-08-19,4.573182027633698,4.600349202777448,4.527902826641498,4.564126014709473,27616300,0.0,0.0
2022-08-22,4.482624053955078,4.491680067744587,4.446400862426049,4.482624053955078,27471700,0.0,0.0
2022-08-23,4.446400356185602,4.536958756512242,4.446400356185602,4.473567962646484,35087100,0.0,0.0
2022-08-24,4.446400862426049,4.518847245484107,4.437345280451045,4.482624053955078,25349200,0.0,0.0
2022-08-25,4.50979095099024,4.5912933349609375,4.500734938631524,4.5912933349609375,26456700,0.0,0.0
2022-08-26,4.546013909897645,4.582237093895681,4.410176753997803,4.410176753997803,44135600,0.0,0.0
2022-08-29,4.364897647854762,4.4011208290141886,4.3467860572750485,4.355841636657715,32945500,0.0,0.0
2022-08-30,4.40112139058487,4.419232983475572,4.337730599560197,4.364898204803467,25572400,0.0,0.0
2022-08-31,4.5641256170457165,4.609404814092825,4.55507003672495,4.573181629180908,39526900,0.0,0.0
2022-09-01,4.527902490057036,4.546014082744687,4.446400107055391,4.509790897369385,29130100,0.0,0.0
2022-09-02,4.573180886567435,4.600348054932634,4.455455338813293,4.464510917663574,34458000,0.0,0.0
2022-09-06,4.500735024076326,4.509791036606967,4.419233070372781,4.455456256866455,30641000,0.0,0.0
2022-09-07,4.4735673526142365,4.536958137835791,4.4463997498580285,4.527902126312256,21416600,0.0,0.0
2022-09-08,4.455455761381564,4.536958137835791,4.43734417014889,4.527902126312256,23650700,0.0,0.0
2022-09-09,4.573181742057942,4.618460508408212,4.564125729699226,4.5912933349609375,17638500,0.0,0.0
2022-09-12,4.654683077972104,4.699962270142215,4.6275159081215405,4.645627498626709,21401800,0.0,0.0
2022-09-13,4.591292677358362,4.6094042676672675,4.491678714752197,4.491678714752197,23910300,0.0,0.0
2022-09-14,4.473567962646484,4.509791150051359,4.428288762483165,4.473567962646484,24689800,0.0,0.0
2022-09-15,4.446399937995839,4.473567541901573,4.401121173905501,4.410176753997803,22873500,0.0,0.0
2022-09-16,4.283396163686918,4.319619352367251,4.15661500330575,4.192838191986084,58161100,0.0,0.0
2022-09-19,4.120391136416749,4.247172275929978,4.120391136416749,4.238116264343262,25387800,0.0,0.0
2022-09-20,4.147558767834295,4.192837967164054,4.12944717446528,4.156614780426025,13963600,0.0,0.0
2022-09-21,4.1203920237271126,4.19283840476429,4.075112819671631,4.075112819671631,19343200,0.0,0.0
2022-09-22,4.066055988631829,4.075112000347962,4.002665633876525,4.020777225494385,23289000,0.0,0.0
2022-09-23,3.884940238245982,3.9121078427393714,3.8215494489710222,3.8577730655670166,32212500,0.0,0.0
2022-09-26,3.8396613597869873,3.8939965732798147,3.803438172001409,3.8396613597869873,23056400,0.0,0.0
2022-09-27,3.884939719562797,3.912107320429006,3.794381769699378,3.8215489387512207,24358700,0.0,0.0
2022-09-28,3.8577731536093607,3.9573866981248527,3.8396611289907976,3.948331117630005,22930100,0.0,0.0
2022-09-29,3.875884532928467,3.88494011292453,3.8124937456983847,3.875884532928467,19736200,0.0,0.0
2022-09-30,3.857772623949748,3.9302189852196143,3.857772623949748,3.866828203201294,16814300,0.0,0.0
2022-10-03,3.9483310267889618,4.029832976625173,3.9211634223006087,3.9754981994628906,22992300,0.0,0.0
2022-10-04,4.111335691800385,4.183782067227174,4.102280110779266,4.174726486206055,21365700,0.0,0.0
2022-10-05,4.111335865552436,4.174726662637109,4.084168689526489,4.1294474601745605,17768000,0.0,0.0
2022-10-06,4.084167957305908,4.1203911400559665,4.057000354336164,4.084167957305908,18371200,0.0,0.0
2022-10-07,4.020777589810435,4.029833170532672,3.97549839075591,4.002665996551514,19125100,0.0,0.0
2022-10-10,3.9936102870583694,4.002666300282241,3.912108327115908,3.9392755031585693,15831700,0.0,0.0
2022-10-11,3.948331291510095,3.9845544787135814,3.884940497996767,3.9030520915985107,21482800,0.0,0.0
2022-10-12,3.9573870977918357,3.9936102870583694,3.9392755031585693,3.9392755031585693,19241100,0.0,0.0
2022-10-13,3.948331299507089,4.111335642252929,3.9121081122302357,4.093224048614502,38366500,0.0,0.0
2022-10-14,4.120391718199014,4.138503312115328,4.011721722886664,4.0298333168029785,29990100,0.0,0.0
2022-10-17,4.174726294562561,4.220005061218523,4.129447096092159,4.147558689117432,39444600,0.0,0.0
2022-10-18,4.274339295696403,4.283395306962423,4.18378134210812,4.210948944091797,46038800,0.0,0.0
2022-10-19,4.174726662637109,4.201893838663056,4.1022802841486135,4.1294474601745605,34254500,0.0,0.0
2022-10-20,3.830605808528852,3.9211637786968407,3.694768637369638,3.7672150135040283,62443200,0.0,0.0
2022-10-21,3.7491027700041957,3.8487167358398438,3.7400471904633488,3.8487167358398438,36983900,0.0,0.0
2022-10-24,3.894210471861595,3.9488021527095842,3.857815584106822,3.903308868408203,38255600,0.02,0.0
2022-10-25,3.948803041810057,4.057986428089435,3.930605810763494,4.012493133544922,31484900,0.0,0.0
2022-10-26,4.0124915388504,4.08528043410798,4.0124915388504,4.030688762664795,30466100,0.0,0.0
2022-10-27,4.0579854251183525,4.076182651667292,3.9669992923736572,3.9669992923736572,25420500,0.0,0.0
2022-10-28,4.00339379262821,4.048886642608374,3.966999339101635,4.039788246154785,20281800,0.0,0.0
2022-10-31,3.985195949269985,4.03978762111335,3.9760971203680704,4.003393173217773,20751600,0.0,0.0
2022-11-01,4.039787935048187,4.067083556163011,3.99429465471538,4.021590709686279,26239700,0.0,0.0
2022-11-02,4.003393914696741,4.076182823969316,3.939703402155177,3.9488022327423096,22668100,0.0,0.0
2022-11-03,3.8942100767710017,3.903308472394524,3.839617967605591,3.839617967605591,25378600,0.0,0.0
2022-11-04,3.9488024351595703,4.003394119912394,3.9124079786576873,3.97609806060791,27027400,0.0,0.0
2022-11-07,3.985197503903183,4.030690364591485,3.96700027285662,4.012493133544922,16964900,0.0,0.0
2022-11-08,4.085280927878814,4.112576983827585,4.0215908537584975,4.057985305786133,30153200,0.0,0.0
2022-11-09,4.039788271049866,4.07618272480072,3.9851965904235835,3.985196590423584,20954100,0.0,0.0
2022-11-10,4.148971370078444,4.23085910277044,4.112576918627798,4.221760272979736,27145400,0.0,0.0
2022-11-11,4.239957793086146,4.34914158887482,4.221760566097385,4.321845531463623,24509000,0.0,0.0
2022-11-14,4.312747001647949,4.358240289218877,4.294549773390807,4.312747001647949,19614000,0.0,0.0
2022-11-15,4.376437053615306,4.4310287326005335,4.321845374630079,4.36733865737915,36392600,0.0,0.0
2022-11-16,4.35823935596855,4.367338185076818,4.276351629418343,4.285450458526611,21253000,0.0,0.0
2022-11-17,4.221760730270402,4.312746868752411,4.221760730270402,4.303648471832275,29736200,0.0,0.0
2022-11-18,4.36733752478463,4.40373196800317,4.34914030317536,4.358238697052002,19713400,0.0,0.0
2022-11-21,4.285450458526611,4.330943736355849,4.276351629418343,4.285450458526611,18587100,0.0,0.0
2022-11-22,4.303647841405728,4.3491411209106445,4.303647841405728,4.3491411209106445,12850000,0.0,0.0
2022-11-23,4.358238697052002,4.40373196800317,4.34914030317536,4.358238697052002,14094600,0.0,0.0
2022-11-25,4.376436887264097,4.412831338537538,4.367338491373777,4.385535717010498,8939500,0.0,0.0
2022-11-28,4.358240146960387,4.367338977720033,4.2672540086445805,4.276352405548096,15059300,0.0,0.0
2022-11-29,4.2763525451336655,4.312747001647949,4.258155316876524,4.312747001647949,18886600,0.0,0.0
2022-11-30,4.330944288791342,4.485620498657227,4.303648231840828,4.485620498657227,28737400,0.0,0.0
2022-12-01,4.549310207366943,4.56750743084217,4.522014155226088,4.549310207366943,21165600,0.0,0.0
2022-12-02,4.54931147549652,4.62210038968748,4.54931147549652,4.594804763793945,17839200,0.0,0.0
2022-12-05,4.540212356871358,4.567508414893036,4.4856206746841245,4.494719505310059,17868800,0.0,0.0
2022-12-06,4.48562100598244,4.48562100598244,4.403733693581633,4.431029319763184,12124100,0.0,0.0
2022-12-07,4.3946341129008175,4.431028564174259,4.358239661627376,4.385535717010498,12609100,0.0,0.0
2022-12-08,4.358239944777782,4.467423305691638,4.349141548296349,4.458324909210205,16289200,0.0,0.0
2022-12-09,4.485619874015411,4.512915927164832,4.4401270305744385,4.449225425720215,12798300,0.0,0.0
2022-12-12,4.44012764888118,4.503817725338866,4.4037331955179,4.485620498657227,16219900,0.0,0.0
2022-12-13,4.640296630180914,4.649395459445454,4.512916057469768,4.5402116775512695,29738000,0.0,0.0
2022-12-14,4.512916057469768,4.585704956161852,4.503817228205228,4.5402116775512695,18442200,0.0,0.0
2022-12-15,4.485619248316891,4.494718076049519,4.358238697052002,4.358238697052002,20198600,0.0,0.0
2022-12-16,4.230859447207995,4.258155071090095,4.176267765587673,4.212662220001221,24790700,0.0,0.0
2022-12-19,4.2308589565489525,4.249056181645367,4.167168451783469,4.185365676879883,15722400,0.0,0.0
2022-12-20,4.167169094085693,4.203563549888143,4.167169094085693,4.167169094085693,12170400,0.0,0.0
2022-12-21,4.18536582152909,4.221760272979736,4.1671685958037665,4.221760272979736,11778600,0.0,0.0
2022-12-22,4.185366329474914,4.212662388303654,4.139873476568529,4.194465160369873,13842700,0.0,0.0
2022-12-23,4.18536582152909,4.221760272979736,4.17626742559447,4.221760272979736,14380800,0.0,0.0
2022-12-27,4.203563213348389,4.239957666237077,4.185365986904045,4.203563213348389,10887300,0.0,0.0
2022-12-28,4.185366491732846,4.212662551619797,4.148972034454346,4.148972034454346,13125000,0.0,0.0
2022-12-29,4.194464793805453,4.2672536991793795,4.185365963705663,4.25815486907959,9429600,0.0,0.0
2022-12-30,4.212661877045117,4.23085910277044,4.18536582152909,4.221760272979736,11284100,0.0,0.0
2023-01-03,4.258155045256177,4.312746726545294,4.239957818159805,4.267253875732422,16376000,0.0,0.0
2023-01-04,4.35824015492148,4.367338985697748,4.294549641056009,4.303648471832275,16084400,0.0,0.0
2023-01-05,4.294549499448922,4.312746726545294,4.258155045256177,4.267253875732422,15254700,0.0,0.0
2023-01-06,4.285450889678513,4.394634246826172,4.239957607272275,4.394634246826172,15914000,0.0,0.0
2023-01-09,4.440128188099258,4.494719874773901,4.403733730316162,4.403733730316162,15697100,0.0,0.0
2023-01-10,4.421930922321385,4.449226548502936,4.394634862283679,4.431029319763184,16100000,0.0,0.0
2023-01-11,4.4856206746841245,4.503817902079869,4.45832505051857,4.494719505310059,13610300,0.0,0.0
2023-01-12,4.512917011944647,4.567508697509766,4.476522554901234,4.567508697509766,21659200,0.0,0.0
2023-01-13,4.549310695419093,4.58570514627396,4.540211865777338,4.576606750488281,11615200,0.0,0.0
2023-01-17,4.458324619557381,4.4674230154477,4.367338491373777,4.385535717010498,20603300,0.0,0.0
2023-01-18,4.440127246064409,4.449225641651752,4.340042291467235,4.3491411209106445,21832800,0.0,0.0
2023-01-19,4.312746548110034,4.321845378209825,4.25815486907959,4.25815486907959,24123700,0.0,0.0
2023-01-20,4.176267932436092,4.203563557408695,4.103479020700967,4.194465160369873,34214500,0.0,0.0
2023-01-23,4.203563389469775,4.249056674414768,4.1944649927944475,4.212662220001221,34445300,0.0,0.0
2023-01-24,4.158070253762695,4.194464705685056,4.112576971931698,4.139873027801514,37969500,0.0,0.0
2023-01-25,4.176267765587673,4.230859447207995,4.139873311174126,4.212662220001221,29042000,0.0,0.0
2023-01-26,4.34914156379713,4.421930471332462,4.303648279659493,4.376437187194824,27243000,0.0,0.0
2023-01-27,4.340042927225079,4.35824015492148,4.303648471832275,4.303648471832275,18603400,0.0,0.0
2023-01-30,4.342041396308033,4.387747269569943,4.332900047302246,4.332900047302246,17922700,0.022,0.0
2023-01-31,4.278052512348127,4.351181983947754,4.26891160082532,4.351181983947754,16825000,0.0,0.0
2023-02-01,4.332899577759244,4.470016746802498,4.314617317612375,4.442593574523926,21421800,0.0,0.0
2023-02-02,4.470017204004945,4.51572307698874,4.442594028921475,4.497440814971924,24020600,0.0,0.0
2023-02-03,4.4151698853762245,4.4425934930352415,4.3603231059416485,4.378605365753174,25556300,0.0,0.0
2023-02-06,4.3146167885149636,4.3146167885149636,4.250629103789403,4.268911361694336,14072000,0.0,0.0
2023-02-07,4.232347995074228,4.323759309419383,4.232347995074228,4.296335697174072,14989100,0.0,0.0
2023-02-08,4.30547641507741,4.314617327229487,4.259770546666628,4.278052806854248,12058000,0.0,0.0
2023-02-09,4.3146167885149636,4.3146167885149636,4.250629103789403,4.268911361694336,17858700,0.0,0.0
2023-02-10,4.2323476957861725,4.278053131784952,4.223206347056317,4.25977087020874,13374400,0.0,0.0
2023-02-13,4.232347374326931,4.28719415488979,4.232347374326931,4.278052806854248,9235400,0.0,0.0
2023-02-14,4.268911361694336,4.323758135409136,4.250629103789403,4.268911361694336,14331600,0.0,0.0
2023-02-15,4.268912293295523,4.332899991985067,4.259770944406442,4.323759078979492,13299900,0.0,0.0
2023-02-16,4.305476817084836,4.360323602768805,4.305476817084836,4.323759078979492,12438500,0.0,0.0
2023-02-17,4.314617558249627,4.369464777632669,4.305476645608112,4.360323429107666,14197500,0.0,0.0
2023-02-21,4.323758135409136,4.342040393314069,4.259770014800163,4.268911361694336,11667600,0.0,0.0
2023-02-22,4.278052596037146,4.2871939436222135,4.223205818177067,4.250629425048828,12835600,0.0,0.0
2023-02-23,4.2871939436222135,4.305476202908907,4.223205818177067,4.250629425048828,15513300,0.0,0.0
2023-02-24,4.204924433039731,4.22320669612707,4.159218993263152,4.186642169952393,14452900,0.0,0.0
2023-02-27,4.278052272705097,4.305475877504202,4.24148775689523,4.268911361694336,18983400,0.0,0.0
2023-02-28,4.232347237094705,4.268911756284354,4.195782717905056,4.204923629760742,17313000,0.0,0.0
2023-03-01,4.259770408545217,4.268911756284354,4.204923629760742,4.204923629760742,12521500,0.0,0.0
2023-03-02,4.204923766103768,4.296335067041868,4.195782853951691,4.278052806854248,18506300,0.0,0.0
2023-03-03,4.396887876027536,4.433452397733436,4.369464702689852,4.406029224395752,18684000,0.0,0.0
2023-03-06,4.4151698853762245,4.433452145187751,4.378605365753174,4.378605365753174,12610600,0.0,0.0
2023-03-07,4.4243117938260665,4.433452706948342,4.3146177851741845,4.332900047302246,15330000,0.0,0.0
2023-03-08,4.3054761186834165,4.351181983947754,4.2963347712771744,4.351181983947754,12224900,0.0,0.0
2023-03-09,4.351182745313819,4.41517044482028,4.332900047302246,4.332900047302246,14506800,0.0,0.0
2023-03-10,4.3603232944213435,4.36946464266398,4.268911991412364,4.28719425201416,17299600,0.0,0.0
2023-03-13,4.223206347056317,4.3054767420910185,4.204924085480107,4.25977087020874,26853200,0.0,0.0
2023-03-14,4.296335067041868,4.314617327229487,4.241488286479008,4.278052806854248,16037300,0.0,0.0
2023-03-15,4.049524290917241,4.122653766726802,4.040383378868208,4.104371070861816,27691900,0.0,0.0
2023-03-16,4.0586662751767815,4.1866421151118045,4.049524925811087,4.177501201629639,19692500,0.0,0.0
2023-03-17,4.122654016900667,4.140936277991609,4.076948146231567,4.1317949295043945,16919500,0.0,0.0
2023-03-20,4.1957834644775,4.21406572732536,4.1500775894160835,4.177501201629639,14783000,0.0,0.0
2023-03-21,4.259770336750452,4.278052596037146,4.241488077463759,4.250629425048828,14708800,0.0,0.0
2023-03-22,4.250630405624967,4.314618109947967,4.186642265418422,4.195783615112305,16598600,0.0,0.0
2023-03-23,4.259770408545217,4.296334927734866,4.168359110571093,4.204923629760742,18048900,0.0,0.0
2023-03-24,4.23234748840332,4.250629749083711,4.168359358080217,4.23234748840332,20998600,0.0,0.0
2023-03-27,4.3146167885149636,4.332899046419897,4.259770014800163,4.268911361694336,10818200,0.0,0.0
2023-03-28,4.25062963451455,4.278052806854248,4.232347374326931,4.278052806854248,10049100,0.0,0.0
2023-03-29,4.342041396308033,4.351182745313819,4.3146177851741845,4.332900047302246,10588000,0.0,0.0
2023-03-30,4.396888027711194,4.442593899362069,4.387747114911117,4.424311637878418,17342300,0.0,0.0
2023-03-31,4.442593933691453,4.488299369812012,4.433452584937241,4.488299369812012,9965500,0.0,0.0
2023-04-03,4.470016900452499,4.488299161227793,4.433452378901911,4.460875988006592,12284100,0.0,0.0
2023-04-04,4.4791584569413,4.506581631436935,4.442593933691453,4.488299369812012,18041300,0.0,0.0
2023-04-05,4.488299314246805,4.506581575645394,4.451734791449627,4.479158401489258,11415100,0.0,0.0
2023-04-06,4.460876368793544,4.4791586311294385,4.442594106457649,4.451735019683838,10051600,0.0,0.0
2023-04-10,4.424311485248702,4.433452397733436,4.378605615174586,4.406029224395752,12969200,0.0,0.0
2023-04-11,4.497440565776832,4.497440565776832,4.460876043769174,4.470016956329346,11568700,0.0,0.0
2023-04-12,4.497440893465334,4.515723155801228,4.451735019683838,4.451735019683838,15689800,0.0,0.0
2023-04-13,4.479157757242249,4.515722274780273,4.479157757242249,4.515722274780273,18075800,0.0,0.0
2023-04-14,4.524863837043983,4.5431460984425724,4.460876140090669,4.479158401489258,16169300,0.0,0.0
2023-04-17,4.442593477178877,4.451734389110286,4.3968876098714675,4.433452129364014,16201200,0.0,0.0
2023-04-18,4.40602939870193,4.4151703115482865,4.19578317263375,4.25977087020874,29728400,0.0,0.0
2023-04-19,4.268911911837655,4.268911911837655,4.159218350271623,4.223206043243408,32830000,0.0,0.0
2023-04-20,3.912407942527328,3.9306902043010465,3.7752907612826863,3.83927845954895,58372900,0.0,0.0
2023-04-21,3.8209956395701123,3.8667015052690403,3.802713380467229,3.857560157775879,29377600,0.0,0.0
2023-04-24,3.8879641842375516,3.915603934724169,3.8511114764680148,3.869537830352783,23337700,0.033,0.0
2023-04-25,3.805045967286585,3.8142589249469063,3.768193258007403,3.7774062156677246,23686800,0.0,0.0
2023-04-26,3.860324729408321,3.8787510826073546,3.81425862675128,3.823472023010254,22915100,0.0,0.0
2023-04-27,3.814258468758195,3.8511111736297607,3.7866191597639687,3.8511111736297607,16370000,0.0,0.0
2023-04-28,3.823472151978012,3.8787512134397053,3.823472151978012,3.8603248596191406,14428900,0.0,0.0
2023-05-01,3.8603249834393334,3.8879642953972486,3.8234722746161514,3.8326852321624756,14836700,0.0,0.0
2023-05-02,3.805045967286585,3.8234723219261757,3.7497669033678123,3.7774062156677246,17904000,0.0,0.0
2023-05-03,3.7497665367186497,3.7866192423944036,3.7313401838807727,3.740553140640259,13094900,0.0,0.0
2023-05-04,3.703700304031372,3.722126656217841,3.6944873475975823,3.703700304031372,16030600,0.0,0.0
2023-05-05,3.731339893767133,3.8050452993880066,3.722126498405088,3.786618947982788,13398000,0.0,0.0
2023-05-08,3.8050453141141323,3.814258270192962,3.777405567239899,3.7958319187164307,10998000,0.0,0.0
2023-05-09,3.7589795450970596,3.76819294130197,3.740553192006149,3.7497665882110596,12912500,0.0,0.0
2023-05-10,3.777405672516197,3.786619068170676,3.731340012200455,3.758979320526123,18982300,0.0,0.0
2023-05-11,3.7313402264248907,3.7313402264248907,3.6760609476215222,3.685274124145508,14824800,0.0,0.0
2023-05-12,3.712913990020752,3.740553300801562,3.694487636393904,3.712913990020752,14260500,0.0,0.0
2023-05-15,3.722126787802382,3.7774058463160127,3.7129138310428957,3.740553140640259,14641900,0.0,0.0
2023-05-16,3.6944875967498043,3.7129139501789266,3.6392083168029785,3.6392083168029785,15213100,0.0,0.0
2023-05-17,3.6668475996584338,3.712913699784051,3.6668475996584338,3.703700304031372,13023500,0.0,0.0
2023-05-18,3.6944878101348877,3.7129141646282737,3.6760612359820297,3.6944878101348877,9980100,0.0,0.0
2023-05-19,3.731340169906616,3.7774058321693365,3.72212677386273,3.731340169906616,17347700,0.0,0.0
2023-05-22,3.7405529685360497,3.758979320526123,3.722126616545976,3.758979320526123,12505100,0.0,0.0
2023-05-23,3.7774060080552587,3.7866194045281447,3.712913990020752,3.712913990020752,14052400,0.0,0.0
2023-05-24,3.6944873210813864,3.6944873210813864,3.620781693205068,3.6299948692321777,18610700,0.0,0.0
2023-05-25,3.6484215259552,3.676061056344623,3.6299951723622517,3.6484215259552,12303000,0.0,0.0
2023-05-26,3.685273951844903,3.73134005197052,3.685273951844903,3.703700304031372,15735400,0.0,0.0
2023-05-30,3.749766404156989,3.768192756343458,3.6944873475975823,3.703700304031372,11886800,0.0,0.0
2023-05-31,3.6944878101348877,3.722127122215494,3.6668480587353365,3.6944878101348877,19755200,0.0,0.0
2023-06-01,3.703700421093861,3.758979479400468,3.6944874643688785,3.731340169906616,15482200,0.0,0.0
2023-06-02,3.7129138310428957,3.7497665367186497,3.7129138310428957,3.740553140640259,12171400,0.0,0.0
2023-06-05,3.758979427363386,3.7681928232797275,3.7221267223358154,3.7221267223358154,6271500,0.0,0.0
2023-06-06,3.676060676574707,3.7037002041087197,3.666847500730036,3.676060676574707,15587400,0.0,0.0
2023-06-07,3.703700304031372,3.74055300840431,3.6944873475975823,3.703700304031372,13770000,0.0,0.0
2023-06-08,3.6852738524193778,3.7037002041087197,3.666847500730036,3.676060676574707,9509200,0.0,0.0
2023-06-09,3.6944875203289484,3.72212683024145,3.685274124145508,3.685274124145508,15668700,0.0,0.0
2023-06-12,3.6852739125658283,3.758979320526123,3.6760607365707916,3.758979320526123,12932800,0.0,0.0
2023-06-13,3.786619068170676,3.80504542016075,3.758979320526123,3.758979320526123,14008200,0.0,0.0
2023-06-14,3.8326849799503138,3.860324729408321,3.7958322735522465,3.823472023010254,18595900,0.0,0.0
2023-06-15,3.8511116034841684,3.90639066696167,3.8418986458973907,3.90639066696167,13934000,0.0,0.0
2023-06-16,3.9524562214534753,3.9524562214534753,3.906390121989337,3.9432432651519775,20155500,0.0,0.0
2023-06-20,3.8879641842375516,3.8971775808394007,3.8511114764680148,3.869537830352783,9380800,0.0,0.0
2023-06-21,3.8418980170671952,3.8418980170671952,3.777405567239899,3.7958319187164307,10545600,0.0,0.0
2023-06-22,3.76819294130197,3.77740589818797,3.740553192006149,3.7497665882110596,14464400,0.0,0.0
2023-06-23,3.6944874545805897,3.712913807300639,3.6576345294810397,3.6668477058410645,14453600,0.0,0.0
2023-06-26,3.712913699784051,3.74055300840431,3.703700304031372,3.703700304031372,13297300,0.0,0.0
2023-06-27,3.7405528642868364,3.8050453141141323,3.722126512810305,3.7958319187164307,17301000,0.0,0.0
2023-06-28,3.82347173258,3.8418980843793706,3.8050453807806286,3.814258337020874,17131200,0.0,0.0
2023-06-29,3.8326849799503138,3.8418983762092873,3.786619316612186,3.823472023010254,24049700,0.0,0.0
2023-06-30,3.8326852321624756,3.8511115865740666,3.8142588777508846,3.8326852321624756,13955300,0.0,0.0
2023-07-03,3.90639066696167,3.9340304183598933,3.8971777093748923,3.90639066696167,9451200,0.0,0.0
2023-07-05,3.8695375260655434,3.8695375260655434,3.832684821193978,3.8511111736297607,14391500,0.0,0.0
2023-07-06,3.814258337020874,3.82347173258,3.7866190289812574,3.814258337020874,9869300,0.0,0.0
2023-07-07,3.81425862675128,3.8418983762092873,3.80504566981122,3.823472023010254,9671100,0.0,0.0
2023-07-10,3.8326850448995917,3.8511113984108816,3.823472087803408,3.8418984413146973,11585500,0.0,0.0
2023-07-11,3.869537830352783,3.8879641842375516,3.8511114764680148,3.869537830352783,13098500,0.0,0.0
2023-07-12,3.9432432651519775,3.961669617073856,3.906390121989337,3.9432432651519775,21727000,0.0,0.0
2023-07-13,4.007735252380371,4.01694864794365,3.980095944328295,4.007735252380371,25966600,0.0,0.0
2023-07-14,3.6576345294810397,3.6668477058410645,3.6023554713208914,3.6668477058410645,42501100,0.0,0.0
2023-07-17,3.547076463699341,3.5931425686679948,3.5286501095756666,3.547076463699341,30913300,0.0,0.0
2023-07-18,3.583929028866773,3.6207817333841574,3.556289280819289,3.5747158527374268,34635200,0.0,0.0
2023-07-19,3.5931421651237403,3.639208045259287,3.5839289890966306,3.6299948692321777,23929100,0.0,0.0
2023-07-20,3.6207821369171143,3.6392084912294074,3.5747162511363815,3.6207821369171143,20544000,0.0,0.0
2023-07-21,3.6484212212863962,3.6576343973135055,3.611568517177959,3.6299948692321777,18365200,0.0,0.0
2023-07-24,3.6522992377378927,3.6801793575286865,3.643005864474295,3.6801793575286865,11858800,0.034,0.0
2023-07-25,3.670885691858251,3.698765809428235,3.6615923193349227,3.6894724369049072,14589200,0.0,0.0
2023-07-26,3.633712491210697,3.6894727307922843,3.6244191179470993,3.6801793575286865,21175600,0.0,0.0
2023-07-27,3.670885838394254,3.670885838394254,3.6244189739227295,3.6244189739227295,24210700,0.0,0.0
2023-07-28,3.66159277783131,3.6801795252053573,3.63371265677024,3.652299404144287,12080900,0.0,0.0
2023-07-31,3.6430057376404235,3.67088585646055,3.633712364700381,3.661592483520508,15518800,0.0,0.0
2023-08-01,3.6337125461177866,3.6708860397338867,3.6244191727137616,3.6708860397338867,17256800,0.0,0.0
2023-08-02,3.6151256188202963,3.661592483520508,3.605832245880254,3.661592483520508,35605100,0.0,0.0
2023-08-03,3.6151256561279297,3.6244190291638785,3.587245315448593,3.6151256561279297,14017800,0.0,0.0
2023-08-04,3.5965388151120052,3.6708860235887135,3.5965388151120052,3.6337125301361084,14965500,0.0,0.0
2023-08-07,3.661592465499949,3.661592465499949,3.6058322281341195,3.6244189739227295,10667400,0.0,0.0
2023-08-08,3.596538633668327,3.6244189739227295,3.5779518878797174,3.6244189739227295,15289900,0.0,0.0
2023-08-09,3.6430057197113395,3.6522990926056442,3.6244189739227295,3.6244189739227295,16194500,0.0,0.0
2023-08-10,3.6801794131379117,3.708059533349987,3.6615926663298617,3.6708860397338867,16177200,0.0,0.0
2023-08-11,3.605832283091981,3.6151256561279297,3.5965386884845416,3.6151256561279297,14926000,0.0,0.0
2023-08-14,3.596538782119751,3.6151257502470475,3.577952035563951,3.596538782119751,9790500,0.0,0.0
2023-08-15,3.559364959553533,3.577951704388945,3.531484842300415,3.531484842300415,10077400,0.0,0.0
2023-08-16,3.5314850631164165,3.540778436115217,3.4850181981224155,3.494311571121216,12950100,0.0,0.0
2023-08-17,3.5500722363391213,3.5686589845735,3.503605365753174,3.503605365753174,13632700,0.0,0.0
2023-08-18,3.503604670997859,3.5500715323695538,3.4943112987235203,3.540778160095215,10588200,0.0,0.0
2023-08-21,3.5500715323695538,3.5686582769182316,3.522191415546537,3.540778160095215,10376400,0.0,0.0
2023-08-22,3.587245076806651,3.596538449224357,3.522191469882709,3.531484842300415,18756900,0.0,0.0
2023-08-23,3.531485152817407,3.5593652725219727,3.5221917795825517,3.5593652725219727,8708200,0.0,0.0
2023-08-24,3.5314854881047424,3.5593656104563105,3.4943119916359846,3.503605365753174,10844000,0.0,0.0
2023-08-25,3.512898097465003,3.540778214718121,3.494311352629591,3.531484842300415,11061900,0.0,0.0
2023-08-28,3.5407786522656566,3.5779521465301514,3.5407786522656566,3.5779521465301514,5956100,0.0,0.0
2023-08-29,3.6615926663298617,3.6801794131379117,3.6430059195218116,3.6708860397338867,15483300,0.0,0.0
2023-08-30,3.698765993118286,3.7080593661031465,3.680179247148565,3.698765993118286,10925400,0.0,0.0
2023-08-31,3.708059072494507,3.717352444743507,3.689472327996507,3.708059072494507,10876800,0.0,0.0
2023-09-01,3.726646038563979,3.7359391892415066,3.708059072494507,3.708059072494507,12114700,0.0,0.0
2023-09-05,3.7266464620029183,3.7359396137363774,3.7080594938215086,3.717352867126465,11539600,0.0,0.0
2023-09-06,3.754526338116195,3.7731130846160577,3.7173528451164697,3.763819932937622,16016500,0.0,0.0
2023-09-07,3.735939482068608,3.800993314482071,3.735939482068608,3.7824065685272217,24166400,0.0,0.0
2023-09-08,3.7359393927949616,3.7824064781432023,3.7359393927949616,3.754526138305664,22963800,0.0,0.0
2023-09-11,3.763819822572372,3.791699719933157,3.7452330766175224,3.7824065685272217,17288000,0.0,0.0
2023-09-12,3.754526338116195,3.7731130846160577,3.7359395916163325,3.763819932937622,14259300,0.0,0.0
2023-09-13,3.7173530663838146,3.735939813990013,3.6987663187776163,3.726646661758423,24397000,0.0,0.0
2023-09-14,3.698765774554661,3.745232858304668,3.689472402118955,3.7359392642974854,22829700,0.0,0.0
2023-09-15,3.6708861515183338,3.6894728988923804,3.6430060304572636,3.652299404144287,21273800,0.0,0.0
2023-09-18,3.6615926663298617,3.6894727865419368,3.6522992929258367,3.6708860397338867,15598400,0.0,0.0
2023-09-19,3.717352867126465,3.7266464620029183,3.689472747211596,3.717352867126465,15787400,0.0,0.0
2023-09-20,3.7452331919453674,3.7452331919453674,3.6801793575286865,3.6801793575286865,11832700,0.0,0.0
2023-09-21,3.6244191235249477,3.633712496802848,3.596538782119751,3.596538782119751,9831900,0.0,0.0
2023-09-22,3.6337124021998273,3.643005775235776,3.605832283091981,3.6151256561279297,10657800,0.0,0.0
2023-09-25,3.5500718992871176,3.5686586457568277,3.531485152817407,3.5593652725219727,11623600,0.0,0.0
2023-09-26,3.5221916161398883,3.5314849889434967,3.4664313793182373,3.4664313793182373,16619800,0.0,0.0
2023-09-27,3.466431305331013,3.4757246779362645,3.410671069699504,3.438551187515259,15534800,0.0,0.0
2023-09-28,3.429257706173143,3.4757245677260022,3.4199643338625707,3.4571378231048584,14859500,0.0,0.0
2023-09-29,3.5407783057087205,3.5407783057087205,3.475724697113037,3.475724697113037,19342200,0.0,0.0
2023-10-02,3.4571378231048584,3.4757245677260022,3.410670961551999,3.4571378231048584,19387900,0.0,0.0
2023-10-03,3.4478444853268866,3.46643123013419,3.401377623308629,3.4106709957122803,21046900,0.0,0.0
2023-10-04,3.419964628559462,3.42925800167084,3.345617422096946,3.364204168319702,22764600,0.0,0.0
2023-10-05,3.3642043770464904,3.3734979723059673,3.271270640166783,3.2898573875427246,29542000,0.0,0.0
2023-10-06,3.261977156262502,3.3363241432542177,3.2526837828885378,3.308444023132324,25430900,0.0,0.0
2023-10-09,3.261977156262502,3.308444023132324,3.2526837828885378,3.308444023132324,19774500,0.0,0.0
2023-10-10,3.401377994813754,3.410671368232446,3.3363241593114106,3.3456175327301025,18382200,0.0,0.0
2023-10-11,3.401377677034003,3.401377677034003,3.299150357407661,3.317737102508545,23756000,0.0,0.0
2023-10-12,3.3642039652607556,3.3734975593826766,3.289856984857219,3.317737102508545,28672400,0.0,0.0
2023-10-13,3.32703032379807,3.32703032379807,3.261976718902588,3.261976718902588,16514000,0.0,0.0
2023-10-16,3.3084440390553347,3.3549109061487945,3.2991506656366427,3.3456175327301025,16565100,0.0,0.0
2023-10-17,3.2433900833129883,3.2805635730701495,3.2248033384344077,3.2433900833129883,26867900,0.0,0.0
2023-10-18,3.2340970270777056,3.2433904004256275,3.1411632935984892,3.150456666946411,33093900,0.0,0.0
2023-10-19,2.9274152799472453,3.001762261522305,2.834481331406938,2.98317551612854,47890300,0.0,0.0
2023-10-20,2.9367088163144888,2.9924690556034452,2.9274154430996626,2.9552955627441406,22675300,0.0,0.0
2023-10-23,2.994724365267107,3.0135000483740524,2.9477851574997445,2.9665608406066895,26501800,0.032,0.0
2023-10-24,2.9759487365499266,3.022887945175171,2.9665608948248776,3.022887945175171,22273900,0.0,0.0
2023-10-25,3.0134999752044678,3.032275657855528,2.9947242925534074,3.0134999752044678,21876500,0.0,0.0
2023-10-26,3.0041122795746826,3.051051488478827,2.9947244377938538,3.041663646697998,28650200,0.0,0.0
2023-10-27,3.069827301019219,3.0886029853697368,3.051051616668701,3.051051616668701,20108800,0.0,0.0
2023-10-30,3.0886027812957764,3.09799062285075,3.0510514150758805,3.0886027812957764,16133900,0.0,0.0
2023-10-31,3.1073784828186035,3.135542007650409,3.0886027995973997,3.1073784828186035,17517400,0.0,0.0
2023-11-01,3.0792150138213135,3.0886028556021423,3.0228879631363403,3.041663646697998,17871400,0.0,0.0
2023-11-02,3.126154439419713,3.173093875401341,3.10737875455659,3.144930124282837,14555600,0.0,0.0
2023-11-03,3.2200330746855874,3.2575844442617052,3.2106452322915575,3.248196601867676,15970800,0.0,0.0
2023-11-06,3.2388083745119656,3.2481962157901654,3.2106448506773666,3.2200326919555664,12794100,0.0,0.0
2023-11-07,3.2294205332337658,3.2388083745119656,3.1918691681209674,3.2200326919555664,14823000,0.0,0.0
2023-11-08,3.2481961444095497,3.295135349769037,3.2294204622657547,3.2669718265533447,16828700,0.0,0.0
2023-11-09,3.2857476001442674,3.2857476001442674,3.2294205521452186,3.2388083934783936,10899600,0.0,0.0
2023-11-10,3.2481965085694813,3.276360034942627,3.210645140071954,3.276360034942627,12542000,0.0,0.0
2023-11-13,3.2669718265533447,3.2857475086971397,3.238808303337652,3.2669718265533447,9154900,0.0,0.0
2023-11-14,3.3420745232145257,3.37023804616128,3.332686682232274,3.3514623641967773,10491100,0.0,0.0
2023-11-15,3.3514621465557983,3.3890135080462525,3.3514621465557983,3.3702378273010254,7879100,0.0,0.0
2023-11-16,3.3139115653758617,3.3326872505421075,3.295135880209616,3.3232994079589844,9844000,0.0,0.0
2023-11-17,3.3420751094818115,3.3514629521108796,3.3232994242236753,3.3420751094818115,5647900,0.0,0.0
2023-11-20,3.342074306183185,3.3702378273010254,3.3326864658105713,3.3702378273010254,5936900,0.0,0.0
2023-11-21,3.323299280210533,3.3326871224327848,3.3139114379882812,3.3139114379882812,7197100,0.0,0.0
2023-11-22,3.323299280210533,3.3326871224327848,3.3045235957660295,3.3139114379882812,8125600,0.0,0.0
2023-11-24,3.323299059493771,3.3420747426912882,3.3045233762962534,3.3326869010925293,3624400,0.0,0.0
2023-11-27,3.3232994079589844,3.3326872505421075,3.304523722792739,3.3232994079589844,5973400,0.0,0.0
2023-11-28,3.304523468017578,3.323299151736239,3.285747784298917,3.304523468017578,7168300,0.0,0.0
2023-11-29,3.3420751094818115,3.3702386373690163,3.3326872668527434,3.3420751094818115,11839600,0.0,0.0
2023-11-30,3.3045231908409347,3.3139110319128324,3.2669718265533447,3.2669718265533447,12890200,0.0,0.0
2023-12-01,3.2294208243207176,3.2857478770670085,3.210645140071954,3.276360034942627,14806700,0.0,0.0
2023-12-04,3.022887889927525,3.060439256141415,2.9665608406066895,2.9665608406066895,63662300,0.0,0.0
2023-12-05,2.7788038611902266,2.853906595657918,2.7600281775733038,2.8163552284240723,44622900,0.0,0.0
2023-12-06,2.863294325744843,2.9008456915134895,2.8257429599761963,2.8257429599761963,30193200,0.0,0.0
2023-12-07,2.863294290978756,2.9290091802759783,2.8351307669942325,2.910233497619629,24122200,0.0,0.0
2023-12-08,2.994724622909223,3.022888149992605,2.966561095825841,2.9853367805480957,14536500,0.0,0.0
2023-12-11,2.947785345690458,2.9759488721488743,2.9196215954082296,2.929009437561035,22015800,0.0,0.0
2023-12-12,3.013500103450122,3.03227578690022,2.9759487365499266,3.022887945175171,17594400,0.0,0.0
2023-12-13,3.004112405792407,3.0604394588439603,2.9759488792666304,3.051051616668701,13695300,0.0,0.0
2023-12-14,3.126153749115613,3.191868855449431,3.1167659087570345,3.1637051105499268,12866300,0.0,0.0
2023-12-15,3.06982719005675,3.0792150318926743,3.032275822713052,3.060439348220825,16638200,0.0,0.0
2023-12-18,3.0510515993900618,3.0510515993900618,3.004112388779592,3.032275915145874,13940000,0.0,0.0
2023-12-19,3.1073784828186035,3.126154166039807,3.0886027995973997,3.1073784828186035,17834600,0.0,0.0
2023-12-20,3.1073786697202546,3.1167665118955132,3.051051616668701,3.051051616668701,13270000,0.0,0.0
2023-12-21,3.0416636821822602,3.0886028916340007,3.0416636821822602,3.0792150497436523,12723900,0.0,0.0
2023-12-22,3.1449300137333975,3.182481605963463,3.1355421716318337,3.154317855834961,17974300,0.0,0.0
2023-12-26,3.1167665969881515,3.1637058091459602,3.097990912125028,3.144930124282837,8897800,0.0,0.0
2023-12-27,3.173093557357788,3.2012570818296044,3.173093557357788,3.173093557357788,10834100,0.0,0.0
2023-12-28,3.1637051105499268,3.1730931747322746,3.154317270191348,3.1637051105499268,9610800,0.0,0.0
2023-12-29,3.163705998450293,3.2481968092137814,3.135542469470407,3.2106454372406006,21769100,0.0,0.0
2024-01-02,3.18248130798758,3.2294205141004784,3.173093466765,3.2012569904327393,11708100,0.0,0.0
2024-01-03,3.182481527328491,3.1918693691980935,3.1449299360262764,3.182481527328491,18458100,0.0,0.0
2024-01-04,3.2200327108120437,3.248196234811568,3.210644869478869,3.2388083934783936,10934100,0.0,0.0
2024-01-05,3.2294211387634277,3.285748196994179,3.220033295724969,3.2294211387634277,11702700,0.0,0.0
2024-01-08,3.2669723524602476,3.3326872505421075,3.2481966672940024,3.3232994079589844,15453700,0.0,0.0
2024-01-09,3.2857475086971397,3.295135349769037,3.257583985481447,3.2669718265533447,11399300,0.0,0.0
2024-01-10,3.2575843506938633,3.2857478770670085,3.2481965085694813,3.276360034942627,9214700,0.0,0.0
2024-01-11,3.28574800491333,3.295135847402987,3.25758447744436,3.28574800491333,13916900,0.0,0.0
2024-01-12,3.2951356261582476,3.3326869935955696,3.2951356261582476,3.304523468017578,12715800,0.0,0.0
2024-01-16,3.2763598150581927,3.295135498046875,3.2575841320695105,3.295135498046875,9854300,0.0,0.0
2024-01-17,3.257584076144743,3.257584076144743,3.210644869478869,3.2388083934783936,11261500,0.0,0.0
2024-01-18,3.2388084122261884,3.276359777776253,3.2388084122261884,3.2575840950012207,16291300,0.0,0.0
2024-01-19,3.173093485564568,3.2200326919555664,3.154317579184377,3.2200326919555664,19668100,0.0,0.0
2024-01-22,3.1637058091459602,3.2012574026960263,3.10737875455659,3.144930124282837,27719100,0.0,0.0
2024-01-23,3.182481605963463,3.2481965006744096,3.1449300137333975,3.154317855834961,25855800,0.0,0.0
2024-01-24,3.220032672877899,3.238808355323058,3.1355418780508915,3.2012569904327393,24358700,0.0,0.0
2024-01-25,3.4735046379301133,3.6049344161139656,3.4641167966312665,3.567383050918579,34506200,0.0,0.0
2024-01-26,3.5673833069149445,3.6143225167775475,3.5579954649424237,3.5861589908599854,19234200,0.0,0.0
2024-01-29,3.5880526091863065,3.654322647614457,3.569118312492549,3.644855499267578,12913600,0.032,0.0
2024-01-30,3.5501836924415935,3.559650839926187,3.4649793650802514,3.4839136600494385,20444600,0.0,0.0
2024-01-31,3.446045239635025,3.446045239635025,3.389242126218504,3.4081764221191406,22701500,0.0,0.0
2024-02-01,3.4271102604015597,3.436577632802322,3.3987088203430176,3.3987088203430176,17518800,0.0,0.0
2024-02-02,3.370307706608558,3.389242001814199,3.351373411402917,3.3608405590057373,11068400,0.0,0.0
2024-02-05,3.379775070572154,3.4081765151987717,3.360840774154409,3.3703079223632812,12019900,0.0,0.0
2024-02-06,3.341906477736664,3.398709366989899,3.341906477736664,3.3703079223632812,9735000,0.0,0.0
2024-02-07,3.370307706608558,3.3987091494170194,3.3419062638000963,3.3608405590057373,8820600,0.0,0.0
2024-02-08,3.427110549427277,3.4839136600494385,3.4081762544580894,3.4839136600494385,15087600,0.0,0.0
2024-02-09,3.4176431137153793,3.4176431137153793,3.3797745269706563,3.3987088203430176,14196300,0.0,0.0
2024-02-12,3.389242080704335,3.4555123411812305,3.389242080704335,3.4271106719970703,14279500,0.0,0.0
2024-02-13,3.3608406973266884,3.370307845319145,3.294570661379492,3.3040378093719482,11522000,0.0,0.0
2024-02-14,3.3040377408009083,3.3324391841888428,3.2756362974129734,3.3324391841888428,15873800,0.0,0.0
2024-02-15,3.322971820831299,3.360840409558672,3.3135046736494553,3.322971820831299,19084200,0.0,0.0
2024-02-16,3.322971968594455,3.3608405590057373,3.3135048209916347,3.3608405590057373,10981100,0.0,0.0
2024-02-20,3.3229721053568615,3.3324392533493183,3.285103513387035,3.3040378093719482,9580300,0.0,0.0
2024-02-21,3.3135051023264857,3.3513736959530203,3.2945708055132186,3.3419065475463867,16184400,0.0,0.0
2024-02-22,3.3419064318468448,3.389242172241211,3.3419064318468448,3.389242172241211,13199100,0.0,0.0
2024-02-23,3.3703077294004578,3.379774877067301,3.34190628639993,3.3513734340667725,6502200,0.0,0.0
2024-02-26,3.332439399139753,3.3513736959530203,3.322972250733119,3.3419065475463867,11954800,0.0,0.0
2024-02-27,3.332438836425019,3.3892417172731015,3.322971689617005,3.379774570465088,13922800,0.0,0.0
2024-02-28,3.3703079223632812,3.3892422187810265,3.360840774154409,3.3703079223632812,9237800,0.0,0.0
2024-02-29,3.360840844359654,3.3797751411729213,3.332439399139753,3.3419065475463867,14380400,0.0,0.0
2024-03-01,3.332439329527791,3.3703079223632812,3.3229721813189186,3.3703079223632812,9023900,0.0,0.0
2024-03-04,3.3987092512849557,3.4271106949446803,3.3797749555118055,3.4176435470581055,11121700,0.0,0.0
2024-03-05,3.4081763665566687,3.4176435143526467,3.3324391841888428,3.3324391841888428,8923600,0.0,0.0
2024-03-06,3.370307455117079,3.483913443588279,3.370307455117079,3.4744462966918945,17672500,0.0,0.0
2024-03-07,3.4933807625646427,3.521782204652819,3.4649793204764663,3.502847909927368,15950100,0.0,0.0
2024-03-08,3.4460451933580467,3.4555123411812305,3.4176435241738865,3.4271106719970703,15512900,0.0,0.0
2024-03-11,3.417643514049728,3.4460451831497534,3.408176366254589,3.4365780353546143,16120400,0.0,0.0
2024-03-12,3.446045114955922,3.464979410171509,3.4176434464179377,3.464979410171509,12719500,0.0,0.0
2024-03-13,3.4271103364953857,3.483913443588279,3.4176431895990014,3.4744462966918945,23540400,0.0,0.0
2024-03-14,3.49338085299489,3.5028480006026834,3.446045114955922,3.464979410171509,14188800,0.0,0.0
2024-03-15,3.502847932411898,3.502847932411898,3.4649793427179203,3.4933807849884033,15936900,0.0,0.0
2024-03-18,3.3987088211691256,3.4081759678576073,3.2851030609073435,3.294570207595825,23497900,0.0,0.0
2024-03-19,3.3040377408009083,3.3419063319848212,3.29457059300493,3.3324391841888428,14455700,0.0,0.0
2024-03-20,3.322971646853572,3.3987088203430176,3.3040373534812106,3.3987088203430176,15974000,0.0,0.0
2024-03-21,3.389242172241211,3.4081764683989575,3.379775024162338,3.389242172241211,13891400,0.0,0.0
2024-03-22,3.379775024162338,3.398709320320084,3.3703078760834644,3.389242172241211,21461100,0.0,0.0
2024-03-25,3.3703077753727557,3.3797749231687337,3.3324391841888428,3.3324391841888428,9013600,0.0,0.0
2024-03-26,3.360840581733615,3.3892420247341435,3.34190628639993,3.3513734340667725,13318200,0.0,0.0
2024-03-27,3.3703078303178673,3.436578091684707,3.360840682367549,3.4081764221191406,15118700,0.0,0.0
2024-03-28,3.3703077294004578,3.408176320067829,3.3513734340667725,3.3513734340667725,14526800,0.0,0.0
2024-04-01,3.360840673943861,3.3797749697970403,3.3040377863843235,3.313504934310913,7634300,0.0,0.0
2024-04-02,3.341906378090682,3.341906378090682,3.3040377863843235,3.313504934310913,12316200,0.0,0.0
2024-04-03,3.3229721356890987,3.4081764683989575,3.313504987610225,3.389242172241211,20457800,0.0,0.0
2024-04-04,3.4176437347994555,3.4271108832060895,3.332439399139753,3.3419065475463867,7926600,0.0,0.0
2024-04-05,3.3229721053568615,3.3324392533493183,3.275636365394578,3.3040378093719482,14833300,0.0,0.0
2024-04-08,3.313504500972789,3.3229716476612707,3.2851030609073435,3.294570207595825,18404900,0.0,0.0
2024-04-09,3.294570638457734,3.341906378090682,3.294570638457734,3.313504934310913,10091000,0.0,0.0
2024-04-10,3.2945708255850623,3.2945708255850623,3.218833637870572,3.2377679347991943,18180500,0.0,0.0
2024-04-11,3.2756365286564395,3.2945708255850623,3.228300786334883,3.2377679347991943,10629300,0.0,0.0
2024-04-12,3.2093664493020326,3.218833597648042,3.1525633335113525,3.1525633335113525,10113600,0.0,0.0
2024-04-15,3.2093660315964625,3.228300325824145,3.1146943347434584,3.1241614818573,21447400,0.0,0.0
2024-04-16,3.190431926895392,3.2093664493020326,3.1430961851653425,3.1525633335113525,35270100,0.0,0.0
2024-04-17,3.1809647785493818,3.1809647785493818,3.124161888473323,3.1525633335113525,21438800,0.0,0.0
2024-04-18,3.1904314320434817,3.2661688327789307,3.1809642851658735,3.2661688327789307,21249100,0.0,0.0
2024-04-19,3.3040377408009083,3.3608406275767777,3.29457059300493,3.3324391841888428,17395300,0.0,0.0
2024-04-22,3.5078307407199953,3.574920334140511,3.4790780578254883,3.536583423614502,21685400,0.043,0.0
2024-04-23,3.431156729267755,3.5365834628911412,3.4119882737918696,3.5269992351531982,17830800,0.0,0.0
2024-04-24,3.5078306587582713,3.5269991135733982,3.4790779765355815,3.498246431350708,13129900,0.0,0.0
2024-04-25,3.4503253401237437,3.5078309376470913,3.44074111195419,3.4886624813079834,19352700,0.0,0.0
2024-04-26,3.5269991135733982,3.5461675683885248,3.498246431350708,3.498246431350708,11129700,0.0,0.0
2024-04-29,3.5174150074152553,3.546167690629084,3.5078307796773123,3.5269992351531982,14067800,0.0,0.0
2024-04-30,3.498246431350708,3.5269991135733982,3.4790779765355815,3.498246431350708,9779200,0.0,0.0
2024-05-01,3.498246431350708,3.555751795796088,3.4790779765355815,3.498246431350708,14451200,0.0,0.0
2024-05-02,3.5461677302267853,3.555751958071749,3.47907813531204,3.5174150466918945,12286600,0.0,0.0
2024-05-03,3.5557518788775067,3.574920334140511,3.5269991959829996,3.536583423614502,13590900,0.0,0.0
2024-05-06,3.5749202163140272,3.584504443629641,3.5557517616827994,3.565335988998413,7105900,0.0,0.0
2024-05-07,3.5845048427581787,3.6036732995237815,3.5461679292269728,3.5845048427581787,8536400,0.0,0.0
2024-05-08,3.56533595024827,3.594088631882611,3.555751723036823,3.574920177459717,7304600,0.0,0.0
2024-05-09,3.565335988998413,3.5749202163140272,3.5365833070515715,3.565335988998413,7181400,0.0,0.0
2024-05-10,3.603672898260869,3.6132571255764825,3.565335988998413,3.565335988998413,8457600,0.0,0.0
2024-05-13,3.5749204179278986,3.6803469243453626,3.5653361900717653,3.6324257850646973,26004600,0.0,0.0
2024-05-14,3.843278945543238,3.8528629441218816,3.728267992021541,3.7666049003601074,30928900,0.0,0.0
2024-05-15,3.718684226372219,3.728268454646125,3.661178628222752,3.709099769592285,22161300,0.0,0.0
2024-05-16,3.6995152743828497,3.757020868383047,3.6899310468004853,3.718683958053589,15250300,0.0,0.0
2024-05-17,3.7378525339641104,3.766605217640017,3.7186840781801727,3.747436761856079,7002000,0.0,0.0
2024-05-20,3.7090995278833225,3.7090995278833225,3.6515941619873047,3.6515941619873047,12029500,0.0,0.0
2024-05-21,3.6515942818976113,3.689931193753856,3.632425825969489,3.680346965789795,11072100,0.0,0.0
2024-05-22,3.728268150745266,3.795357743193965,3.718683923252595,3.785773515701294,13216500,0.0,0.0
2024-05-23,3.747436749925856,3.7570209777873127,3.6899311542510986,3.6899311542510986,11978500,0.0,0.0
2024-05-24,3.6707626985281854,3.6995153821125553,3.6611784706667283,3.6899311542510986,5758000,0.0,0.0
2024-05-28,3.699515541318379,3.718684226372219,3.6803470847705655,3.709099769592285,10919200,0.0,0.0
2024-05-29,3.603673219680786,3.632425904192146,3.5749205351694266,3.603673219680786,17329900,0.0,0.0
2024-05-30,3.6707626985281854,3.6995153821125553,3.6611784706667283,3.6899311542510986,12716900,0.0,0.0
2024-05-31,3.6899312049233903,3.747436801387848,3.6803469769303176,3.7378525733947754,9146800,0.0,0.0
2024-06-03,3.795357743193965,3.795357743193965,3.737852378237937,3.785773515701294,11084400,0.0,0.0
2024-06-04,3.7474366444647833,3.7761893272399902,3.737852416873048,3.7761893272399902,7530000,0.0,0.0
2024-06-05,3.785773872732721,3.8145265579223633,3.766605415939626,3.8145265579223633,10623000,0.0,0.0
2024-06-06,3.7474366057306083,3.785773515701294,3.7474366057306083,3.785773515701294,10245900,0.0,0.0
2024-06-07,3.757020989748048,3.7857736734239547,3.7378525339641104,3.747436761856079,11087600,0.0,0.0
2024-06-10,3.6995154217179174,3.718684106152059,3.680346965789795,3.680346965789795,11273200,0.0,0.0
2024-06-11,3.651594201278464,3.6611784290309264,3.622841518021076,3.642009973526001,7395600,0.0,0.0
2024-06-12,3.6707626172859773,3.6995153002339864,3.6515941619873047,3.6515941619873047,11067100,0.0,0.0
2024-06-13,3.632425619899848,3.6420098473201903,3.5365833456964246,3.5557518005371094,13180400,0.0,0.0
2024-06-14,3.4599093998452783,3.4886623114601094,3.421572489033521,3.4694936275482178,11197900,0.0,0.0
2024-06-17,3.4790780578254883,3.536583423614502,3.469493601687975,3.536583423614502,8909500,0.0,0.0
2024-06-18,3.5174150074152553,3.5653361461049697,3.5174150074152553,3.5269992351531982,10340400,0.0,0.0
2024-06-20,3.4886624023254527,3.584504681851144,3.4886624023254527,3.507830858230591,12722600,0.0,0.0
2024-06-21,3.4982465519393697,3.555751918367027,3.4982465519393697,3.5269992351531982,5891500,0.0,0.0
2024-06-24,3.6324255407283985,3.6420097679398453,3.555751723036823,3.574920177459717,14016300,0.0,0.0
2024-06-25,3.56533595024827,3.594088631882611,3.5461674958253764,3.574920177459717,10823500,0.0,0.0
2024-06-26,3.5365835023818217,3.5461677302267853,3.4982465910019673,3.5174150466918945,15484200,0.0,0.0
2024-06-27,3.574920177459717,3.594088631882611,3.56533595024827,3.574920177459717,9390600,0.0,0.0
2024-06-28,3.5845046847619852,3.65159428048445,3.574920456801633,3.6228415966033936,20248600,0.0,0.0
2024-07-01,3.7282681465148926,3.7857735114056705,3.7090994630452925,3.7282681465148926,18371500,0.0,0.0
2024-07-02,3.7186839190330963,3.7282681465148926,3.6803467805999035,3.7282681465148926,9675400,0.0,0.0
2024-07-03,3.747436749925856,3.7570209777873127,3.6899311542510986,3.6899311542510986,7865000,0.0,0.0
2024-07-05,3.747436801387848,3.757021029380921,3.6899312049233903,3.7378525733947754,11031400,0.0,0.0
2024-07-08,3.7570208289602816,3.7857735114056705,3.7282681465148926,3.7282681465148926,12296200,0.0,0.0
2024-07-09,3.6899313527539332,3.7186842663911066,3.6803471243768855,3.6995155811309814,14441200,0.0,0.0
2024-07-10,3.7570210305964813,3.7953579425811768,3.7282683466079596,3.7953579425811768,15670900,0.0,0.0
2024-07-11,3.7761893272399902,3.7953577824234612,3.7282681892813123,3.7761893272399902,15890300,0.0,0.0
2024-07-12,3.7953580614942894,3.852863431273045,3.7953580614942894,3.824110746383667,12466200,0.0,0.0
2024-07-15,3.814526074997826,3.814526074997826,3.747436484715633,3.7570207118988037,15155100,0.0,0.0
2024-07-16,3.680346819218121,3.7282681856359536,3.6707625916357562,3.718683958053589,16791100,0.0,0.0
2024-07-17,3.718684117408629,3.776189485367067,3.6899312049233903,3.7378525733947754,18551200,0.0,0.0
2024-07-18,3.5749203607865634,3.5749203607865634,3.450325172142339,3.4694936275482178,37723700,0.0,0.0
2024-07-19,3.4790779765355815,3.517414886165835,3.459909293214449,3.498246431350708,11352900,0.0,0.0
2024-07-22,3.622841756289384,3.632425984672186,3.5845048427581787,3.5845048427581787,15281400,0.0,0.0
2024-07-23,3.5767707635131627,3.60577157951054,3.5671038248473703,3.586437702178955,8792600,0.032,0.0
2024-07-24,3.5477702617645264,3.5767710803306922,3.5381033222424714,3.5477702617645264,9928200,0.0,0.0
2024-07-25,3.6251054675419554,3.7314417931795334,3.6057715901533047,3.7024409770965576,14351500,0.0,0.0
2024-07-26,3.702441195957625,3.7217750744891522,3.663773438894571,3.7121081352233887,9576300,0.0,0.0
2024-07-29,3.6927742566918615,3.7217750744891522,3.663773438894571,3.7121081352233887,12530400,0.0,0.0
2024-07-30,3.7701098535342084,3.799110670194871,3.7701098535342084,3.7894437313079834,14010400,0.0,0.0
2024-07-31,3.7604429146473204,3.8087776090817584,3.7604429146473204,3.7894437313079834,10419900,0.0,0.0
2024-08-01,3.866779425575408,3.8861133042650438,3.799110850161682,3.8184447288513184,21217300,0.0,0.0
2024-08-02,3.760443042269511,3.7797769206994407,3.702441176501711,3.7217750549316406,19100000,0.0,0.0
2024-08-05,3.6154384801596025,3.644439295852033,3.5961046030313155,3.605771541595459,15049900,0.0,0.0
2024-08-06,3.5961046408447475,3.615438518176332,3.5767707635131627,3.586437702178955,12431300,0.0,0.0
2024-08-07,3.66377317298032,3.7024409272368937,3.5961046030313155,3.605771541595459,13804200,0.0,0.0
2024-08-08,3.634772718110795,3.692774355253463,3.634772718110795,3.663773536682129,10070500,0.0,0.0
2024-08-09,3.6637734972591134,3.6927743155183923,3.6444396184195944,3.683107376098633,7555000,0.0,0.0
2024-08-12,3.683107099707907,3.7121079157908827,3.673440161013582,3.7024409770965576,8356100,0.0,0.0
2024-08-13,3.702441245323825,3.8184447485377233,3.702441245323825,3.8087778091430664,13572000,0.0,0.0
2024-08-14,3.789444087619584,3.8474457263946533,3.789444087619584,3.8474457263946533,9676200,0.0,0.0
2024-08-15,3.8957804847028683,3.963448829822959,3.886113314853696,3.9344482421875,13702200,0.0,0.0
2024-08-16,3.9247811236391943,3.9344482936147265,3.8957805356246684,3.905447244644165,11484300,0.0,0.0
2024-08-19,3.9634488825630156,4.0311176895395775,3.9634488825630156,4.021450519561768,16540600,0.0,0.0
2024-08-20,4.011783599853516,4.0407841863518525,3.9924497218692867,4.011783599853516,11145900,0.0,0.0
2024-08-21,3.9924499315404094,4.021450519561768,3.973116052540825,4.021450519561768,8107300,0.0,0.0
2024-08-22,4.002116027764182,4.021449903803392,3.9731154441833496,3.9731154441833496,6112600,0.0,0.0
2024-08-23,4.011783561470768,4.060118025490894,4.011783561470768,4.0311174392700195,8747400,0.0,0.0
2024-08-26,4.031118125747619,4.050452006839326,4.021450954723723,4.04078483581543,5986900,0.0,0.0
2024-08-27,4.069784853363654,4.079451560974121,4.040783808620317,4.079451560974121,9442100,0.0,0.0
2024-08-28,4.060117987016542,4.079451864632583,4.031117401070483,4.050451278686523,7710800,0.0,0.0
2024-08-29,4.359793471905656,4.369460179549232,4.214789169604258,4.330792427062988,50253000,0.0,0.0
2024-08-30,4.2437897897395755,4.321125295372629,4.2437897897395755,4.311458587646484,28292000,0.0,0.0
2024-09-03,4.263124295231478,4.282458174492725,4.2147898275563795,4.234123706817627,30014900,0.0,0.0
2024-09-04,4.2147898275563795,4.272791465340123,4.205122657447735,4.234123706817627,18957700,0.0,0.0
2024-09-05,4.253457436959233,4.253457436959233,4.185788631439209,4.185788631439209,15344600,0.0,0.0
2024-09-06,4.166454196880872,4.185788072884376,4.079451524387121,4.098785400390625,20795100,0.0,0.0
2024-09-09,4.118120193481445,4.137454071626409,4.108453023930956,4.118120193481445,13028900,0.0,0.0
2024-09-10,4.079451864632583,4.098785742248624,4.031117401070483,4.050451278686523,23479300,0.0,0.0
2024-09-11,4.050451278686523,4.060117987016542,3.98278247655238,4.050451278686523,29109300,0.0,0.0
2024-09-12,4.0311171375076755,4.108452642915482,4.002116092501762,4.060117721557617,31428500,0.0,0.0
2024-09-13,4.060117721557617,4.09878547426152,4.050451013859627,4.060117721557617,11548900,0.0,0.0
2024-09-16,4.098786184011901,4.137454404367609,4.050451715240357,4.0697855949401855,27475400,0.0,0.0
2024-09-17,4.098785742248624,4.108452911534645,4.031117401070483,4.050451278686523,21045200,0.0,0.0
2024-09-18,4.050451278686523,4.127786789150686,4.040784109400502,4.050451278686523,31297300,0.0,0.0
2024-09-19,4.108453273773193,4.127787153093884,4.069785515131811,4.108453273773193,30074600,0.0,0.0
2024-09-20,4.089119107509969,4.147120741401939,4.079451938049969,4.137454032897949,25461200,0.0,0.0
2024-09-23,4.147120913257525,4.185788670787886,4.137454204352949,4.166454792022705,18013000,0.0,0.0
2024-09-24,4.185788738975638,4.263124255296179,4.185788738975638,4.253457546234131,22849300,0.0,0.0
2024-09-25,4.263124335533154,4.282458214977176,4.195455987957101,4.214789867401123,25786700,0.0,0.0
2024-09-26,4.253457626289166,4.29212538517721,4.205122697201089,4.214789867401123,26128800,0.0,0.0
2024-09-27,4.234123479862688,4.272791236312537,4.214789601637762,4.224456310272217,20772500,0.0,0.0
2024-09-30,4.2631240667220665,4.272791236312537,4.2051224320472915,4.224456310272217,13361900,0.0,0.0
2024-10-01,4.2534573973421095,4.263124106065775,4.195455762132046,4.205122470855713,19138000,0.0,0.0
2024-10-02,4.185788515544357,4.263124027736842,4.185788515544357,4.243790149688721,17047700,0.0,0.0
2024-10-03,4.224456349259067,4.2341235189387545,4.185788592452359,4.205122470855713,12411900,0.0,0.0
2024-10-04,4.224456349259067,4.243790227662421,4.195455762132046,4.205122470855713,10080900,0.0,0.0
2024-10-07,4.243790267189504,4.243790267189504,4.185788631439209,4.185788631439209,11872700,0.0,0.0
2024-10-08,4.21478978807386,4.253457546234131,4.205122618055773,4.253457546234131,14104900,0.0,0.0
2024-10-09,4.2631243457212165,4.3211259841918945,4.2631243457212165,4.3211259841918945,13201500,0.0,0.0
2024-10-10,4.311458914265533,4.311458914265533,4.243790111232303,4.263123989105225,7057800,0.0,0.0
2024-10-11,4.243790456089132,4.253457626289166,4.195455987957101,4.214789867401123,7260000,0.0,0.0
2024-10-14,4.224456497135908,4.253457546234131,4.21478978807386,4.253457546234131,13045900,0.0,0.0
2024-10-15,4.282457866978146,4.301791744851068,4.2341234027738475,4.263123989105225,24261600,0.0,0.0
2024-10-16,4.321125295372629,4.340459171780893,4.2437897897395755,4.311458587646484,39451700,0.0,0.0
2024-10-17,4.079452289257689,4.214789907613099,4.002116770743768,4.195456027984619,41757800,0.0,0.0
2024-10-18,4.3404593483709935,4.620801259130387,4.3404593483709935,4.591800212860107,51422800,0.0,0.0
2024-10-21,4.591800610789581,4.65946941731381,4.591800610789581,4.630468368530273,27704500,0.0,0.0
2024-10-22,4.60418670547528,4.643122707978574,4.555516470269281,4.584718704223633,27889800,0.033,0.0
2024-10-23,4.555516242980957,4.5944522435416175,4.536048242700627,4.555516242980957,19999400,0.0,0.0
2024-10-24,4.623654425197664,4.6723246574401855,4.613920193087666,4.6723246574401855,21665400,0.0,0.0
2024-10-25,4.672324906769245,4.691792907874377,4.633388904558982,4.643122673034668,22097500,0.0,0.0
2024-10-28,4.701526575346388,4.818334579467773,4.701526575346388,4.818334579467773,34528100,0.0,0.0
2024-10-29,4.798866958246055,4.808601191436102,4.72099494934082,4.72099494934082,21278400,0.0,0.0
2024-10-30,4.6917928283323915,4.7112608291074745,4.64312259431781,4.652856826782227,17105700,0.0,0.0
2024-10-31,4.60418670547528,4.623654706726927,4.555516470269281,4.584718704223633,19945200,0.0,0.0
2024-11-01,4.623654056558532,4.643122055072631,4.604186058044434,4.604186058044434,11303700,0.0,0.0
2024-11-04,4.613920336341155,4.6333888011656095,4.526314565399851,4.545782566070557,13223100,0.0,0.0
2024-11-05,4.545782701720339,4.60418670547528,4.545782701720339,4.584718704223633,11970800,0.0,0.0
2024-11-06,4.4776446147556195,4.497112616657235,4.458176612854004,4.458176612854004,15999100,0.0,0.0
2024-11-07,4.4679106750103035,4.52631467848154,4.4387084411978055,4.477644443511963,17398500,0.0,0.0
2024-11-08,4.419240395890317,4.438708396852901,4.390038626523319,4.428974628448486,18213400,0.0,0.0
2024-11-11,4.448442537716407,4.477644306481476,4.419240304797592,4.438708305358887,13805800,0.0,0.0
2024-11-12,4.399772337255247,4.40950656968582,4.331634102702487,4.380304336547852,17059900,0.0,0.0
2024-11-13,4.351101966365018,4.351101966365018,4.3024321982063345,4.341368198394775,17013400,0.0,0.0
2024-11-14,4.351102181742417,4.4095066490698045,4.341368413290357,4.370570182800293,13241400,0.0,0.0
2024-11-15,4.360836198488996,4.399772198677437,4.331633966270798,4.341368198394775,18293400,0.0,0.0
2024-11-18,4.312165966176577,4.351101966365018,4.312165966176577,4.341368198394775,4723100,0.0,0.0
2024-11-19,4.292698216585804,4.331634219046383,3.8059979537516866,4.039614200592041,72850200,0.0,0.0
2024-11-20,4.156422309260854,4.185624543894793,4.107752072922214,4.136954307556152,31017900,0.0,0.0
2024-11-21,4.0006778933497555,4.078549892338429,3.961741893855419,4.020145893096924,27974000,0.0,0.0
2024-11-22,4.059082415945822,4.088284187254818,4.039614413688562,4.068816184997559,11900800,0.0,0.0
2024-11-25,4.117486170467665,4.127219938923082,4.059082167273896,4.098018169403076,20586600,0.0,0.0
2024-11-26,4.107752189512078,4.117486422717601,4.029880180483039,4.068816184997559,14044900,0.0,0.0
2024-11-27,4.078549861907959,4.107751629233971,4.049347630428224,4.078549861907959,12907600,0.0,0.0
2024-11-29,4.078549771310481,4.107751537987829,4.078549771310481,4.088283538818359,4568300,0.0,0.0
2024-12-02,4.088283538818359,4.107751537987829,4.059081772141011,4.088283538818359,9477800,0.0,0.0
2024-12-03,4.088283767595838,4.1272197681136085,4.068815767336953,4.117486000061035,10022000,0.0,0.0
2024-12-04,4.098018032074395,4.12721980061582,4.04934779896703,4.05908203125,16418000,0.0,0.0
2024-12-05,4.136953801559401,4.224560030592201,4.127219569820772,4.195357799530029,20604800,0.0,0.0
2024-12-06,4.205091654606912,4.234293418899685,4.127219200134277,4.127219200134277,10751000,0.0,0.0
2024-12-09,4.28296422958374,4.351101998337327,4.263496229346467,4.28296422958374,19756000,0.0,0.0
2024-12-10,4.28296422958374,4.3219002300582865,4.244028229109194,4.28296422958374,14129400,0.0,0.0
2024-12-11,4.253761906846182,4.321900138306973,4.244028139011056,4.292697906494141,12428700,0.0,0.0
2024-12-12,4.2926977380918485,4.399771965000084,4.2926977380918485,4.3121657371521,18152200,0.0,0.0
2024-12-13,4.321900030377116,4.360836029052734,4.292697799293544,4.360836029052734,12383200,0.0,0.0
2024-12-16,4.351102352142334,4.38030458694966,4.331634350322042,4.351102352142334,11540300,0.0,0.0
2024-12-17,4.331633797969162,4.380304028390544,4.321900030377116,4.360836029052734,14172900,0.0,0.0
2024-12-18,4.390038543557928,4.428974544747262,4.263496307615721,4.273230075836182,12731600,0.0,0.0
2024-12-19,4.282963970638578,4.351101735272602,4.282963970638578,4.3121657371521,18121200,0.0,0.0
2024-12-20,4.244027972518077,4.341367967819331,4.234293740911096,4.3121657371521,12436000,0.0,0.0
2024-12-23,4.312166518894815,4.341368754856052,4.292698516305254,4.331634521484375,10854000,0.0,0.0
2024-12-24,4.302432411174603,4.370570182800293,4.302432411174603,4.370570182800293,2620000,0.0,0.0
2024-12-26,4.360836585129368,4.419240590590244,4.341368583309076,4.351102352142334,6885000,0.0,0.0
2024-12-27,4.341368029714925,4.370569796644781,4.331633797969162,4.360836029052734,9381300,0.0,0.0
2024-12-30,4.351101826839706,4.36083605865154,4.292697828429866,4.302432060241699,8188800,0.0,0.0
2024-12-31,4.3121657371521,4.32189996875908,4.273229739031598,4.3121657371521,5306300,0.0,0.0
2025-01-02,4.341368198394775,4.360836198488996,4.3024321982063345,4.341368198394775,12515800,0.0,0.0
2025-01-03,4.312165798631353,4.380304028390544,4.302432031039307,4.360836029052734,10803600,0.0,0.0
2025-01-06,4.380304303675003,4.4581763059201815,4.370570071317482,4.438708305358887,14600600,0.0,0.0
2025-01-07,4.5457824280769366,4.565250428156665,4.497112195800749,4.5068464279174805,15385500,0.0,0.0
2025-01-08,4.4873786418790695,4.545782644904038,4.4679106408707465,4.536048412322998,9214700,0.0,0.0
2025-01-10,4.419240167160776,4.438708167115742,4.380304167250845,4.3997721672058105,13624500,0.0,0.0
2025-01-13,4.3121663485017505,4.370570353962626,4.302432579668492,4.351102352142334,13484000,0.0,0.0
2025-01-14,4.3803037822594595,4.419239778747248,4.360835784015565,4.390038013458252,10196900,0.0,0.0
2025-01-15,4.506846598074268,4.526314598889013,4.477644364775273,4.4873785972595215,25953900,0.0,0.0
2025-01-16,4.351101656887107,4.351101656887107,4.292697660758508,4.321899890899658,30567400,0.0,0.0
2025-01-17,4.370569551060667,4.428974009946041,4.360835784015565,4.390038013458252,17200700,0.0,0.0
2025-01-21,4.4873785972595215,4.516580366404765,4.448442595630031,4.4873785972595215,18114600,0.0,0.0
2025-01-22,4.506846598074268,4.53604836721951,4.477644364775273,4.4873785972595215,13115500,0.0,0.0
2025-01-23,4.516580636540972,4.574984642478347,4.516580636540972,4.565250873565674,12342200,0.0,0.0
2025-01-24,4.419239778747248,4.4387077769911425,4.360835784015565,4.390038013458252,27089700,0.0,0.0
2025-01-27,4.428974570393216,4.43870833867004,4.331634102702487,4.380304336547852,20443700,0.0,0.0
2025-01-28,4.370569966459239,4.390038430707194,4.3024321982063345,4.341368198394775,16866700,0.0,0.0
2025-01-29,4.351101656887107,4.380303887028258,4.292697660758508,4.321899890899658,19272800,0.0,0.0
2025-01-30,4.701526302846246,4.72099430240478,4.545782306377976,4.574984073638916,55209000,0.0,0.0
2025-01-31,4.506846677324461,4.5847186819527765,4.477644443511963,4.477644443511963,28612000,0.0,0.0
2025-02-03,4.4289740351679505,4.574983790751803,4.419239803913724,4.497111797332764,20338300,0.0,0.0
2025-02-04,4.527491204009099,4.625488758087158,4.527491204009099,4.625488758087158,20212000,0.031,0.0
2025-02-05,4.615689426664037,4.703887462615967,4.615689426664037,4.703887462615967,22158000,0.0,0.0
2025-02-06,4.7430865183807285,4.752886040615227,4.66468847134786,4.694087505340576,13925800,0.0,0.0
2025-02-07,4.703887420973635,4.7332864545045386,4.684287909523296,4.713686943054199,14592600,0.0,0.0
2025-02-10,4.752885891912834,4.772485403057846,4.733286380767822,4.733286380767822,12247200,0.0,0.0
2025-02-11,4.7234870797742365,4.80188512802124,4.703887567712486,4.80188512802124,17587900,0.0,0.0
2025-02-12,4.782285222305446,4.909682273864746,4.782285222305446,4.909682273864746,25035000,0.0,0.0
2025-02-13,4.850883337910625,4.899882348309397,4.850883337910625,4.890082359313965,21506100,0.0,0.0
2025-02-14,4.929281848006499,4.9586808804144065,4.870482848612295,4.890082359313965,24233600,0.0,0.0
2025-02-18,4.919481859011067,4.919481859011067,4.870482848612295,4.890082359313965,16837200,0.0,0.0
2025-02-19,4.841083961885587,4.850883483886719,4.801884939302644,4.850883483886719,18498300,0.0,0.0
2025-02-20,4.870482848612295,4.9096823373048295,4.860683326906058,4.890082359313965,18406700,0.0,0.0
2025-02-21,4.899882537827713,4.929282038661933,4.831284014074009,4.841084003448486,20721900,0.0,0.0
2025-02-24,4.890082698654505,4.899882688329995,4.80188512802124,4.80188512802124,13566400,0.0,0.0
2025-02-25,4.841083816204388,4.9096823373048295,4.821484305502718,4.890082359313965,15397200,0.0,0.0
2025-02-26,4.850883674531004,4.880283176268244,4.792085138345751,4.80188512802124,18179800,0.0,0.0
2025-02-27,4.81168442534787,4.81168442534787,4.71368686962281,4.733286380767822,19011900,0.0,0.0
2025-02-28,4.723486974239815,4.743086485863665,4.635288938287886,4.703887462615967,40079900,0.0,0.0
2025-03-03,4.988080315658411,5.04687884700366,4.870482785678725,4.909682273864746,58126800,0.0,0.0
2025-03-04,4.929281775206608,4.9390812967681175,4.7724852246197615,4.782285213470459,46152600,0.0,0.0
2025-03-05,4.899882183408724,5.076277773787333,4.880282673366656,5.066478252410889,32209700,0.0,0.0
2025-03-06,5.076278283984596,5.125277297659058,5.02727973759936,5.056678771972656,31519600,0.0,0.0
2025-03-07,5.066478509281624,5.154676542587164,5.05667852011914,5.125277042388916,35615200,0.0,0.0
2025-03-10,5.115477383463184,5.174276387655531,4.97828079735592,5.037079334259033,25137300,0.0,0.0
2025-03-11,5.095877838326678,5.144876852408162,4.99788027745294,5.046879291534424,28341900,0.0,0.0
2025-03-12,5.066478613883887,5.1252771482051305,5.037079113078659,5.095877647399902,25903400,0.0,0.0
2025-03-13,5.066478613883887,5.144876659645544,5.046879102443472,5.095877647399902,22466600,0.0,0.0
2025-03-14,5.184075684895447,5.242874219243561,5.184075684895447,5.2232747077941895,21499300,0.0,0.0
2025-03-17,5.2428739996779266,5.291873009893938,5.23307447800824,5.282073020935059,15886800,0.0,0.0
2025-03-18,5.262473879111269,5.370271428767648,5.262473879111269,5.3114728927612305,24555800,0.0,0.0
2025-03-19,5.301672646774814,5.311472635946658,5.213475080674233,5.252674102783203,14042800,0.0,0.0
2025-03-20,5.184075684895447,5.252674208612853,5.184075684895447,5.2232747077941895,11463600,0.0,0.0
2025-03-21,5.213475259588724,5.242874293534756,5.174276236134533,5.203675270080566,12022400,0.0,0.0
2025-03-24,5.21347518571411,5.262473730692932,5.203675196344818,5.2232747077941895,13389800,0.0,0.0
2025-03-25,5.262473730692932,5.282073242142303,5.21347518571411,5.2232747077941895,9780200,0.0,0.0
2025-03-26,5.233074479920847,5.252673990556576,5.15467643737793,5.15467643737793,11515600,0.0,0.0
2025-03-27,5.144876659645544,5.164476171085959,5.066478613883887,5.095877647399902,22325800,0.0,0.0
2025-03-28,5.193875639247436,5.213475150564666,5.095877615372073,5.105677604675293,22355400,0.0,0.0
2025-03-31,5.076278355708803,5.184075906942187,5.076278355708803,5.16447639465332,26802400,0.0,0.0
2025-04-01,5.291873199057089,5.301672721077069,5.193875642411241,5.23307466506958,18968900,0.0,0.0
2025-04-02,5.174276560642576,5.2722741254240315,5.174276560642576,5.242874622344971,14208800,0.0,0.0
2025-04-03,5.017479945189771,5.095877996319416,4.880283355712891,4.880283355712891,26862700,0.0,0.0
2025-04-04,4.801885096500924,4.831284130755956,4.654888523358087,4.684288024902344,26029400,0.0,0.0
2025-04-07,4.5470908597790825,4.860683510114928,4.498092314822653,4.586289882659912,31359600,0.0,0.0
2025-04-08,4.654888524191077,4.811684619683908,4.498092428698245,4.556890964508057,32364200,0.0,0.0
2025-04-09,4.488292802688789,4.86068402694147,4.449093775640008,4.831284523010254,29412600,0.0,0.0
2025-04-10,4.792085440057222,4.8018854303497225,4.625489343398774,4.723487377166748,21599600,0.0,0.0
2025-04-11,4.723486863025454,4.890082474261075,4.723486863025454,4.860683441162109,19300700,0.0,0.0
2025-04-14,4.860683842930479,4.939081894060125,4.850883852894651,4.880283355712891,15996800,0.0,0.0
2025-04-15,4.94888176254898,5.056678846560071,4.94888176254898,5.037079334259033,24542400,0.0,0.0
2025-04-16,5.0076800448826315,5.066478578796674,4.958681032976325,4.978280544281006,13898900,0.0,0.0
2025-04-17,5.037079451598975,5.076278477114201,5.007680416107178,5.007680416107178,16342200,0.0,0.0
2025-04-21,4.978280585932498,5.037079120338487,4.91948205152651,4.968481063842773,14968500,0.0,0.0
2025-04-22,5.135076387083347,5.193875385451062,5.115476876723838,5.174275875091553,21369300,0.0,0.0
2025-04-23,5.184075758353471,5.242874293534756,5.164476246626376,5.203675270080566,26687300,0.0,0.0
2025-04-24,4.85088334031344,4.860683329313726,4.625488733487994,4.762685775756836,71796700,0.0,0.0
2025-04-25,4.850883337910625,4.890082359313965,4.841083816204388,4.890082359313965,20965700,0.0,0.0
2025-04-28,4.821484598049525,4.860683621831292,4.801885086158642,4.811684608459473,16937000,0.0,0.0
2025-04-29,4.821484377756483,4.899882421738019,4.821484377756483,4.870482921600342,16213900,0.0,0.0
2025-04-30,4.8312838272089556,4.890082359313965,4.801884794801048,4.890082359313965,13928300,0.0,0.0
2025-05-01,4.890082359313965,4.948881358708169,4.890082359313965,4.890082359313965,12679400,0.0,0.0
2025-05-02,4.919482083376274,4.968481096009768,4.8998825717807195,4.958681106567383,16021800,0.0,0.0
2025-05-05,4.944835368409511,5.0041733362412755,4.944835368409511,4.95472526550293,19450700,0.046,0.0
2025-05-06,4.954725623622149,5.004173697934518,4.954725623622149,4.9745049476623535,17045900,0.0,0.0
2025-05-07,4.934945884918517,5.014063653568052,4.934945884918517,5.004173755645752,17820900,0.0,0.0
2025-05-08,4.984394373894314,5.004173697934518,4.934945828005661,4.9745049476623535,19405200,0.0,0.0
2025-05-09,5.0239526665206355,5.053621886269931,4.99428391834759,5.03384256362915,16115500,0.0,0.0
2025-05-12,5.103070023938953,5.1426286697387695,5.0734012753772175,5.1426286697387695,20136100,0.0,0.0
2025-05-13,5.112960038527699,5.162408111124256,5.112960038527699,5.122849464416504,12144000,0.0,0.0
2025-05-14,5.132739176833051,5.152518499473831,5.03384256362915,5.03384256362915,18986700,0.0,0.0
2025-05-15,5.063511673932921,5.142628970154329,5.053622247693387,5.132739543914795,15721300,0.0,0.0
2025-05-16,5.112960219859443,5.142628970154329,5.083290997988273,5.132739543914795,11119400,0.0,0.0
2025-05-19,5.122849585753387,5.192077454919777,5.122849585753387,5.182187557220459,11782800,0.0,0.0
2025-05-20,5.201967180553388,5.261305150057736,5.192077283181199,5.251415252685547,13727400,0.0,0.0
2025-05-21,5.261305214097238,5.320643184323835,5.21185666978694,5.2810845375061035,29625900,0.0,0.0
2025-05-22,5.281084419860124,5.340422388764858,5.271194522587873,5.300863742828369,13117000,0.0,0.0
2025-05-23,5.2217465672795065,5.300863860914969,5.21185666978694,5.2810845375061035,12311700,0.0,0.0
2025-05-27,5.3898704016392704,5.3898704016392704,5.3206430077932305,5.350311756134033,17753800,0.0,0.0
2025-05-28,5.360201771382427,5.370091197188472,5.3008638018173695,5.330532550811768,10924800,0.0,0.0
2025-05-29,5.320643362059768,5.350312112376017,5.261305389850988,5.290974140167236,13198400,0.0,0.0
2025-05-30,5.162408351898193,5.182187676174574,5.122849703345433,5.162408351898193,18861200,0.0,0.0
2025-06-02,5.172297960013083,5.261305150057736,5.1624080626408935,5.251415252685547,13350300,0.0,0.0
2025-06-03,5.21185666978694,5.300863860914969,5.201967243870641,5.2810845375061035,16226500,0.0,0.0
2025-06-04,5.3206430077932305,5.3898704016392704,5.3206430077932305,5.350311756134033,12053900,0.0,0.0
2025-06-05,5.37998109457078,5.409649843565178,5.310753227623414,5.330532550811768,14500600,0.0,0.0
2025-06-06,5.360201653298469,5.379980976051088,5.34042233054585,5.350311756134033,9334600,0.0,0.0
2025-06-09,5.340422687966999,5.379981336119799,5.310753466064258,5.370091438293457,8572000,0.0,0.0
2025-06-10,5.350312112376017,5.360202010198956,5.281084713920581,5.290974140167236,7443600,0.0,0.0
2025-06-11,5.290973839219973,5.290973839219973,5.211856547441741,5.221746444702148,11214200,0.0,0.0
2025-06-12,5.231636110616498,5.290974082174898,5.221746684478238,5.261305332183838,14290800,0.0,0.0
2025-06-13,5.162408294209681,5.182187618265033,5.112960219859443,5.132739543914795,15360700,0.0,0.0
2025-06-16,5.201967478261404,5.3206434240619105,5.201967478261404,5.241526126861572,15756000,0.0,0.0
2025-06-17,5.201967169412899,5.211856595187646,5.083290759082097,5.0931806564331055,20993000,0.0,0.0
2025-06-18,5.093180539085333,5.132739184425409,5.063511319292152,5.112959861755371,12936100,0.0,0.0
2025-06-20,5.122849524285277,5.142628847870306,5.04373222994516,5.07340145111084,12966600,0.0,0.0
2025-06-23,4.984394028612001,5.132739184425409,4.984394028612001,5.112959861755371,19214500,0.0,0.0
2025-06-24,5.162407992638678,5.221746432914659,5.122849346838861,5.1426286697387695,17141500,0.0,0.0
2025-06-25,5.142628609972302,5.152518507095446,5.093180539085333,5.112959861755371,15345600,0.0,0.0
2025-06-26,4.994284213919885,5.122849582905601,4.984394316226065,5.103070259094238,24893700,0.0,0.0
2025-06-27,5.103069964632227,5.122849287302265,5.063511319292152,5.112959861755371,17806900,0.0,0.0
2025-06-30,5.0931807151738235,5.14262878777038,5.073401391819948,5.122849464416504,20788700,0.0,0.0
2025-07-01,5.103070087755784,5.182187380344826,5.103070087755784,5.172297954559326,17800300,0.0,0.0
2025-07-02,5.152518566976852,5.162407992638678,5.122849346838861,5.1426286697387695,8361800,0.0,0.0
2025-07-03,5.053622247693387,5.132739543914795,5.053622247693387,5.132739543914795,9475100,0.0,0.0
2025-07-07,5.103070200700247,5.152518745450957,5.053622127525811,5.07340145111084,24297400,0.0,0.0
2025-07-08,5.103070082207854,5.152518625810376,5.06351143595634,5.0931806564331055,17965500,0.0,0.0
2025-07-09,5.122849459631893,5.132739357087727,4.984394196284076,5.043732166290283,17410400,0.0,0.0
2025-07-10,5.033842977836364,5.063511728450687,4.994284329299741,5.004173755645752,13008500,0.0,0.0
2025-07-11,4.934945883863429,4.944835781783614,4.895387235335263,4.925056457519531,25149000,0.0,0.0
2025-07-14,4.91516619401388,4.944835413991379,4.816269580049303,4.826159477233887,20078600,0.0,0.0
2025-07-15,4.845938847142143,4.845938847142143,4.677814365979621,4.697593688964844,33502200,0.0,0.0
2025-07-16,4.707483586245584,4.727262909230807,4.638255720009176,4.697593688964844,22322800,0.0,0.0
2025-07-17,4.7272629737854,4.756931722880257,4.697593753114281,4.7272629737854,19096300,0.0,0.0
2025-07-18,4.74704223221603,4.756931657920512,4.677814365979621,4.697593688964844,21013600,0.0,0.0
2025-07-21,4.697593688964844,4.74704223221603,4.687703791684103,4.697593688964844,14541100,0.0,0.0
2025-07-22,4.697593725763896,4.766821592542608,4.252558719322032,4.410793304443359,85926600,0.0,0.0
2025-07-23,4.331676131444545,4.489910720933424,4.331676131444545,4.4701313972473145,41256000,0.0,0.0
2025-07-24,4.361344994585851,4.430572865075383,4.2723382714722105,4.292117595672607,28654500,0.0,0.0
2025-07-25,4.262448192812764,4.302006839535869,4.232779443558569,4.282227516174316,23396100,0.0,0.0
2025-07-28,4.252558945934742,4.272338270128919,4.213000297546387,4.213000297546387,15941500,0.0,0.0
2025-07-29,4.190000057220459,4.199999809265137,4.139999866485596,4.179999828338623,33716400,0.047,0.0
2025-07-30,4.150000095367432,4.170000076293945,4.090000152587891,4.110000133514404,16816100,0.0,0.0
2025-07-31,4.070000171661377,4.119999885559082,4.059999942779541,4.079999923706055,17135300,0.0,0.0
2025-08-01,4.050000190734863,4.050000190734863,4.0,4.050000190734863,23529100,0.0,0.0
2025-08-04,4.079999923706055,4.119999885559082,4.070000171661377,4.090000152587891,19000800,0.0,0.0
2025-08-05,4.079999923706055,4.110000133514404,4.059999942779541,4.090000152587891,15783200,0.0,0.0
2025-08-06,4.079999923706055,4.119999885559082,4.070000171661377,4.119999885559082,15149200,0.0,0.0
2025-08-07,4.159999847412109,4.170000076293945,4.079999923706055,4.110000133514404,17414200,0.0,0.0
2025-08-08,4.110000133514404,4.139999866485596,4.079999923706055,4.099999904632568,15554000,0.0,0.0
2025-08-11,4.099999904632568,4.119999885559082,4.079999923706055,4.099999904632568,11063200,0.0,0.0
2025-08-12,4.110000133514404,4.170000076293945,4.110000133514404,4.139999866485596,12397600,0.0,0.0
2025-08-13,4.159999847412109,4.230000019073486,4.150000095367432,4.190000057220459,17927200,0.0,0.0
2025-08-14,4.170000076293945,4.179999828338623,4.119999885559082,4.130000114440918,13570600,0.0,0.0
2025-08-15,4.199999809265137,4.25,4.199999809265137,4.199999809265137,12638800,0.0,0.0
2025-08-18,4.159999847412109,4.269999980926514,4.159999847412109,4.25,27320100,0.0,0.0
2025-08-19,4.260000228881836,4.289999961853027,4.210000038146973,4.210000038146973,21057400,0.0,0.0
2025-08-20,4.21999979019165,4.260000228881836,4.21999979019165,4.239999771118164,12740500,0.0,0.0
2025-08-21,4.21999979019165,4.25,4.199999809265137,4.239999771118164,14912300,0.0,0.0
2025-08-22,4.260000228881836,4.360000133514404,4.25,4.309999942779541,14609900,0.0,0.0
2025-08-25,4.340000152587891,4.360000133514404,4.320000171661377,4.340000152587891,9732300,0.0,0.0
2025-08-26,4.300000190734863,4.329999923706055,4.28000020980835,4.289999961853027,19077100,0.0,0.0
2025-08-27,4.300000190734863,4.340000152587891,4.28000020980835,4.320000171661377,22272500,0.0,0.0
2025-08-28,4.300000190734863,4.320000171661377,4.28000020980835,4.289999961853027,15541200,0.0,0.0
2025-08-29,4.269999980926514,4.309999942779541,4.260000228881836,4.300000190734863,14765300,0.0,0.0
2025-09-02,4.28000020980835,4.300000190734863,4.230000019073486,4.230000019073486,16231500,0.0,0.0
2025-09-03,4.389999866485596,4.449999809265137,4.349999904632568,4.380000114440918,27241800,0.0,0.0
2025-09-04,4.489999771118164,4.610000133514404,4.480000019073486,4.599999904632568,47252100,0.0,0.0
2025-09-05,4.539999961853027,4.590000152587891,4.519999980926514,4.550000190734863,37414200,0.0,0.0
2025-09-08,4.550000190734863,4.619999885559082,4.550000190734863,4.590000152587891,30494200,0.0,0.0
2025-09-09,4.579999923706055,4.610000133514404,4.570000171661377,4.590000152587891,22202200,0.0,0.0
2025-09-10,4.590000152587891,4.610000133514404,4.53000020980835,4.570000171661377,27348400,0.0,0.0
2025-09-11,4.570000171661377,4.619999885559082,4.559999942779541,4.619999885559082,29463900,0.0,0.0
2025-09-12,4.539999961853027,4.550000190734863,4.480000019073486,4.510000228881836,20458800,0.0,0.0
2025-09-15,4.510000228881836,4.559999942779541,4.510000228881836,4.550000190734863,26415900,0.0,0.0
2025-09-16,4.559999942779541,4.619999885559082,4.53000020980835,4.610000133514404,30626900,0.0,0.0
2025-09-17,4.650000095367432,4.760000228881836,4.619999885559082,4.699999809265137,35742600,0.0,0.0
2025-09-18,4.690000057220459,4.78000020980835,4.690000057220459,4.760000228881836,31035000,0.0,0.0
2025-09-19,4.769999980926514,4.789999961853027,4.71999979019165,4.739999771118164,36366300,0.0,0.0
2025-09-22,4.739999771118164,4.829999923706055,4.71999979019165,4.769999980926514,36366500,0.0,0.0
2025-09-23,4.800000190734863,4.880000114440918,4.789999961853027,4.849999904632568,40469500,0.0,0.0
2025-09-24,4.769999980926514,4.769999980926514,4.690000057220459,4.739999771118164,25382100,0.0,0.0
2025-09-25,4.679999828338623,4.730000019073486,4.650000095367432,4.679999828338623,39757500,0.0,0.0
2025-09-26,4.659999847412109,4.670000076293945,4.630000114440918,4.659999847412109,30640200,0.0,0.0
2025-09-29,4.679999828338623,4.730000019073486,4.659999847412109,4.699999809265137,35748600,0.0,0.0
2025-09-30,4.710000038146973,4.820000171661377,4.710000038146973,4.809999942779541,58556200,0.0,0.0
2025-10-01,4.800000190734863,4.849999904632568,4.78000020980835,4.820000171661377,34564600,0.0,0.0
2025-10-02,4.869999885559082,4.900000095367432,4.840000152587891,4.880000114440918,25862400,0.0,0.0
2025-10-03,4.869999885559082,4.920000076293945,4.860000133514404,4.900000095367432,35659100,0.0,0.0
2025-10-06,4.929999828338623,5.050000190734863,4.920000076293945,4.949999809265137,31326200,0.0,0.0
2025-10-07,4.989999771118164,5.090000152587891,4.96999979019165,5.070000171661377,39651200,0.0,0.0
2025-10-08,5.099999904632568,5.210000038146973,5.090000152587891,5.170000076293945,50789500,0.0,0.0
2025-10-09,5.21999979019165,5.25,5.110000133514404,5.179999828338623,33379000,0.0,0.0
2025-10-10,5.300000190734863,5.349999904632568,5.260000228881836,5.320000171661377,51707400,0.0,0.0
2025-10-13,5.269999980926514,5.309999942779541,5.190000057220459,5.25,42372500,0.0,0.0
2025-10-14,5.349999904632568,5.5,5.320000171661377,5.46999979019165,50865600,0.0,0.0
2025-10-15,5.5,5.659999847412109,5.489999771118164,5.650000095367432,65461400,0.0,0.0
2025-10-16,5.71999979019165,5.789999961853027,5.639999866485596,5.679999828338623,38505000,0.0,0.0
2025-10-17,5.679999828338623,5.78000020980835,5.679999828338623,5.739999771118164,31787900,0.0,0.0
2025-10-20,5.699999809265137,5.739999771118164,5.670000076293945,5.710000038146973,36090400,0.0,0.0
2025-10-21,5.650000095367432,5.659999847412109,5.579999923706055,5.579999923706055,37625800,0.0,0.0
2025-10-22,5.559999942779541,5.630000114440918,5.449999809265137,5.550000190734863,66700500,0.0,0.0
2025-10-23,5.889999866485596,6.230000019073486,5.840000152587891,6.170000076293945,114770300,0.0,0.0
2025-10-24,6.150000095367432,6.340000152587891,6.139999866485596,6.300000190734863,71565400,0.0,0.0
2025-10-27,6.340000152587891,6.440000057220459,6.329999923706055,6.360000133514404,41247600,0.0,0.0
2025-10-28,6.420000076293945,8.1899995803833,6.400000095367432,7.769999980926514,377988500,0.0,0.0
2025-10-29,7.639999866485596,7.639999866485596,7.289999961853027,7.329999923706055,184917800,0.0,0.0
2025-10-30,7.179999828338623,7.320000171661377,7.059999942779541,7.130000114440918,89562200,0.0,0.0
2025-10-31,6.980000019073486,6.980000019073486,6.78000020980835,6.909999847412109,94524000,0.0,0.0
2025-11-03,7.150000095367432,7.210000038146973,7.059999942779541,7.150000095367432,60252300,0.0,0.0
2025-11-04,6.909999847412109,7.0,6.789999961853027,6.809999942779541,45837100,0.0,0.0
2025-11-05,6.840000152587891,6.889999866485596,6.829999923706055,6.849999904632568,32183100,0.0,0.0
2025-11-06,6.960000038146973,6.989999771118164,6.820000171661377,6.909999847412109,34913200,0.0,0.0
2025-11-07,6.889999866485596,6.920000076293945,6.78000020980835,6.840000152587891,41161200,0.0,0.0
2025-11-10,6.880000114440918,7.179999828338623,6.769999980926514,6.96999979019165,48750500,0.0,0.0
2025-11-11,6.900000095367432,6.960000038146973,6.840000152587891,6.900000095367432,34859900,0.0,0.0
2025-11-12,6.880000114440918,7.050000190734863,6.809999942779541,7.019999980926514,50336400,0.0,0.0
2025-11-13,7.050000190734863,7.230000019073486,6.760000228881836,6.78000020980835,55927900,0.0,0.0
2025-11-14,6.670000076293945,6.820000171661377,6.570000171661377,6.730000019073486,30804500,0.0,0.0
2025-11-17,6.71999979019165,6.769999980926514,6.659999847412109,6.659999847412109,33430100,0.0,0.0
2025-11-18,6.519999980926514,6.679999828338623,6.510000228881836,6.639999866485596,47362300,0.0,0.0
2025-11-19,6.239999771118164,6.239999771118164,5.980000019073486,6.03000020980835,82288500,0.0,0.0
2025-11-20,6.179999828338623,6.210000038146973,5.860000133514404,5.869999885559082,55834400,0.0,0.0
2025-11-21,5.960000038146973,6.039999961853027,5.889999866485596,5.940000057220459,45461900,0.0,0.0
2025-11-24,5.920000076293945,6.090000152587891,5.909999847412109,6.090000152587891,31183100,0.0,0.0
2025-11-25,6.079999923706055,6.130000114440918,6.03000020980835,6.059999942779541,29549100,0.0,0.0
2025-11-26,6.039999961853027,6.130000114440918,6.039999961853027,6.079999923706055,23820300,0.0,0.0
2025-11-28,6.070000171661377,6.110000133514404,6.03000020980835,6.079999923706055,12104500,0.0,0.0
2025-12-01,6.159999847412109,6.179999828338623,6.110000133514404,6.119999885559082,16859000,0.0,0.0
2025-12-02,6.150000095367432,6.230000019073486,6.150000095367432,6.190000057220459,19946600,0.0,0.0
2025-12-03,6.179999828338623,6.28000020980835,6.150000095367432,6.260000228881836,23289200,0.0,0.0
2025-12-04,6.230000019073486,6.239999771118164,6.150000095367432,6.159999847412109,13079400,0.0,0.0
2025-12-05,6.130000114440918,6.170000076293945,6.050000190734863,6.070000171661377,17830400,0.0,0.0
2025-12-08,6.099999904632568,6.179999828338623,6.099999904632568,6.150000095367432,22783000,0.0,0.0
2025-12-09,6.170000076293945,6.260000228881836,6.170000076293945,6.179999828338623,17312100,0.0,0.0
2025-12-10,6.179999828338623,6.260000228881836,6.130000114440918,6.21999979019165,13769900,0.0,0.0
2025-12-11,6.429999828338623,6.53000020980835,6.349999904632568,6.360000133514404,25513500,0.0,0.0
2025-12-12,6.309999942779541,6.340000152587891,6.179999828338623,6.269999980926514,24819000,0.0,0.0
2025-12-15,6.260000228881836,6.289999961853027,6.179999828338623,6.199999809265137,18299400,0.0,0.0
2025-12-16,6.199999809265137,6.289999961853027,6.170000076293945,6.289999961853027,24121500,0.0,0.0
2025-12-17,6.239999771118164,6.269999980926514,6.199999809265137,6.21999979019165,17103000,0.0,0.0
2025-12-18,6.400000095367432,6.440000057220459,6.329999923706055,6.380000114440918,19965600,0.0,0.0
2025-12-19,6.389999866485596,6.539999961853027,6.369999885559082,6.5,27945700,0.0,0.0
2025-12-22,6.5,6.570000171661377,6.460000038146973,6.539999961853027,25844500,0.0,0.0
2025-12-23,6.519999980926514,6.559999942779541,6.5,6.53000020980835,13205100,0.0,0.0
2025-12-24,6.539999961853027,6.610000133514404,6.510000228881836,6.590000152587891,7573700,0.0,0.0
2025-12-26,6.610000133514404,6.71999979019165,6.599999904632568,6.619999885559082,11728800,0.0,0.0
2025-12-29,6.539999961853027,6.599999904632568,6.53000020980835,6.579999923706055,11980800,0.0,0.0
2025-12-30,6.590000152587891,6.619999885559082,6.5,6.510000228881836,16917900,0.0,0.0
2025-12-31,6.5,6.510000228881836,6.460000038146973,6.46999979019165,10509500,0.0,0.0
2026-01-02,6.590000152587891,6.659999847412109,6.46999979019165,6.510000228881836,26556700,0.0,0.0
2026-01-05,6.570000171661377,6.579999923706055,6.46999979019165,6.5,32654000,0.0,0.0
2026-01-06,6.489999771118164,6.510000228881836,6.369999885559082,6.46999979019165,23058700,0.0,0.0
2026-01-07,6.769999980926514,6.940000057220459,6.679999828338623,6.789999961853027,52745400,0.0,0.0
2026-01-08,6.599999904632568,6.610000133514404,6.429999828338623,6.489999771118164,40584600,0.0,0.0
2026-01-09,6.510000228881836,6.550000190734863,6.460000038146973,6.480000019073486,30426300,0.0,0.0
2026-01-12,6.449999809265137,6.590000152587891,6.440000057220459,6.579999923706055,24617700,0.0,0.0
2026-01-13,6.559999942779541,6.570000171661377,6.46999979019165,6.519999980926514,24621900,0.0,0.0
2026-01-14,6.550000190734863,6.610000133514404,6.340000152587891,6.360000133514404,34580700,0.0,0.0
2026-01-15,6.659999847412109,6.769999980926514,6.599999904632568,6.610000133514404,50093600,0.0,0.0
2026-01-16,6.650000095367432,6.670000076293945,6.53000020980835,6.550000190734863,27843000,0.0,0.0
2026-01-20,6.409999847412109,6.559999942779541,6.369999885559082,6.409999847412109,38151900,0.0,0.0
2026-01-21,6.380000114440918,6.46999979019165,6.320000171661377,6.440000057220459,25016200,0.0,0.0
2026-01-22,6.550000190734863,6.619999885559082,6.489999771118164,6.5,30657300,0.0,0.0
2026-01-23,6.71999979019165,6.820000171661377,6.650000095367432,6.769999980926514,33434000,0.0,0.0
2026-01-26,6.800000190734863,6.940000057220459,6.800000190734863,6.909999847412109,34604700,0.0,0.0
2026-01-27,6.989999771118164,7.090000152587891,6.920000076293945,6.940000057220459,44784600,0.0,0.0
2026-01-28,6.670000076293945,6.849999904632568,6.599999904632568,6.820000171661377,64275500,0.0,0.0
2026-01-29,6.340000152587891,6.449999809265137,6.059999942779541,6.289999961853027,82216400,0.0,0.0
2026-01-30,6.369999885559082,6.53000020980835,6.349999904632568,6.429999828338623,40681700,0.0,0.0
2026-02-02,6.489999771118164,6.690000057220459,6.480000019073486,6.659999847412109,28776200,0.0,0.0
2026-02-03,6.610000133514404,6.71999979019165,6.590000152587891,6.690000057220459,34317800,0.0,0.0
2026-02-04,6.829999923706055,7.010000228881836,6.71999979019165,6.800000190734863,46800100,0.0,0.0
2026-02-05,6.75,6.920000076293945,6.739999771118164,6.860000133514404,24095600,0.0,0.0
2026-02-06,6.960000038146973,7.110000133514404,6.960000038146973,7.070000171661377,29303700,0.0,0.0
2026-02-09,7.019999980926514,7.190000057220459,6.980000019073486,7.179999828338623,27973100,0.0,0.0
2026-02-10,7.159999847412109,7.179999828338623,7.079999923706055,7.079999923706055,24522400,0.0,0.0
2026-02-11,7.269999980926514,7.349999904632568,7.139999866485596,7.340000152587891,32206000,0.0,0.0
2026-02-12,7.170000076293945,7.210000038146973,6.929999828338623,6.96999979019165,35874700,0.0,0.0
2026-02-13,6.949999809265137,7.090000152587891,6.880000114440918,7.03000020980835,22525000,0.0,0.0
2026-02-17,7.03000020980835,7.340000152587891,7.019999980926514,7.300000190734863,65856700,0.0,0.0
2026-02-18,7.360000133514404,7.5,7.309999942779541,7.429999828338623,61876300,0.0,0.0
2026-02-19,7.460000038146973,7.610000133514404,7.429999828338623,7.599999904632568,50212100,0.0,0.0
2026-02-20,7.650000095367432,7.800000190734863,7.550000190734863,7.769999980926514,70938400,0.0,0.0
2026-02-23,7.599999904632568,7.71999979019165,7.539999961853027,7.570000171661377,32001000,0.0,0.0
2026-02-24,7.449999809265137,7.559999942779541,7.400000095367432,7.489999771118164,30379000,0.0,0.0
2026-02-25,7.550000190734863,7.630000114440918,7.539999961853027,7.570000171661377,20380800,0.0,0.0
2026-02-26,7.440000057220459,7.5,7.28000020980835,7.5,44024000,0.0,0.0
2026-02-27,7.5,7.769999980926514,7.460000038146973,7.71999979019165,39828500,0.0,0.0
2026-03-02,7.590000152587891,8.369999885559082,7.570000171661377,8.260000228881836,125013200,0.0,0.0
2026-03-03,7.909999847412109,8.1899995803833,7.659999847412109,8.069999694824219,85546500,0.0,0.0
2026-03-04,8.210000038146973,8.34000015258789,8.050000190734863,8.149999618530273,69147600,0.0,0.0
2026-03-05,7.940000057220459,7.980000019073486,7.670000076293945,7.849999904632568,45999800,0.0,0.0
2026-03-06,7.710000038146973,7.860000133514404,7.679999828338623,7.739999771118164,43507300,0.0,0.0
2026-03-09,7.639999866485596,7.909999847412109,7.559999942779541,7.889999866485596,46247300,0.0,0.0
2026-03-10,7.980000019073486,8.1899995803833,7.769999980926514,7.800000190734863,60837800,0.0,0.0
2026-03-11,7.75,8.010000228881836,7.730000019073486,7.900000095367432,34696500,0.0,0.0
2026-03-12,8.130000114440918,8.3100004196167,8.020000457763672,8.140000343322754,88769700,0.0,0.0
2026-03-13,8.399999618530273,8.65999984741211,8.180000305175781,8.239999771118164,82307400,0.0,0.0
2026-03-16,8.380000114440918,8.819999694824219,8.300000190734863,8.649999618530273,71010000,0.0,0.0
2026-03-17,8.460000038146973,8.699999809265137,8.369999885559082,8.550000190734863,49725000,0.0,0.0
2026-03-18,8.550000190734863,8.640000343322754,8.34000015258789,8.359999656677246,52448200,0.0,0.0
2026-03-19,8.039999961853027,8.390000343322754,8.0,8.300000190734863,64257400,0.0,0.0
2026-03-20,8.369999885559082,8.420000076293945,7.909999847412109,7.980000019073486,55117000,0.0,0.0
2026-03-23,8.029999732971191,8.1899995803833,7.949999809265137,8.0600004196167,45090900,0.0,0.0
2026-03-24,8.0600004196167,8.279999732971191,8.039999961853027,8.25,52853800,0.0,0.0
2026-03-25,8.420000076293945,8.539999961853027,8.329999923706055,8.40999984741211,55987700,0.0,0.0
2026-03-26,8.4399995803833,8.529999732971191,8.25,8.279999732971191,54616000,0.0,0.0
2026-03-27,8.0600004196167,8.140000343322754,7.860000133514404,7.980000019073486,50816800,0.0,0.0
2026-03-30,8.170000076293945,8.239999771118164,7.869999885559082,7.960000038146973,45739300,0.0,0.0
2026-03-31,7.940000057220459,8.050000190734863,7.789999961853027,8.039999961853027,52758100,0.0,0.0
2026-04-01,8.130000114440918,8.430000305175781,8.079999923706055,8.270000457763672,59809900,0.0,0.0
2026-04-02,8.079999923706055,8.84000015258789,8.069999694824219,8.819999694824219,92257600,0.0,0.0
2026-04-06,9.149999618530273,9.289999961853027,8.84000015258789,8.890000343322754,83637500,0.0,0.0
2026-04-07,8.579999923706055,8.920000076293945,8.520000457763672,8.850000381469727,78345300,0.0,0.0
2026-04-08,9.180000305175781,9.520000457763672,9.100000381469727,9.4399995803833,107640100,0.0,0.0
2026-04-09,9.40999984741211,9.680000305175781,9.390000343322754,9.550000190734863,92391800,0.0,0.0
2026-04-10,9.729999542236328,9.869999885559082,9.359999656677246,9.460000038146973,81032700,0.0,0.0
2026-04-13,9.779999732971191,10.479999542236328,9.6899995803833,10.369999885559082,153190900,0.0,0.0
2026-04-14,10.34000015258789,10.5600004196167,10.140000343322754,10.350000381469727,99606300,0.0,0.0
2026-04-15,10.369999885559082,10.369999885559082,9.9399995803833,9.989999771118164,74676500,0.0,0.0
2026-04-16,10.079999923706055,10.289999961853027,9.9399995803833,10.289999961853027,50131100,0.0,0.0
2026-04-17,10.479999542236328,10.489999771118164,10.1899995803833,10.3100004196167,48836300,0.0,0.0
2026-04-20,10.4399995803833,10.6899995803833,10.4399995803833,10.600000381469727,88700500,0.0,0.0
2026-04-21,10.600000381469727,10.670000076293945,10.359999656677246,10.399999618530273,61591000,0.0,0.0
2026-04-22,10.289999961853027,10.329999923706055,9.789999961853027,9.859999656677246,110701800,0.0,0.0
2026-04-23,10.779999732971191,10.859999656677246,10.100000381469727,10.329999923706055,176863900,0.0,0.0
2026-04-24,10.649999618530273,10.899999618530273,10.3100004196167,10.460000038146973,126574500,0.0,0.0
2026-04-27,10.729999542236328,11.300000190734863,10.6899995803833,10.760000228881836,141159900,0.0,0.0
2026-04-28,10.619999885559082,11.3100004196167,10.460000038146973,11.300000190734863,135363200,0.0,0.0
2026-04-29,11.630000114440918,12.600000381469727,11.579999923706055,12.460000038146973,159946000,0.0,0.0
2026-04-30,12.300000190734863,12.920000076293945,12.109999656677246,12.90999984741211,136493600,0.0,0.0
2026-05-01,13.050000190734863,13.890000343322754,12.869999885559082,13.300000190734863,148599600,0.0,0.0
2026-05-04,13.380000114440918,13.529999732971191,13.020000457763672,13.140000343322754,122095600,0.0,0.0
2026-05-05,13.630000114440918,13.979999542236328,13.229999542236328,13.420000076293945,95319000,0.0,0.0
2026-05-06,13.350000381469727,13.539999961853027,13.010000228881836,13.1899995803833,121621400,0.0,0.0
2026-05-07,12.8100004196167,12.84000015258789,12.130000114440918,12.350000381469727,128043600,0.0,0.0
